Queries  : 12
Documents: 250
Total calls: 3000


=== What is the legal name of the pipeline operator to whom this Notice is addressed ===
  SKIP (too short): 12021057NOPV_PCO_10072021_(20-172138).pdf
  SKIP (too short): 12021065NOPV_NOPV_PCO_12102021_(20-172057).pdf
  12022023NOPV_PCO_03312022_(20-194651).pdf                in= 3175  out= 10  lat= 1.8s  ans="Wolverine Pipe Line Company"
  SKIP (too short): 12023022NOPV_PCO_04132023_(22-234207).pdf
  SKIP (too short): 12023028NOPV_PCO_05252023_(22-232998).pdf
  12023047NOPV_PCO_12042023_(22-233293).pdf                in= 4206  out=  9  lat= 1.0s  ans="ANR Pipeline Co."
  SKIP (too short): 12023050NOPV_PCO_09052023_(22-233356).pdf
  SKIP (too short): 12024001NOPV_PCO_03212024_(22-233343).pdf
  SKIP (too short): 12024003NOPV_PCP PCO_03282024_(23-266431).pdf
  SKIP (too short): 12024004NOPV_PCO_02152024_(22-233363).pdf
  12024018NOPV_PCO_08262024_(23-263980).pdf                in= 2267  out=  8  lat= 0.8s  ans="ANR Pipeline Company"
  12024039NOPV_PCO_11062024_(23-276594).pdf                in= 6290  out=  8  lat= 1.0s  ans="EQT Production Company"
  12024051NOPV_PCO_07052024_(24-297439).pdf                in= 2348  out=  8  lat= 0.9s  ans="ANR Pipeline Company"
  12025001NOPV_PCO_05302025_(23-265078).pdf                in= 5646  out=  9  lat= 1.0s  ans="Buckeye Partners, LP"
  12025006NOPV_PCO_05082025_(23-272518).pdf                in= 2235  out=  7  lat= 0.8s  ans="City of Richmond"
  12026002NOPV_PCO_01232026_(24-295891).pdf                in= 2180  out= 11  lat= 0.9s  ans="Kinder Morgan Liquid Terminals, LLC"
  12026003NOPV_PCO_02132026_(24-309719).pdf                in= 4125  out=  9  lat= 0.7s  ans="Buckeye Partners, LP"
  12026012NOPV_PCO_02062026_(25-329693).pdf                in= 2772  out= 12  lat= 0.7s  ans="Eastern Gas Transmission and Storage, Inc."
  12026015NOPV_PCO_02122026_(24-296051).pdf                in= 4147  out=  9  lat= 0.8s  ans="Columbia Gas Transmission LLC"
  12026022NOPV_PCO_02242026_(25-330072).pdf                in= 2336  out=  9  lat= 0.7s  ans="Cranberry Pipeline Corporation"
  12026032NOPV_PCO_02132026_ (25-330095).pdf               in= 2260  out=  8  lat= 0.9s  ans="ANR Pipeline Company"
  22023002NOPV_PCO_07282023_(21-202409).pdf                in= 2171  out=  9  lat= 0.7s  ans="Genesis Pipeline USA, LP"
  22023011NOPV_PCO_07282023_(21-202560).pdf                in= 5842  out= 10  lat= 1.0s  ans="Enmark Energy, Inc."
  22023013NOPV_PCP PCO_11162023_(21-224433).pdf            in= 9090  out= 11  lat= 1.1s  ans="Ferrellgas, L.P."
  22024001NOPV_PCP PCO_06272024_(24-304023).pdf            in= 4823  out=  9  lat= 0.8s  ans="Superior Refining Company LLC"
  22024011NOPV_PCP PCO (AMENDED)_07092024_(22-235530).pdf  in= 5086  out=  8  lat= 1.0s  ans="Colonial Pipeline Company"
  32021028NOPV_PCP PCO_11022021_(20-172212).pdf            in= 2590  out=  9  lat= 0.8s  ans="WRB Refining LP"
  32021043NOPV_PCP PCO_12072021_(20-179274).pdf            in= 7608  out= 11  lat= 1.0s  ans="Tallgrass Interstate Gas Transmission, LLC"
  32021045NOPV_PCP PCO_11052021_(20-172259).pdf            in= 2639  out= 11  lat= 0.8s  ans="Tallgrass Powder River Gateway, LLC"
  32021046NOPV_PCP PCO_11232021_(20-172259).pdf            in= 5939  out= 11  lat= 0.8s  ans="Tallgrass Pony Express Pipeline, LLC"
  32021051NOPV_PCP PCO_11102021_(21-200403).pdf            in= 5678  out=  8  lat= 1.0s  ans="BOE Midstream"
  32021059NOPV_PCP PCO_12302021_(21-200404).pdf            in= 5306  out=  8  lat= 0.8s  ans="Dakota Midstream"
  32021070NOPV_PCP PCO_12302021_(21-199716).pdf            in= 3152  out= 11  lat= 0.9s  ans="Summit Midstream Partners, LLC"
  32021073NOPV_PCP PCO_12222021_(20-173072).pdf            in= 3052  out= 11  lat= 0.8s  ans="Gulf South Pipeline Company, LLC"
  32021080NOPV_PCP PCO_12222021_(21-199715).pdf            in= 3397  out= 10  lat= 0.7s  ans="Caliber North Dakota, LLC"
  32021082NOPV_PCO_12012021_(20-172259).pdf                in= 2129  out= 11  lat= 0.8s  ans="Tallgrass Powder River Gateway, LLC"
  32021087NOPV_PCP PCO_12132021_(21-210505).pdf            in= 2345  out=  9  lat= 0.8s  ans="Rockies Express Pipeline LLC"
  32021088NOPV_PCO_11302021_(21-210503).pdf                in= 1788  out= 11  lat= 0.7s  ans="Tallgrass Powder River Gateway, LLC"
  32021089NOPV_PCP PCO_11302021_(21-210502).pdf            in= 2598  out= 11  lat= 0.8s  ans="Tallgrass Pony Express Pipeline, LLC"
  32022001NOPV_PCP PCO_08082022_(21-208610).pdf            in= 2022  out=  7  lat= 0.8s  ans="Continental Resources"
  32022006NOPV_PCP PCO_04182022_(21-200783).pdf            in= 3672  out= 11  lat= 0.8s  ans="OKTEX Pipeline Company, LLC"
  32022016NOPV_PCO_01072022_(20-187013).pdf                in= 2193  out= 10  lat= 0.7s  ans="Enbridge Energy, Limited Partnership"
  32022017NOPV_PCP PCO_01112022_(21-210504).pdf            in= 4542  out= 11  lat= 0.9s  ans="Tallgrass Interstate Gas Transmission, LLC"
  32022018NOPV_PCP PCO_01192022_(21-210993).pdf            in= 4975  out=  9  lat= 1.0s  ans="Tallgrass Energy, LP"
  32022024NOPV_PCO_03252022_(20-179518).pdf                in= 1698  out=  8  lat= 1.2s  ans="Tanks R Us"
  32022025NOPV_PCP PCO_10142022_(20-182827).pdf            in= 2314  out= 10  lat= 1.1s  ans="TC Oil Operations, Inc."
  32022026NOPV_PCP PCO_05052022_(20-173062).pdf            in= 7726  out=  8  lat= 0.8s  ans="Colonial Pipeline Company"
  32022033NOPV_PCP PCO_03172022_(21-203212).pdf            in= 2815  out= 10  lat= 0.9s  ans="Spire Missouri Inc. East"
  32022037NOPV_PCP PCO_03012022_(21-201004).pdf            in= 2994  out= 11  lat= 0.8s  ans="Navajo Nation Oil and Gas"
  32022040NOPV_PCO_02172022_(20-179276).pdf                in= 2903  out=  9  lat= 0.7s  ans="Tallgrass Energy, LP"
  32022045NOPV_PCP PCO_04282022_(21-201001).pdf            in= 3029  out= 12  lat= 0.9s  ans="Southern Star Central Gas Pipeline, Inc."
  32022047NOPV_PCP PCO_05122022_(21-201425).pdf            in= 4625  out= 12  lat= 1.0s  ans="DTE Midstream Appalachia, LLC"
  32022052NOPV_PCP PCO_11102022_(21-207738).pdf            in= 4310  out= 11  lat= 1.0s  ans="Magellan Midstream Partners, LP"
  32022053NOPV_PCP PCO_08222022_(21-210151).pdf            in= 4063  out= 11  lat= 0.7s  ans="Gulf South Pipeline Company, LLC"
  32022055NOPV_PCO_11082022_(21-209703).pdf                in= 1797  out= 11  lat= 1.1s  ans="NST Transload Operating Company, LLC"
  32022056NOPV_PCP PCO_11082022_(21-209703).pdf            in= 3399  out=  8  lat= 0.7s  ans="NST Express, LLC"
  32022058NOPV_PCP PCO (AMENDED)_09142022_(22-242811).pdf  in= 4848  out= 14  lat= 0.9s  ans="Coffeyville Resources Crude Transportation, LLC"
  32022061NOPV_PCP PCO_12222022_(21-201318).pdf            in= 3629  out= 11  lat= 0.9s  ans="Algonquin Gas Transmission, LLC"
  32022062NOPV_PCO_09142022_(21-202559).pdf                in= 2086  out=  8  lat= 0.8s  ans="Explorer Pipeline Co."
  32022069NOPV_PCO_11292022_(22-233904).pdf                in=  469  out= 10  lat= 0.7s  ans="Spire Missouri Inc. East"
  32023002NOPV_PCP PCO_01182023_(21-202836).pdf            in= 2622  out= 12  lat= 1.0s  ans="Southern Star Central Gas Pipeline, Inc."
  32023005NOPV_PCP PCO_01252023_(22-261675).pdf            in= 3961  out= 12  lat= 1.0s  ans="NuStar Pipeline Operating Partnership L.P."
  32023006NOPV_PCP PCO_05042023_(22-235672).pdf            in= 2367  out= 14  lat= 0.7s  ans="Coffeyville Resources Crude Transportation, LLC"
  32023008NOPV_PCP PCO_06022023_(21-207275).pdf            in= 3715  out= 14  lat= 0.8s  ans="Coffeyville Resources Crude Transportation, LLC"
  32023011NOPV_PCP PCO_09122023_(22-233376).pdf            in= 2304  out= 11  lat= 1.0s  ans="Enbridge Energy, L.P."
  32023014NOPV_PCP PCO_07272023_(22-250434).pdf            in= 4465  out= 11  lat= 0.8s  ans="Boardwalk Petrochemical Pipeline, LLC"
  32023016NOPV_PCP PCO_09082023_(22-238055).pdf            in= 5156  out=  6  lat= 0.9s  ans="Tallgrass"
  32023020NOPV_PCP PCO_08112023_(22-237273).pdf            in= 3488  out= 11  lat= 0.7s  ans="Boardwalk Petrochemical Pipeline, LLC"
  32023021NOPV_PCP PCO_09182023_(22-245404).pdf            in= 4109  out=  9  lat= 0.8s  ans="Gary Climate Solutions, LLC"
  32023022NOPV_PCP PCO_08242023_(22-234357).pdf            in= 4090  out= 11  lat= 0.8s  ans="Magellan Midstream Partners, LP"
  32023026NOPV_PCP PCO_09082023_(22-240208).pdf            in= 6056  out=  9  lat= 1.1s  ans="Magellan Pipeline, LLC"
  32023033NOPV_PCO_11272023_(22-234926).pdf                in= 2114  out=  9  lat= 0.8s  ans="Texas Eastern Transmission, LP"
  32024001NOPV_PCO_12192024_(24-297350).pdf                in= 1467  out= 10  lat= 1.0s  ans="St Louis Pipeline Operating, LLC"
  32024004NOPV_PCP PCO_03012024_(22-240209).pdf            in= 7052  out= 10  lat= 1.6s  ans="Pembina Cochin, LLC"
  32024007NOPV_PCO_01182024_(22-234928).pdf                in= 2612  out= 10  lat= 0.7s  ans="East Tennessee Natural Gas, LLC"
  32024008NOPV_PCP PCO_10252024_(22-237074).pdf            in= 5281  out= 13  lat= 0.8s  ans="NuStar Pipeline Operating Partnership, L.P."
  32024011NOPV_PCO_02062024_(23-264235).pdf                in= 2474  out=  8  lat= 0.7s  ans="Northern Natural Gas Company"
  32024012NOPV_PCP PCO_02062024_(23-264235).pdf            in= 3505  out=  8  lat= 1.6s  ans="Northern Natural Gas Company"
  32024016NOPV_PCO_02132024_(23-264316).pdf                in= 1384  out= 16  lat= 1.0s  ans="Enbridge Pipelines (Southern Lights), L.L.C."
  32024019NOPV_PCO_03042024_(22-233359).pdf                in= 1298  out= 10  lat= 0.8s  ans="Grayson Mill Operating, LLC"
  32024020NOPV_PCP PCO_06132024_(21-199489).pdf            in= 7671  out=  7  lat= 0.9s  ans="Energy Transfer Company"
  32024022NOPV_PCP PCO_05082024_(23-268060).pdf            in= 3988  out= 11  lat= 0.7s  ans="NGL Supply Terminal Company, LLC"
  32024028NOPV_PCO_12302024_(22-235481).pdf                in= 2805  out= 10  lat= 0.8s  ans="Flint Hills Resources, LLC"
  32024030NOPV_PCO_06032024_(23-264637).pdf                in= 2485  out=  5  lat= 0.8s  ans="Alliance"
  32024035NOPV_PCO_04152024_(23-270170).pdf                in= 2182  out=  9  lat= 0.8s  ans="Tallgrass Energy, LP"
  32024036NOPV_PCP PCO_06282024_(23-264742).pdf            in= 3294  out=  6  lat= 1.0s  ans="DGC"
  32024038NOPV_PCP PCO_05312024_(22-233382).pdf            in= 3689  out= 14  lat= 0.9s  ans="Zenith Energy Terminals Joliet Holdings, LLC"
  32024040NOPV_PCP PCO_09062024_(23-264452).pdf            in= 5190  out=  9  lat= 0.9s  ans="Tallgrass Energy, LP"
  32024042NOPV_PCO_06032024_(23-264638).pdf                in= 2082  out= 10  lat= 0.7s  ans="Pembina Cochin, LLC"
  32024044NOPV_PCP PCO_04182024_(23-265891).pdf            in= 3097  out= 10  lat= 0.7s  ans="Centra Pipeline Minnesota Inc."
  32024045NOPV_PCP PCO_05102024_(23-264643).pdf            in= 4116  out= 12  lat= 0.8s  ans="Enbridge Storage (Cushing), LLC"
  32024049NOPV_PCP PCO_07022024_(23-264476).pdf            in= 3089  out= 11  lat= 1.0s  ans="Ferrellgas, L.P."
  32024050NOPV_PCP PCO_08282024_(23-264059).pdf            in= 3236  out=  9  lat= 0.8s  ans="ONEOK, Inc."
  32024052NOPV_PCP PCO_07032024_(24-305436).pdf            in= 3082  out= 11  lat= 1.0s  ans="Magellan Pipeline Company, LP."
  32024053NOPV_PCO_12122024_(22-233381).pdf                in= 2305  out=  9  lat= 0.7s  ans="Aux Sable Liquid Products"
  32024054NOPV_PCO_08232024_(23-264382).pdf                in= 2117  out= 15  lat= 0.8s  ans="East Cheyenne Gas Storage, LLC (ECGS)"
  32024056NOPV_PCP PCO_10252024_(23-264602).pdf            in= 4494  out= 10  lat= 0.8s  ans="Express Holdings (USA), LLC"
  32024058NOPV_PCO_12042024_(23-264827).pdf                in= 2167  out=  8  lat= 0.9s  ans="BP Oil Pipeline Company"
  32024062NOPV_PCP PCO_11212024_(23-266139).pdf            in= 1894  out=  9  lat= 0.9s  ans="Texas Gas Transmission, LLC"
  32024066NOPV_PCP PCO_08222024_(23-282184).pdf            in= 2784  out= 10  lat= 0.8s  ans="Boardwalk Pipelines, LP"
  32024069NOPV_PCP PCO_11142024_(23-264601).pdf            in= 2772  out=  8  lat= 1.0s  ans="Northern Natural Gas Company"
  32024071NOPV_PCP PCO_11142024_(23-264063).pdf            in= 2672  out= 10  lat= 0.7s  ans="Pembina Cochin, LLC"
  32025003NOPV_PCP PCO_01162025_(23-264381).pdf            in= 4009  out= 10  lat= 0.8s  ans="Spire STL Pipeline, LLC"
  32025004NOPV_PCO_05052025_(23-264480).pdf                in= 3475  out=  8  lat= 1.0s  ans="Lakes Gas Company"
  32025006NOPV_PCP PCO_08182025_(23-264820).pdf            in= 4038  out=  9  lat= 1.0s  ans="Texas Gas Transmission, LLC"
  32025007NOPV_PCP PCO_06252025_(23-264832).pdf            in= 6325  out= 10  lat= 1.0s  ans="Viking Gas Transmission Co."
  32025008NOPV_PCP PCO_06162025_(23-264835).pdf            in= 3701  out= 10  lat= 0.8s  ans="Tallgrass Energy Partners, LP"
  32025022NOPV_PCO_07182025_(24-297198).pdf                in= 5620  out= 12  lat= 0.9s  ans="CountryMark Refining and Logistics, LLC"
  32025024NOPV_PCO_11062025_(24-297583).pdf                in= 4761  out=  9  lat= 0.8s  ans="Black Bear Transmission, LLC"
  32025027NOPV_PCO_07012025_(24-299195).pdf                in= 2540  out=  9  lat= 1.4s  ans="Texas Eastern Transmission, LP"
  32025029NOPV_PCO_08152025_(24-297350).pdf                in= 3460  out= 11  lat= 0.8s  ans="St. Louis Pipeline Operating, LLC"
  32026004NOPV_PCO_02032026_(25-330822).pdf                in= 3013  out= 10  lat= 0.9s  ans="Spire STL Pipeline, LLC"
  42021001NOPV_PCO_10042021_(20-172501).pdf                in= 3621  out=  9  lat= 0.9s  ans="Enable Gas Transmission, LLC"
  42021008NOPV_PCO_11152021_(20-172587).pdf                in= 2747  out= 11  lat= 1.0s  ans="Oryx Delaware Oil Transport LLC"
  42021010NOPV_PCO_10272021_(20-172682).pdf                in= 3086  out= 10  lat= 0.9s  ans="Western Refining Logistics, LP"
  42021011NOPV_PCO_11022021_(20-172601).pdf                in= 4138  out= 14  lat= 0.9s  ans="Holly Energy Partners - Operating, L.P."
  42021022NOPV_PCO_09232021_(20-186120).pdf                in= 2081  out= 12  lat= 1.2s  ans="Sabine Pass LNG, L.P."
  42021027NOPV_PCO_08182021_(20-172515).pdf                in= 2993  out= 10  lat= 0.9s  ans="Delfin Offshore Pipeline LLC"
  42021033NOPV_PCO_09232021_(21-220612).pdf                in= 1647  out= 10  lat= 0.7s  ans="Northstar Offshore Ventures, LLC"
  42021034NOPV_PCP PCO_12212021_(20-183709).pdf            in= 3577  out= 11  lat= 0.8s  ans="Texas Eastern Transmission, L.P."
  42021039NOPV_PCO_11232021_(20-178576).pdf                in= 2551  out= 11  lat= 0.9s  ans="Valero Partners Operating Co. LLC"
  42021047NOPV_PCO_10212021_(21-202129).pdf                in= 2662  out=  9  lat= 0.8s  ans="Enable Gas Transmission, LLC"
  42021057NOPV_PCO_11012021_(21-200343).pdf                in= 2813  out= 10  lat= 1.0s  ans="Midship Pipeline Company, LLC"
  42022001NOPV_PCO_08042022_(21-210603).pdf                in= 1725  out= 10  lat= 1.3s  ans="Enterprise Crude Pipeline, LLC"
  42022007NOPV_PCP PCO_02112022_(21-230161).pdf            in= 3862  out= 12  lat= 0.7s  ans="Kinetica Deepwater Express, LLC"
  42022009NOPV_PCP PCO_01212022_(21-199753).pdf            in= 3439  out=  8  lat= 0.7s  ans="DCP Midstream"
  42022015NOPV_PCO_02232021_(21-500287).pdf                in= 2419  out= 10  lat= 0.7s  ans="Monarch Oil Pipeline, LLC"
  42022018NOPV_PCO_02142022_(21-207285).pdf                in= 2739  out= 10  lat= 0.9s  ans="Eagle US 2 LLC"
  42022025NOPV_PCO_02102022_(21-209144).pdf                in= 2630  out=  8  lat= 0.9s  ans="Chattanooga Gas Company"
  42022026NOPV_PCO_01262022_(21-209158).pdf                in= 3973  out= 10  lat= 1.0s  ans="East Tennessee Natural Gas, LLC"
  42022028NOPV_PCO_04082022_(21-199241).pdf                in= 2462  out=  9  lat= 1.1s  ans="Genesis Offshore Holdings, LLC"
  42022039NOPV_PCP PCO_06172022_(21-203269).pdf            in= 2619  out= 13  lat= 0.7s  ans="Williams Field Services - Gulf Coast Company, LP"
  42022041NOPV_PCO_08052022_(21-199244).pdf                in= 3392  out= 10  lat= 1.0s  ans="Denbury Onshore, LLC"
  42022046NOPV_PCO_08052022_(22-250946).pdf                in= 2763  out=  9  lat= 0.7s  ans="Permian Express Partners LLC"
  42022047NOPV_PCO_08032022_(21-199242).pdf                in= 3452  out= 10  lat= 0.9s  ans="Enable Mississippi River Transmission, LLC"
  42022061NOPV_PCO_10312022_(22-233712).pdf                in= 3169  out= 11  lat= 0.9s  ans="Breitburn Operating L.P."
  42022062NOPV_PCO_12142022_(22-234365).pdf                in= 4719  out=  9  lat= 0.9s  ans="Enterprise Products Operating, LLC"
  42023006NOPV_PCP PCO_05082023_(21-231718).pdf            in= 2713  out=  7  lat= 0.9s  ans="Interior Gas Utility"
  42023009NOPV_PCO_01132023_(22-232746).pdf                in= 1822  out=  8  lat= 0.8s  ans="UCAR Pipeline Incorporated"
  42023010NOPV_PCP PCO_06022023_(22-232749).pdf            in= 3188  out=  9  lat= 0.7s  ans="Shell Pipeline Company, LP"
  42023016NOPV_PCO_01312023_(21-199998).pdf                in= 2351  out= 11  lat= 0.8s  ans="Denbury Green Pipeline Texas, LLC"
  42023017NOPV_PCO_01312023_(21-199998).pdf                in= 2973  out= 11  lat= 0.9s  ans="Denbury Gulf Coast Pipeline, LLC"
  42023031NOPV_PCO_04202023_(22-242818).pdf                in= 2409  out= 11  lat= 1.0s  ans="Valero Terminaling and Distribution Company"
  42023033NOPV_PCO_04212023_(22-249322).pdf                in= 3893  out= 10  lat= 0.8s  ans="Cove Point LNG, LP"
  42023039NOPV_PCO_05112023_(22-234780).pdf                in= 1928  out=  7  lat= 0.9s  ans="Bravo Pipeline Company"
  42023042NOPV_PCO_05232023_(22-235632).pdf                in= 2021  out=  9  lat= 0.7s  ans="Enable Mississippi River Transmission LLC"
  42023044NOPV_PCO_05042023_(22-234487).pdf                in= 2722  out=  9  lat= 0.9s  ans="Targa Downstream LLC"
  42023045NOPV_PCO_05112023_(22-232770).pdf                in= 2306  out=  8  lat= 0.8s  ans="Enterprise Products Operating LLC"
  42023047NOPV_PCO_10182023_(22-241127).pdf                in= 2570  out=  9  lat= 0.8s  ans="Enable Gas Transmission, LLC"
  42023052NOPV_PCO_10162023_(22-235649).pdf                in= 3520  out=  9  lat= 0.8s  ans="Panhandle Eastern Pipeline Company"
  42023053NOPV_PCO_06132023_(21-227138).pdf                in= 1554  out=  9  lat= 0.7s  ans="Navigator Borger Express LLC"
  42023057NOPV_PCO_11162023_(21-209415).pdf                in= 2389  out= 11  lat= 0.9s  ans="Crowley LNG Puerto Rico, LLC"
  42024014NOPV_PCO_01302024_(21-217155).pdf                in= 1905  out= 10  lat= 1.0s  ans="Rosefield Operating Company, LLC"
  42024015NOPV_PCP PCO_03252024_(22-232769).pdf            in= 4019  out= 13  lat= 0.8s  ans="Sunoco Pipeline LP, an Energy Transfer Partnership"
  42024020NOPV_PCP PCO_11192024_(21-207841).pdf            in= 2888  out= 14  lat= 1.0s  ans="Summit Midstream Permian 2, LLC"
  42024022NOPV_PCO_03202024_(23-264818).pdf                in= 2262  out= 15  lat= 1.0s  ans="Cheniere Creole Trail Pipeline, L.P."
  42024024NOPV_PCO_05022024_(23-264209).pdf                in= 3150  out=  9  lat= 1.1s  ans="Enterprise Products Operating, LLC"
  42024027NOPV_PCO_05312024_(23-266081).pdf                in= 3436  out=  9  lat= 1.1s  ans="Sunoco Pipeline, LP"
  42024034NOPV_PCO_08272024_(24-299840).pdf                in= 2801  out=  9  lat= 0.8s  ans="Columbia Gas Transmission LLC"
  42024036NOPV_PCO_10222024_(23-264819).pdf                in= 4793  out= 11  lat= 1.7s  ans="ONEOK NGL Pipeline, LLC"
  42024037NOPV_PCP PCO_10042024_(23-267490).pdf            in= 5425  out= 10  lat= 1.4s  ans="Transwestern Pipeline Company, LLC"
  42024042NOPV_PCO_08292024_(23-267234).pdf                in= 2044  out=  8  lat= 3.3s  ans="Eagle LNG Partners"
  42024045NOPV_PCO_10212024_(23-266145).pdf                in= 2721  out= 10  lat= 1.2s  ans="Air Products & Chemicals Inc."
  42024046NOPV_PCO_08292024_(23-267231).pdf                in= 3150  out=  7  lat= 1.0s  ans="Interior Gas Utility"
  42024047NOPV_PCO_10222024_(23-267237).pdf                in= 1968  out= 13  lat= 1.0s  ans="Venture Global Calcasieu Pass, LLC"
  42024048NOPV_PCO_10222024_(23-264726).pdf                in= 2862  out= 10  lat= 0.9s  ans="Targa Resources Operating, LLC"
  42024052NOPV_PCO_10302024_(24-297498).pdf                in= 2319  out= 10  lat= 1.0s  ans="Navigator Borger Express, LLC"
  42025002NOPV_PCO_05152025_(24-296561).pdf                in= 2816  out= 10  lat= 1.0s  ans="Valero Terminal and Distribution Company"
  42025007NOPV_PCO_10012025_(24-301886).pdf                in= 2618  out= 10  lat= 0.9s  ans="UGI Energy Services, LLC"
  42025012NOPV_PCP PCO_12312025_(23-292329).pdf            in=12992  out= 10  lat= 1.1s  ans="Panther Operating Company, LLC"
  42025021NOPV_PCO_01082025_(23-266712).pdf                in= 2419  out= 10  lat= 1.0s  ans="Sinclair Transportation Company, LLC"
  42025029NOPV_PCO_05082025_(24-296566).pdf                in= 2260  out=  9  lat= 1.1s  ans="ExxonMobil Production Company"
  42025031NOPV_PCO_12222025_(24-296702).pdf                in= 3336  out=  9  lat= 1.7s  ans="Holly Energy Partners LP"
  42025034NOPV_PCO_12222025_(24-296704).pdf                in= 3037  out= 10  lat= 1.0s  ans="Holly Energy Partners, LP"
  42025035NOPV_PCP PCO_12232025_(24-305809).pdf            in= 2904  out=  9  lat= 0.9s  ans="Panhandle Eastern Pipeline Company"
  42025039NOPV_PCO_07032025_(24-298760).pdf                in= 2327  out= 10  lat= 0.8s  ans="East Tennessee Natural Gas, LLC"
  42025040NOPV_PCO_08282025_(24-308458).pdf                in= 2657  out= 10  lat= 0.7s  ans="Niagara Mohawk Power Corporation"
  42025043NOPV_PCO_11252025_(24-296703).pdf                in= 3449  out= 10  lat= 1.0s  ans="Holly Energy Partners, LP"
  42025047NOPV_PCO_08202025_(24-296558).pdf                in= 2216  out= 10  lat= 0.8s  ans="EnLink Processing Services, LLC"
  42025049NOPV_PCO_07102025_(24-296979).pdf                in= 2156  out=  8  lat= 0.9s  ans="Energy Transfer, LP"
  42025056NOPV_PCP PCO_08292025_(24-296556).pdf            in= 4555  out= 11  lat= 0.8s  ans="DCP Midstream Partners, LP"
  42025060NOPV_PCO_11042025_(24-296536).pdf                in= 2421  out= 13  lat= 0.7s  ans="Equion Enterprises, LLC DBA Shell Oil Products"
  42026004NOPV_PCO_02112026_(25-329817).pdf                in= 1981  out= 11  lat= 1.0s  ans="Valero Terminaling and Distribution Company"
  42026012NOPV_PCP PCO_02122026_(23-266706).pdf            in= 2798  out=  7  lat= 0.7s  ans="Navigator Energy Services"
  42026013NOPV_PCP PCO_02182026_(23-266740).pdf            in= 4085  out= 10  lat= 1.0s  ans="Florida Gas Transmission Co., LLC"
  42026023NOPV_PCO_02122026_(25-329815).pdf                in= 2496  out=  9  lat= 0.9s  ans="Chesapeake Utilities Corporation"
  52021031NOPV_PCP PCO_08112021_(21-208158).pdf            in= 5362  out=  9  lat= 0.8s  ans="Wyoming Refining Company"
  52021037NOPV_PCO_09172021_(21-201448).pdf                in= 2392  out= 12  lat= 1.1s  ans="City of Glendale, Glendale Water & Power"
  52021051NOPV_PCO_10152021_(20-173120).pdf                in= 2097  out=  8  lat= 0.7s  ans="City of Victorville"
  52021057NOPV_PCO_12202021_(21-199974).pdf                in= 1904  out= 13  lat= 0.8s  ans="Freeport-McMoRan Oil & Gas"
  52022002NOPV_PCO_03302022_(21-199723).pdf                in= 3218  out=  8  lat= 0.8s  ans="Harvest Alaska, LLC"
  52022006NOPV_PCO_09072022_(21-213178).pdf                in= 3682  out= 11  lat= 0.8s  ans="Hilcorp North Slope, LLC"
  52022008NOPV_PCO_07182022_(20-191036).pdf                in= 4396  out=  7  lat= 0.8s  ans="Interior Gas Utility"
  52022019NOPV_PCO_03072022_(21-201443).pdf                in= 2258  out= 10  lat= 0.9s  ans="Western Midstream Partners, LP"
  52022021NOPV_PCO_06152022_(21-201441).pdf                in= 2408  out=  9  lat= 0.8s  ans="Scm Pr, LLC"
  52022023NOPV_PCO_04272022_(21-218958).pdf                in= 3401  out=  7  lat= 0.9s  ans="Island Energy Service"
  52022024NOPV_PCO_04272022_(21-218959).pdf                in= 2751  out=  7  lat= 0.6s  ans="Signature Flight Support"
  52022028NOPV_PCO_09072022_(21-201439).pdf                in= 3279  out= 11  lat= 0.8s  ans="Eni US Operating Co., Inc"
  52022037NOPV_PCP PCO_04272022_(22-236002).pdf            in= 2862  out= 11  lat= 0.7s  ans="Los Angeles Department of Water and Power"
  52022038NOPV_PCO_04122022_(21-219857).pdf                in= 2169  out=  9  lat= 0.7s  ans="FDL Operating, LLC"
  52022041NOPV_PCO_05092022_(21-219864).pdf                in= 2847  out= 10  lat= 0.8s  ans="Beacon West Energy Group, LLC"
  52022042NOPV_PCO_05132022_(21-214526).pdf                in= 2111  out=  8  lat= 0.9s  ans="SFPP, LP"
  52022050NOPV_PCO_12192022_(22-232643).pdf                in= 2890  out=  9  lat= 0.8s  ans="Mountain West Pipeline, LLC"
  52022052NOPV_PCO_12012022_(22-232653).pdf                in= 1985  out=  7  lat= 0.8s  ans="Elevation Midstream"
  52023003NOPV_PCP PCO_04112023_(22-236099).pdf            in= 2286  out=  8  lat= 0.9s  ans="Kinder Morgan, LLC"
  52023009NOPV_PCP PCO_03012023_(21-217219).pdf            in= 5148  out=  7  lat= 0.8s  ans="Interior Gas Utility"
  52023011NOPV_PCP PCO_04062023_(21-225379).pdf            in=13826  out=  6  lat= 1.0s  ans="Beta Offshore"
  52023012NOPV_PCO_03012023_(22-251101).pdf                in= 4264  out=  8  lat= 1.0s  ans="Menzies Aviation"
  52023016NOPV_PCO_03242023_(21-207466).pdf                in= 3666  out= 10  lat= 0.9s  ans="Norgasco, Inc."
  52023019NOPV_PCP PCO_12272023_(22-236528).pdf            in= 8217  out= 12  lat= 1.0s  ans="Eni US Operating Co., Inc."
  52023021NOPV_PCO_02062023_(22-239515).pdf                in= 2161  out= 12  lat= 0.8s  ans="Calumet Montana Refining, LLC"
  52023025NOPV_PCP PCO_04062023_(21-200502).pdf            in= 3539  out=  9  lat= 0.9s  ans="Amplify Energy Corp."
  52023027NOPV_PCO_01192023_(22-232634).pdf                in= 2106  out=  9  lat= 0.7s  ans="NAFTEX Operating Company"
  52023029NOPV_PCP PCO_06222023_(22-251181).pdf            in= 7928  out= 10  lat= 1.0s  ans="AmeriGas Propane LP"
  52023030NOPV_PCO_04172023_(21-200923).pdf                in= 1515  out=  8  lat= 0.9s  ans="SFPP, LP"
  52023031NOPV_PCP PCO_10112023_(22-232626).pdf            in= 5705  out= 13  lat= 1.1s  ans="Freeport-McMoRan Oil & Gas"
  52023033NOPV_PCO_07192023_(22-239213).pdf                in= 2833  out= 12  lat= 0.9s  ans="Black Hills Shoshone Pipeline, LLC"
  52023035NOPV_PCO_10252023_(22-239214).pdf                in= 2734  out=  7  lat= 1.0s  ans="Contango Resources"
  52023037NOPV_PCP PCO_09182023_(22-232625).pdf            in= 4676  out=  8  lat= 1.0s  ans="DCOR, LLC"
  52023039NOPV_PCO_11022023_(22-254201).pdf                in= 5107  out= 10  lat= 0.8s  ans="North Slope Borough Energy Management"
  52023040NOPV_PCO_07262023_(23-264043).pdf                in= 1993  out= 10  lat= 0.8s  ans="E&B Natural Resources Management Corp"
  52023042NOPV_PCO_12262023_(22-232644).pdf                in= 2924  out=  9  lat= 0.7s  ans="Amplify Energy Corp."
  52023043NOPV_PCO_10252023_(22-239216).pdf                in= 3424  out= 10  lat= 0.8s  ans="PAR Hawaii Refining, LLC"
  52023046NOPV_PCP PCO_12272023_(22-257275).pdf            in=12819  out= 13  lat= 1.1s  ans="Barrow Utilities and Electric Cooperative, Inc."
  52023048NOPV_PCO_11022023_(22-239215).pdf                in= 2732  out= 10  lat= 0.7s  ans="Clear Creek Storage Company, LLC"
  52023052NOPV_PCO_10272023_(22-246104).pdf                in= 1871  out=  8  lat= 0.9s  ans="City of Palo Alto"
  52023054NOPV_PCO_08212023_(23-264167).pdf                in= 3601  out=  9  lat= 0.9s  ans="Tres Palacios Holdings LLC"
  52024001NOPV_PCO_12122024_(24-297227).pdf                in= 2872  out=  6  lat= 0.9s  ans="Par Hawaii"
  52024002NOPV_PCP PCO_01292024_22-258385.pdf              in= 4061  out=  8  lat= 0.7s  ans="Town of Walden"
  52024003NOPV_PCP PCO_05222024_(22-232568).pdf            in= 4074  out=  8  lat= 0.8s  ans="Idaho Pipeline Corporation"
  52024009NOPV_PCO_ 03042024_(22-239217).pdf               in= 2140  out=  9  lat= 0.7s  ans="Midway Sunset Generation Company"
  52024010NOPV_PCO_01102024_(23-264168).pdf                in= 2789  out= 10  lat= 0.9s  ans="Phillips 66 Pipeline LLC"
  52024011NOPV_PCO_02232024_(23-264348).pdf                in= 3924  out=  7  lat= 0.9s  ans="DCOR LLC"
  52024015NOPV_PCO_04152024_(23-264582).pdf                in= 6307  out=  7  lat= 1.0s  ans="Xcel Energy"
  52024016NOPV_PCO_05232024_(23-264378).pdf                in= 6425  out=  8  lat= 1.0s  ans="Alaska Pipeline Company"
  52024023NOPV_PCP PCO_08232024_(23-264166).pdf            in= 3539  out=  9  lat= 0.8s  ans="Spire Storage West LLC"
  52024026NOPV_PCO_12102024_(23-265653).pdf                in= 6343  out=  8  lat= 0.9s  ans="NRG Energy Services"
  52024039NOPV_PCO_12062024_(24-297378).pdf                in= 1960  out= 13  lat= 0.9s  ans="TransMontaigne Operating Company L.P."
  52024040NOPV_PCO_11182024_(24-297214).pdf                in= 2965  out= 12  lat= 0.8s  ans="Seaport Midstream Partners, LLC."
  52024041NOPV_PCO_12182024_(24-295915).pdf                in= 3198  out=  9  lat= 0.7s  ans="ConocoPhillips Alaska"
  52025006NOPV_PCP PCO_07302025_(24-296481).pdf            in= 2594  out= 11  lat= 0.6s  ans="Twin Eagle Midstream Assets, LLC"
  52025010NOPV_PCO_04252025_(24-298502).pdf                in= 6827  out= 11  lat= 0.9s  ans="Alyeska Pipeline Service Company"
  52025011NOPV_PCO_05022025_(24-305759).pdf                in= 2874  out=  7  lat= 0.9s  ans="Interior Gas Utility"
  52025014NOPV_PCO_05022025_(24-297328).pdf                in= 3069  out=  8  lat= 1.0s  ans="Chevron Pipeline Co."
  52025023NOPV_PCP PCO_10022025_(25-329886).pdf            in= 5539  out= 11  lat= 0.7s  ans="Alyeska Pipeline Service Company"
  52025026NOPV_PCO_07292025_(24-297246).pdf                in= 2276  out= 10  lat= 0.7s  ans="Westgas Interstate, Inc."
  52025028NOPV_PCP PCO_11172025_(24-298503).pdf            in= 3615  out=  8  lat= 1.0s  ans="SFPP, LP"
  52025033NOPV_PCO_11212025_(24-297332).pdf                in= 3340  out=  8  lat= 1.2s  ans="CPN Pipeline Company"
  52025039NOPV_PCO_12082025_(24-296470).pdf                in= 3957  out= 10  lat= 0.7s  ans="WBI Energy Transmission Inc."
  52026002NOPV_PCO_01222026_(25-331927).pdf                in= 5919  out= 10  lat= 0.8s  ans="Tallgrass Interstate Gas Transmission LLC"

=== What is the CPF case number assigned to this enforcement action? ===
  SKIP (too short): 12021057NOPV_PCO_10072021_(20-172138).pdf
  SKIP (too short): 12021065NOPV_NOPV_PCO_12102021_(20-172057).pdf
  12022023NOPV_PCO_03312022_(20-194651).pdf                in= 3171  out= 15  lat= 0.8s  ans="CPF 1-2022-023-NOPV"
  SKIP (too short): 12023022NOPV_PCO_04132023_(22-234207).pdf
  SKIP (too short): 12023028NOPV_PCO_05252023_(22-232998).pdf
  12023047NOPV_PCO_12042023_(22-233293).pdf                in= 4202  out= 15  lat= 0.8s  ans="CPF 1-2023-047-NOPV"
  SKIP (too short): 12023050NOPV_PCO_09052023_(22-233356).pdf
  SKIP (too short): 12024001NOPV_PCO_03212024_(22-233343).pdf
  SKIP (too short): 12024003NOPV_PCP PCO_03282024_(23-266431).pdf
  SKIP (too short): 12024004NOPV_PCO_02152024_(22-233363).pdf
  12024018NOPV_PCO_08262024_(23-263980).pdf                in= 2263  out= 15  lat= 0.7s  ans="CPF 1-2024-018-NOPV"
  12024039NOPV_PCO_11062024_(23-276594).pdf                in= 6286  out= 15  lat= 0.7s  ans="CPF 1-2024-039-NOPV"
  12024051NOPV_PCO_07052024_(24-297439).pdf                in= 2344  out= 15  lat= 0.8s  ans="CPF 1-2024-051-NOPV"
  12025001NOPV_PCO_05302025_(23-265078).pdf                in= 5642  out= 15  lat= 1.0s  ans="CPF 1-2025-001-NOPV"
  12025006NOPV_PCO_05082025_(23-272518).pdf                in= 2231  out= 15  lat= 0.6s  ans="CPF 1-2025-006-NOPV"
  12026002NOPV_PCO_01232026_(24-295891).pdf                in= 2176  out= 15  lat= 0.8s  ans="CPF 1-2026-002-NOPV"
  12026003NOPV_PCO_02132026_(24-309719).pdf                in= 4121  out= 15  lat= 0.7s  ans="CPF 1-2026-003-NOPV"
  12026012NOPV_PCO_02062026_(25-329693).pdf                in= 2768  out= 15  lat= 0.9s  ans="CPF 1-2026-012-NOPV"
  12026015NOPV_PCO_02122026_(24-296051).pdf                in= 4143  out= 15  lat= 0.7s  ans="CPF 1-2026-015-NOPV"
  12026022NOPV_PCO_02242026_(25-330072).pdf                in= 2332  out= 15  lat= 0.8s  ans="CPF 1-2026-022-NOPV"
  12026032NOPV_PCO_02132026_ (25-330095).pdf               in= 2256  out= 15  lat= 0.7s  ans="CPF 1-2026-032-NOPV"
  22023002NOPV_PCO_07282023_(21-202409).pdf                in= 2167  out= 15  lat= 0.8s  ans="CPF 2-2023-002-NOPV"
  22023011NOPV_PCO_07282023_(21-202560).pdf                in= 5838  out= 15  lat= 0.9s  ans="CPF 2-2023-011-NOPV"
  22023013NOPV_PCP PCO_11162023_(21-224433).pdf            in= 9086  out= 15  lat= 0.9s  ans="CPF 2-2023-013-NOPV"
  22024001NOPV_PCP PCO_06272024_(24-304023).pdf            in= 4819  out= 15  lat= 1.0s  ans="CPF 2-2024-001-NOPV"
  22024011NOPV_PCP PCO (AMENDED)_07092024_(22-235530).pdf  in= 5082  out= 15  lat= 0.8s  ans="CPF 2-2024-011-NOPV"
  32021028NOPV_PCP PCO_11022021_(20-172212).pdf            in= 2586  out= 15  lat= 0.7s  ans="CPF 3-2021-028-NOPV"
  32021043NOPV_PCP PCO_12072021_(20-179274).pdf            in= 7604  out= 15  lat= 1.4s  ans="CPF 3-2021-043-NOPV"
  32021045NOPV_PCP PCO_11052021_(20-172259).pdf            in= 2635  out= 15  lat= 0.8s  ans="CPF 3-2021-045-NOPV"
  32021046NOPV_PCP PCO_11232021_(20-172259).pdf            in= 5935  out= 15  lat= 0.9s  ans="CPF 3-2021-046-NOPV"
  32021051NOPV_PCP PCO_11102021_(21-200403).pdf            in= 5674  out= 15  lat= 0.7s  ans="CPF 3-2021-051-NOPV"
  32021059NOPV_PCP PCO_12302021_(21-200404).pdf            in= 5302  out= 15  lat= 0.7s  ans="CPF 3-2021-059-NOPV"
  32021070NOPV_PCP PCO_12302021_(21-199716).pdf            in= 3148  out= 15  lat= 0.9s  ans="CPF 3-2021-070-NOPV"
  32021073NOPV_PCP PCO_12222021_(20-173072).pdf            in= 3048  out= 15  lat= 0.8s  ans="CPF 3-2021-073-NOPV"
  32021080NOPV_PCP PCO_12222021_(21-199715).pdf            in= 3393  out= 15  lat= 0.8s  ans="CPF 3-2021-080-NOPV"
  32021082NOPV_PCO_12012021_(20-172259).pdf                in= 2125  out= 15  lat= 1.1s  ans="CPF 3-2021-082-NOPV"
  32021087NOPV_PCP PCO_12132021_(21-210505).pdf            in= 2341  out= 15  lat= 0.9s  ans="CPF 3-2021-087-NOPV"
  32021088NOPV_PCO_11302021_(21-210503).pdf                in= 1784  out= 15  lat= 0.8s  ans="CPF 3-2021-088-NOPV"
  32021089NOPV_PCP PCO_11302021_(21-210502).pdf            in= 2594  out= 15  lat= 0.9s  ans="CPF 3-2021-089-NOPV"
  32022001NOPV_PCP PCO_08082022_(21-208610).pdf            in= 2018  out= 15  lat= 0.7s  ans="CPF 3-2022-001-NOPV"
  32022006NOPV_PCP PCO_04182022_(21-200783).pdf            in= 3668  out= 15  lat= 0.9s  ans="CPF 3-2022-006-NOPV"
  32022016NOPV_PCO_01072022_(20-187013).pdf                in= 2189  out= 15  lat= 0.7s  ans="CPF 3-2022-016-NOPV"
  32022017NOPV_PCP PCO_01112022_(21-210504).pdf            in= 4538  out= 15  lat= 1.0s  ans="CPF 3-2022-017-NOPV"
  32022018NOPV_PCP PCO_01192022_(21-210993).pdf            in= 4971  out= 15  lat= 0.8s  ans="CPF 3-2022-018 NOPV"
  32022024NOPV_PCO_03252022_(20-179518).pdf                in= 1694  out= 15  lat= 0.8s  ans="CPF 3-2022-024-NOPV"
  32022025NOPV_PCP PCO_10142022_(20-182827).pdf            in= 2310  out= 15  lat= 0.9s  ans="CPF 3-2022-025-NOPV"
  32022026NOPV_PCP PCO_05052022_(20-173062).pdf            in= 7722  out= 15  lat= 1.0s  ans="CPF 3-2022-026-NOPV"
  32022033NOPV_PCP PCO_03172022_(21-203212).pdf            in= 2811  out= 15  lat= 0.8s  ans="CPF 3-2022-033-NOPV"
  32022037NOPV_PCP PCO_03012022_(21-201004).pdf            in= 2990  out= 15  lat= 0.9s  ans="CPF 3-2022-037-NOPV"
  32022040NOPV_PCO_02172022_(20-179276).pdf                in= 2899  out= 15  lat= 0.7s  ans="CPF 3-2022-040-NOPV"
  32022045NOPV_PCP PCO_04282022_(21-201001).pdf            in= 3025  out= 15  lat= 1.3s  ans="CPF 3-2022-045-NOPV"
  32022047NOPV_PCP PCO_05122022_(21-201425).pdf            in= 4621  out= 15  lat= 0.8s  ans="CPF 3-2022-047-NOPV"
  32022052NOPV_PCP PCO_11102022_(21-207738).pdf            in= 4306  out= 15  lat= 0.9s  ans="CPF 3-2022-052-NOPV"
  32022053NOPV_PCP PCO_08222022_(21-210151).pdf            in= 4059  out= 15  lat= 0.8s  ans="CPF 3-2022-053-NOPV"
  32022055NOPV_PCO_11082022_(21-209703).pdf                in= 1793  out= 15  lat= 0.9s  ans="CPF 3-2022-055-NOPV"
  32022056NOPV_PCP PCO_11082022_(21-209703).pdf            in= 3395  out= 15  lat= 0.8s  ans="CPF 3-2022-056-NOPV"
  32022058NOPV_PCP PCO (AMENDED)_09142022_(22-242811).pdf  in= 4844  out= 15  lat= 0.8s  ans="CPF 3-2022-058-NOPV"
  32022061NOPV_PCP PCO_12222022_(21-201318).pdf            in= 3625  out= 15  lat= 0.8s  ans="CPF 3-2022-061-NOPV"
  32022062NOPV_PCO_09142022_(21-202559).pdf                in= 2082  out= 15  lat= 0.9s  ans="CPF 3-2022-062-NOPV"
  32022069NOPV_PCO_11292022_(22-233904).pdf                in=  465  out=  6  lat= 0.7s  ans="NOT FOUND"
  32023002NOPV_PCP PCO_01182023_(21-202836).pdf            in= 2618  out= 15  lat= 0.9s  ans="CPF 3-2023-002-NOPV"
  32023005NOPV_PCP PCO_01252023_(22-261675).pdf            in= 3957  out= 15  lat= 0.9s  ans="CPF 3-2023-005-NOPV"
  32023006NOPV_PCP PCO_05042023_(22-235672).pdf            in= 2363  out= 15  lat= 0.9s  ans="CPF 3-2023-006-NOPV"
  32023008NOPV_PCP PCO_06022023_(21-207275).pdf            in= 3711  out= 15  lat= 0.8s  ans="CPF 3-2023-008-NOPV"
  32023011NOPV_PCP PCO_09122023_(22-233376).pdf            in= 2300  out= 15  lat= 0.9s  ans="CPF 3-2023-011-NOPV"
  32023014NOPV_PCP PCO_07272023_(22-250434).pdf            in= 4461  out= 15  lat= 0.9s  ans="CPF 3-2023-014-NOPV"
  32023016NOPV_PCP PCO_09082023_(22-238055).pdf            in= 5152  out= 15  lat= 1.2s  ans="CPF 3-2023-016-NOPV"
  32023020NOPV_PCP PCO_08112023_(22-237273).pdf            in= 3484  out= 15  lat= 0.8s  ans="CPF 3-2023-020-NOPV"
  32023021NOPV_PCP PCO_09182023_(22-245404).pdf            in= 4105  out= 15  lat= 1.2s  ans="CPF 3-2023-021-NOPV"
  32023022NOPV_PCP PCO_08242023_(22-234357).pdf            in= 4086  out= 15  lat= 1.1s  ans="CPF 3-2023-022-NOPV"
  32023026NOPV_PCP PCO_09082023_(22-240208).pdf            in= 6052  out= 15  lat= 1.2s  ans="CPF 3-2023-026-NOPV"
  32023033NOPV_PCO_11272023_(22-234926).pdf                in= 2110  out= 15  lat= 0.7s  ans="CPF 3-2023-033-NOPV"
  32024001NOPV_PCO_12192024_(24-297350).pdf                in= 1463  out= 15  lat= 1.5s  ans="CPF 3-2024-001-NOPV"
  32024004NOPV_PCP PCO_03012024_(22-240209).pdf            in= 7048  out= 15  lat= 0.7s  ans="CPF 3-2024-004-NOPV"
  32024007NOPV_PCO_01182024_(22-234928).pdf                in= 2608  out= 15  lat= 0.8s  ans="CPF 3-2024-007-NOPV"
  32024008NOPV_PCP PCO_10252024_(22-237074).pdf            in= 5277  out= 15  lat= 0.8s  ans="CPF 3-2024-008-NOPV"
  32024011NOPV_PCO_02062024_(23-264235).pdf                in= 2470  out= 15  lat= 0.8s  ans="CPF 3-2024-011-NOPV"
  32024012NOPV_PCP PCO_02062024_(23-264235).pdf            in= 3501  out= 15  lat= 0.7s  ans="CPF 3-2024-012-NOPV"
  32024016NOPV_PCO_02132024_(23-264316).pdf                in= 1380  out= 15  lat= 1.0s  ans="CPF 3-2024-016-NOPV"
  32024019NOPV_PCO_03042024_(22-233359).pdf                in= 1294  out= 15  lat= 0.7s  ans="CPF 3-2024-019-NOPV"
  32024020NOPV_PCP PCO_06132024_(21-199489).pdf            in= 7667  out= 15  lat= 0.8s  ans="CPF 3-2024-020-NOPV"
  32024022NOPV_PCP PCO_05082024_(23-268060).pdf            in= 3984  out= 15  lat= 0.8s  ans="CPF 3-2024-022-NOPV"
  32024028NOPV_PCO_12302024_(22-235481).pdf                in= 2801  out= 15  lat= 1.7s  ans="CPF 3-2024-028-NOPV"
  32024030NOPV_PCO_06032024_(23-264637).pdf                in= 2481  out=  6  lat= 1.0s  ans="NOT FOUND"
  32024035NOPV_PCO_04152024_(23-270170).pdf                in= 2178  out= 15  lat= 0.8s  ans="CPF 3-2024-035-NOPV"
  32024036NOPV_PCP PCO_06282024_(23-264742).pdf            in= 3290  out=  6  lat= 0.9s  ans="NOT FOUND"
  32024038NOPV_PCP PCO_05312024_(22-233382).pdf            in= 3685  out= 15  lat= 0.9s  ans="CPF 3-2024-038-NOPV"
  32024040NOPV_PCP PCO_09062024_(23-264452).pdf            in= 5186  out= 15  lat= 0.8s  ans="CPF 3-2024-040-NOPV"
  32024042NOPV_PCO_06032024_(23-264638).pdf                in= 2078  out= 15  lat= 0.9s  ans="CPF 3-2024-042-NOPV"
  32024044NOPV_PCP PCO_04182024_(23-265891).pdf            in= 3093  out= 15  lat= 0.8s  ans="CPF 3-2024-044-NOPV"
  32024045NOPV_PCP PCO_05102024_(23-264643).pdf            in= 4112  out= 15  lat= 0.8s  ans="CPF 3-2024-045-NOPV"
  32024049NOPV_PCP PCO_07022024_(23-264476).pdf            in= 3085  out= 15  lat= 0.7s  ans="CPF 3-2024-049-NOPV"
  32024050NOPV_PCP PCO_08282024_(23-264059).pdf            in= 3232  out= 15  lat= 0.8s  ans="CPF 3-2024-050-NOPV"
  32024052NOPV_PCP PCO_07032024_(24-305436).pdf            in= 3078  out= 15  lat= 0.9s  ans="CPF 3-2024-052-NOPV"
  32024053NOPV_PCO_12122024_(22-233381).pdf                in= 2301  out= 15  lat= 0.9s  ans="CPF 3-2024-053-NOPV"
  32024054NOPV_PCO_08232024_(23-264382).pdf                in= 2113  out= 15  lat= 0.7s  ans="CPF 3-2024-054-NOPV"
  32024056NOPV_PCP PCO_10252024_(23-264602).pdf            in= 4490  out= 15  lat= 0.7s  ans="CPF 3-2024-056-NOPV"
  32024058NOPV_PCO_12042024_(23-264827).pdf                in= 2163  out= 15  lat= 0.8s  ans="CPF 3-2024-058-NOPV"
  32024062NOPV_PCP PCO_11212024_(23-266139).pdf            in= 1890  out= 15  lat= 0.9s  ans="CPF 3-2024-062-NOPV"
  32024066NOPV_PCP PCO_08222024_(23-282184).pdf            in= 2780  out= 15  lat= 1.0s  ans="CPF 3-2024-066-NOPV"
  32024069NOPV_PCP PCO_11142024_(23-264601).pdf            in= 2768  out= 15  lat= 0.9s  ans="CPF 3-2024-069-NOPV"
  32024071NOPV_PCP PCO_11142024_(23-264063).pdf            in= 2668  out= 15  lat= 0.7s  ans="CPF 3-2024-071-NOPV"
  32025003NOPV_PCP PCO_01162025_(23-264381).pdf            in= 4005  out=  6  lat= 0.7s  ans="NOT FOUND"
  32025004NOPV_PCO_05052025_(23-264480).pdf                in= 3471  out= 15  lat= 0.8s  ans="CPF 3-2025-004-NOPV"
  32025006NOPV_PCP PCO_08182025_(23-264820).pdf            in= 4034  out= 15  lat= 1.0s  ans="CPF 3-2025-006-NOPV"
  32025007NOPV_PCP PCO_06252025_(23-264832).pdf            in= 6321  out= 15  lat= 0.8s  ans="CPF 3-2025-007-NOPV"
  32025008NOPV_PCP PCO_06162025_(23-264835).pdf            in= 3697  out= 15  lat= 0.9s  ans="CPF 3-2025-008-NOPV"
  32025022NOPV_PCO_07182025_(24-297198).pdf                in= 5616  out= 15  lat= 0.8s  ans="CPF 3-2025-022-NOPV"
  32025024NOPV_PCO_11062025_(24-297583).pdf                in= 4757  out= 15  lat= 0.9s  ans="CPF 3-2025-024-NOPV"
  32025027NOPV_PCO_07012025_(24-299195).pdf                in= 2536  out= 15  lat= 0.7s  ans="CPF 3-2025-027-NOPV"
  32025029NOPV_PCO_08152025_(24-297350).pdf                in= 3456  out= 15  lat= 1.1s  ans="CPF 3-2025-029-NOPV"
  32026004NOPV_PCO_02032026_(25-330822).pdf                in= 3009  out= 15  lat= 0.8s  ans="CPF 3-2026-004-NOPV"
  42021001NOPV_PCO_10042021_(20-172501).pdf                in= 3617  out= 15  lat= 0.9s  ans="CPF 4-2021-001-NOPV"
  42021008NOPV_PCO_11152021_(20-172587).pdf                in= 2743  out= 15  lat= 0.8s  ans="CPF 4-2021-008-NOPV"
  42021010NOPV_PCO_10272021_(20-172682).pdf                in= 3082  out= 15  lat= 0.9s  ans="CPF 4-2021-010-NOPV"
  42021011NOPV_PCO_11022021_(20-172601).pdf                in= 4134  out= 15  lat= 0.7s  ans="CPF 4-2021-011 NOPV"
  42021022NOPV_PCO_09232021_(20-186120).pdf                in= 2077  out= 15  lat= 0.7s  ans="CPF 4-2021-022-NOPV"
  42021027NOPV_PCO_08182021_(20-172515).pdf                in= 2989  out= 15  lat= 1.2s  ans="CPF 4-2021-027-NOPV"
  42021033NOPV_PCO_09232021_(21-220612).pdf                in= 1643  out= 15  lat= 0.9s  ans="CPF 4-2021-033-NOPV"
  42021034NOPV_PCP PCO_12212021_(20-183709).pdf            in= 3573  out= 15  lat= 0.9s  ans="CPF 4-2021-034-NOPV"
  42021039NOPV_PCO_11232021_(20-178576).pdf                in= 2547  out= 15  lat= 0.7s  ans="CPF 4-2021-039-NOPV"
  42021047NOPV_PCO_10212021_(21-202129).pdf                in= 2658  out= 15  lat= 1.1s  ans="CPF 4-2021-047-NOPV"
  42021057NOPV_PCO_11012021_(21-200343).pdf                in= 2809  out= 15  lat= 0.9s  ans="CPF 4-2021-057-NOPV"
  42022001NOPV_PCO_08042022_(21-210603).pdf                in= 1721  out= 15  lat= 0.9s  ans="CPF 4-2022-001-NOPV"
  42022007NOPV_PCP PCO_02112022_(21-230161).pdf            in= 3858  out= 15  lat= 0.8s  ans="CPF 4-2022-007-NOPV"
  42022009NOPV_PCP PCO_01212022_(21-199753).pdf            in= 3435  out= 15  lat= 0.9s  ans="CPF 4-2022-009-NOPV"
  42022015NOPV_PCO_02232021_(21-500287).pdf                in= 2415  out= 15  lat= 0.8s  ans="CPF 4-2022-015-NOPV"
  42022018NOPV_PCO_02142022_(21-207285).pdf                in= 2735  out= 15  lat= 1.1s  ans="CPF 4-2022-018-NOPV"
  42022025NOPV_PCO_02102022_(21-209144).pdf                in= 2626  out= 15  lat= 0.7s  ans="CPF 4-2022-025-NOPV"
  42022026NOPV_PCO_01262022_(21-209158).pdf                in= 3969  out= 15  lat= 0.8s  ans="CPF 4-2022-026-NOPV"
  42022028NOPV_PCO_04082022_(21-199241).pdf                in= 2458  out= 15  lat= 0.9s  ans="CPF 4-2022-028-NOPV"
  42022039NOPV_PCP PCO_06172022_(21-203269).pdf            in= 2615  out= 15  lat= 0.9s  ans="CPF 4-2022-039-NOPV"
  42022041NOPV_PCO_08052022_(21-199244).pdf                in= 3388  out= 15  lat= 0.9s  ans="CPF 4-2022-041-NOPV"
  42022046NOPV_PCO_08052022_(22-250946).pdf                in= 2759  out= 15  lat= 1.0s  ans="CPF 4-2022-046-NOPV"
  42022047NOPV_PCO_08032022_(21-199242).pdf                in= 3448  out= 15  lat= 0.9s  ans="CPF 4-2022-047-NOPV"
  42022061NOPV_PCO_10312022_(22-233712).pdf                in= 3165  out= 15  lat= 0.9s  ans="CPF 4-2022-061-NOPV"
  42022062NOPV_PCO_12142022_(22-234365).pdf                in= 4715  out= 15  lat= 0.9s  ans="CPF 4-2022-062-NOPV"
  42023006NOPV_PCP PCO_05082023_(21-231718).pdf            in= 2709  out= 15  lat= 0.8s  ans="CPF 4-2023-006-NOPV"
  42023009NOPV_PCO_01132023_(22-232746).pdf                in= 1818  out= 15  lat= 1.0s  ans="CPF 4-2023-009-NOPV"
  42023010NOPV_PCP PCO_06022023_(22-232749).pdf            in= 3184  out= 15  lat= 0.9s  ans="CPF 4-2023-010-NOPV"
  42023016NOPV_PCO_01312023_(21-199998).pdf                in= 2347  out= 15  lat= 0.9s  ans="CPF 4-2023-016-NOPV"
  42023017NOPV_PCO_01312023_(21-199998).pdf                in= 2969  out= 15  lat= 1.0s  ans="CPF 4-2023-017-NOPV"
  42023031NOPV_PCO_04202023_(22-242818).pdf                in= 2405  out= 15  lat= 1.3s  ans="CPF 4-2023-031-NOPV"
  42023033NOPV_PCO_04212023_(22-249322).pdf                in= 3889  out= 15  lat= 0.9s  ans="CPF 4-2023-033-NOPV"
  42023039NOPV_PCO_05112023_(22-234780).pdf                in= 1924  out= 15  lat= 0.8s  ans="CPF 4-2023-039-NOPV"
  42023042NOPV_PCO_05232023_(22-235632).pdf                in= 2017  out= 15  lat= 0.9s  ans="CPF 4-2023-042-NOPV"
  42023044NOPV_PCO_05042023_(22-234487).pdf                in= 2718  out= 15  lat= 1.0s  ans="CPF 4-2023-044-NOPV"
  42023045NOPV_PCO_05112023_(22-232770).pdf                in= 2302  out= 15  lat= 1.0s  ans="CPF 4-2023-045-NOPV"
  42023047NOPV_PCO_10182023_(22-241127).pdf                in= 2566  out= 15  lat= 0.8s  ans="CPF 4-2023-047-NOPV"
  42023052NOPV_PCO_10162023_(22-235649).pdf                in= 3516  out= 15  lat= 0.9s  ans="CPF 4-2023-052-NOPV"
  42023053NOPV_PCO_06132023_(21-227138).pdf                in= 1550  out= 15  lat= 1.6s  ans="CPF 4-2023-053-NOPV"
  42023057NOPV_PCO_11162023_(21-209415).pdf                in= 2385  out= 15  lat= 0.9s  ans="CPF 4-2023-057-NOPV"
  42024014NOPV_PCO_01302024_(21-217155).pdf                in= 1901  out= 15  lat= 0.6s  ans="CPF 4-2024-014-NOPV"
  42024015NOPV_PCP PCO_03252024_(22-232769).pdf            in= 4015  out= 15  lat= 1.0s  ans="CPF 4-2024-015-NOPV"
  42024020NOPV_PCP PCO_11192024_(21-207841).pdf            in= 2884  out= 15  lat= 0.8s  ans="CPF 4-2024-020-NOPV"
  42024022NOPV_PCO_03202024_(23-264818).pdf                in= 2258  out= 15  lat= 1.0s  ans="CPF 4-2024-022-NOPV"
  42024024NOPV_PCO_05022024_(23-264209).pdf                in= 3146  out= 15  lat= 0.9s  ans="CPF 4-2024-024-NOPV"
  42024027NOPV_PCO_05312024_(23-266081).pdf                in= 3432  out= 15  lat= 1.1s  ans="CPF 4-2024-027-NOPV"
  42024034NOPV_PCO_08272024_(24-299840).pdf                in= 2797  out= 15  lat= 1.1s  ans="CPF 4-2024-034-NOPV"
  42024036NOPV_PCO_10222024_(23-264819).pdf                in= 4789  out= 15  lat= 1.1s  ans="CPF 4-2024-036-NOPV"
  42024037NOPV_PCP PCO_10042024_(23-267490).pdf            in= 5421  out= 15  lat= 0.9s  ans="CPF 4-2024-037-NOPV"
  42024042NOPV_PCO_08292024_(23-267234).pdf                in= 2040  out= 15  lat= 1.1s  ans="CPF 4-2024-042-NOPV"
  42024045NOPV_PCO_10212024_(23-266145).pdf                in= 2717  out= 15  lat= 1.0s  ans="CPF 4-2024-045-NOPV"
  42024046NOPV_PCO_08292024_(23-267231).pdf                in= 3146  out= 15  lat= 0.9s  ans="CPF 4-2024-046-NOPV"
  42024047NOPV_PCO_10222024_(23-267237).pdf                in= 1964  out= 15  lat= 1.0s  ans="CPF 4-2024-047-NOPV"
  42024048NOPV_PCO_10222024_(23-264726).pdf                in= 2858  out= 15  lat= 0.7s  ans="CPF 4-2024-048-NOPV"
  42024052NOPV_PCO_10302024_(24-297498).pdf                in= 2315  out= 15  lat= 1.0s  ans="CPF 4-2024-052-NOPV"
  42025002NOPV_PCO_05152025_(24-296561).pdf                in= 2812  out= 15  lat= 1.0s  ans="CPF 4-2025-002-NOPV"
  42025007NOPV_PCO_10012025_(24-301886).pdf                in= 2614  out= 15  lat= 1.0s  ans="CPF 4-2025-007-NOPV"
  42025012NOPV_PCP PCO_12312025_(23-292329).pdf            in=12988  out= 15  lat= 1.2s  ans="CPF 4-2025-012-NOPV"
  42025021NOPV_PCO_01082025_(23-266712).pdf                in= 2415  out= 15  lat= 0.9s  ans="CPF 4-2025-021-NOPV"
  42025029NOPV_PCO_05082025_(24-296566).pdf                in= 2256  out= 15  lat= 0.9s  ans="CPF 4-2025-029-NOPV"
  42025031NOPV_PCO_12222025_(24-296702).pdf                in= 3332  out= 15  lat= 1.0s  ans="CPF 4-2025-031-NOPV"
  42025034NOPV_PCO_12222025_(24-296704).pdf                in= 3033  out= 15  lat= 0.9s  ans="CPF 4-2025-034-NOPV"
  42025035NOPV_PCP PCO_12232025_(24-305809).pdf            in= 2900  out= 15  lat= 1.2s  ans="CPF 4-2025-035-NOPV"
  42025039NOPV_PCO_07032025_(24-298760).pdf                in= 2323  out= 15  lat= 1.3s  ans="CPF 4-2025-039-NOPV"
  42025040NOPV_PCO_08282025_(24-308458).pdf                in= 2653  out= 15  lat= 1.2s  ans="CPF 4-2025-040-NOPV"
  42025043NOPV_PCO_11252025_(24-296703).pdf                in= 3445  out= 15  lat= 1.1s  ans="CPF 4-2025-043-NOPV"
  42025047NOPV_PCO_08202025_(24-296558).pdf                in= 2212  out= 15  lat= 0.8s  ans="CPF 4-2025-047-NOPV"
  42025049NOPV_PCO_07102025_(24-296979).pdf                in= 2152  out= 15  lat= 0.8s  ans="CPF 4-2025-049-NOPV"
  42025056NOPV_PCP PCO_08292025_(24-296556).pdf            in= 4551  out= 15  lat= 3.1s  ans="CPF 4-2025-056-NOPV"
  42025060NOPV_PCO_11042025_(24-296536).pdf                in= 2417  out= 15  lat= 0.8s  ans="CPF 4-2025-060-NOPV"
  42026004NOPV_PCO_02112026_(25-329817).pdf                in= 1977  out= 15  lat= 1.0s  ans="CPF 4-2026-004-NOPV"
  42026012NOPV_PCP PCO_02122026_(23-266706).pdf            in= 2794  out= 15  lat= 0.8s  ans="CPF 4-2026-012-NOPV"
  42026013NOPV_PCP PCO_02182026_(23-266740).pdf            in= 4081  out= 15  lat= 0.8s  ans="CPF 4-2026-013-NOPV"
  42026023NOPV_PCO_02122026_(25-329815).pdf                in= 2492  out= 15  lat= 0.8s  ans="CPF 4-2026-023-NOPV"
  52021031NOPV_PCP PCO_08112021_(21-208158).pdf            in= 5358  out= 15  lat= 0.8s  ans="CPF 5-2021-031-NOPV"
  52021037NOPV_PCO_09172021_(21-201448).pdf                in= 2388  out= 15  lat= 0.8s  ans="CPF 5-2021-037-NOPV"
  52021051NOPV_PCO_10152021_(20-173120).pdf                in= 2093  out= 15  lat= 0.7s  ans="CPF 5-2020-051-NOPV"
  52021057NOPV_PCO_12202021_(21-199974).pdf                in= 1900  out= 15  lat= 1.0s  ans="CPF 5-2021-057-NOPV"
  52022002NOPV_PCO_03302022_(21-199723).pdf                in= 3214  out= 15  lat= 1.0s  ans="CPF 5-2022-002-NOPV"
  52022006NOPV_PCO_09072022_(21-213178).pdf                in= 3678  out= 15  lat= 0.8s  ans="CPF 5-2022-006-NOPV"
  52022008NOPV_PCO_07182022_(20-191036).pdf                in= 4392  out= 15  lat= 0.7s  ans="CPF 5-2022-008-NOPV"
  52022019NOPV_PCO_03072022_(21-201443).pdf                in= 2254  out= 15  lat= 0.9s  ans="CPF 5-2022-019-NOPV"
  52022021NOPV_PCO_06152022_(21-201441).pdf                in= 2404  out= 15  lat=11.0s  ans="CPF 5-2022-021-NOPV"
  52022023NOPV_PCO_04272022_(21-218958).pdf                in= 3397  out= 15  lat= 0.9s  ans="CPF 5-2022-023-NOPV"
  52022024NOPV_PCO_04272022_(21-218959).pdf                in= 2747  out= 15  lat= 0.8s  ans="CPF 5-2022-024-NOPV"
  52022028NOPV_PCO_09072022_(21-201439).pdf                in= 3275  out= 15  lat= 0.9s  ans="CPF 5-2022-028-NOPV"
  52022037NOPV_PCP PCO_04272022_(22-236002).pdf            in= 2858  out= 15  lat= 0.7s  ans="CPF 5-2022-037-NOPV"
  52022038NOPV_PCO_04122022_(21-219857).pdf                in= 2165  out= 15  lat= 0.9s  ans="CPF 5-2022-038-NOPV"
  52022041NOPV_PCO_05092022_(21-219864).pdf                in= 2843  out= 15  lat= 0.7s  ans="CPF 5-2022-041-NOPV"
  52022042NOPV_PCO_05132022_(21-214526).pdf                in= 2107  out= 15  lat= 1.0s  ans="CPF 5-2022-042-NOPV"
  52022050NOPV_PCO_12192022_(22-232643).pdf                in= 2886  out= 15  lat= 1.1s  ans="CPF 5-2022-050-NOPV"
  52022052NOPV_PCO_12012022_(22-232653).pdf                in= 1981  out= 15  lat= 0.7s  ans="CPF 5-2022-052-NOPV"
  52023003NOPV_PCP PCO_04112023_(22-236099).pdf            in= 2282  out= 15  lat= 0.7s  ans="CPF 5-2023-003-NOPV"
  52023009NOPV_PCP PCO_03012023_(21-217219).pdf            in= 5144  out= 15  lat= 1.0s  ans="CPF 5-2023-009-NOPV"
  52023011NOPV_PCP PCO_04062023_(21-225379).pdf            in=13822  out= 15  lat= 1.7s  ans="CPF 5-2023-011-NOPV"
  52023012NOPV_PCO_03012023_(22-251101).pdf                in= 4260  out= 15  lat= 0.9s  ans="CPF 5-2023-012-NOPV"
  52023016NOPV_PCO_03242023_(21-207466).pdf                in= 3662  out= 13  lat= 0.9s  ans="5-2023-016-NOPV"
  52023019NOPV_PCP PCO_12272023_(22-236528).pdf            in= 8213  out= 15  lat= 1.0s  ans="CPF 5-2023-019-NOPV"
  52023021NOPV_PCO_02062023_(22-239515).pdf                in= 2157  out= 15  lat= 1.3s  ans="CPF 5-2023-021-NOPV"
  52023025NOPV_PCP PCO_04062023_(21-200502).pdf            in= 3535  out= 15  lat= 0.8s  ans="CPF 5-2023-025-NOPV"
  52023027NOPV_PCO_01192023_(22-232634).pdf                in= 2102  out= 15  lat= 0.8s  ans="CPF 5-2023-027-NOPV"
  52023029NOPV_PCP PCO_06222023_(22-251181).pdf            in= 7924  out= 15  lat= 0.8s  ans="CPF 5-2023-029-NOPV"
  52023030NOPV_PCO_04172023_(21-200923).pdf                in= 1511  out= 15  lat= 0.7s  ans="CPF 5-2023-030-NOPV"
  52023031NOPV_PCP PCO_10112023_(22-232626).pdf            in= 5701  out= 15  lat= 0.9s  ans="CPF 5-2023-031-NOPV"
  52023033NOPV_PCO_07192023_(22-239213).pdf                in= 2829  out= 15  lat= 1.1s  ans="CPF 5-2023-033-NOPV"
  52023035NOPV_PCO_10252023_(22-239214).pdf                in= 2730  out= 15  lat= 0.9s  ans="CPF 5-2023-035-NOPV"
  52023037NOPV_PCP PCO_09182023_(22-232625).pdf            in= 4672  out= 15  lat= 0.9s  ans="CPF 5-2023-037-NOPV"
  52023039NOPV_PCO_11022023_(22-254201).pdf                in= 5103  out= 15  lat= 1.1s  ans="CPF 5-2023-039-NOPV"
  52023040NOPV_PCO_07262023_(23-264043).pdf                in= 1989  out= 15  lat= 0.7s  ans="CPF 5-2023-040-NOPV"
  52023042NOPV_PCO_12262023_(22-232644).pdf                in= 2920  out= 15  lat= 0.7s  ans="CPF 5-2023-042-NOPV"
  52023043NOPV_PCO_10252023_(22-239216).pdf                in= 3420  out= 15  lat= 1.1s  ans="CPF 5-2023-043-NOPV"
  52023046NOPV_PCP PCO_12272023_(22-257275).pdf            in=12815  out= 15  lat= 1.0s  ans="CPF 5-2023-046-NOPV"
  52023048NOPV_PCO_11022023_(22-239215).pdf                in= 2728  out= 15  lat= 0.7s  ans="CPF 5-2023-048-NOPV"
  52023052NOPV_PCO_10272023_(22-246104).pdf                in= 1867  out= 15  lat= 0.9s  ans="CPF 5-2023-052-NOPV"
  52023054NOPV_PCO_08212023_(23-264167).pdf                in= 3597  out= 15  lat= 0.8s  ans="CPF 5-2023-054-NOPV"
  52024001NOPV_PCO_12122024_(24-297227).pdf                in= 2868  out= 15  lat= 0.9s  ans="CPF 5-2024-001-NOPV"
  52024002NOPV_PCP PCO_01292024_22-258385.pdf              in= 4057  out= 15  lat= 0.8s  ans="CPF 5-2024-002-NOPV"
  52024003NOPV_PCP PCO_05222024_(22-232568).pdf            in= 4070  out= 15  lat= 1.0s  ans="CPF 5-2024-003-NOPV"
  52024009NOPV_PCO_ 03042024_(22-239217).pdf               in= 2136  out= 15  lat= 1.1s  ans="CPF 5-2024-009-NOPV"
  52024010NOPV_PCO_01102024_(23-264168).pdf                in= 2785  out= 15  lat= 0.9s  ans="CPF 5-2024-010-NOPV"
  52024011NOPV_PCO_02232024_(23-264348).pdf                in= 3920  out= 15  lat= 0.8s  ans="CPF 5-2024-011-NOPV"
  52024015NOPV_PCO_04152024_(23-264582).pdf                in= 6303  out= 15  lat= 0.9s  ans="CPF 5-2024-015-NOPV"
  52024016NOPV_PCO_05232024_(23-264378).pdf                in= 6421  out= 15  lat= 1.0s  ans="CPF 5-2024-016-NOPV"
  52024023NOPV_PCP PCO_08232024_(23-264166).pdf            in= 3535  out= 15  lat= 1.0s  ans="CPF 5-2024-023-NOPV"
  52024026NOPV_PCO_12102024_(23-265653).pdf                in= 6339  out= 15  lat= 0.8s  ans="CPF 5-2024-026-NOPV"
  52024039NOPV_PCO_12062024_(24-297378).pdf                in= 1956  out= 15  lat= 0.7s  ans="CPF 5-2024-039-NOPV"
  52024040NOPV_PCO_11182024_(24-297214).pdf                in= 2961  out= 15  lat= 0.9s  ans="CPF 5-2024-040-NOPV"
  52024041NOPV_PCO_12182024_(24-295915).pdf                in= 3194  out= 15  lat= 0.7s  ans="CPF 5-2024-041-NOPV"
  52025006NOPV_PCP PCO_07302025_(24-296481).pdf            in= 2590  out= 15  lat= 0.7s  ans="CPF 5-2025-006-NOPV"
  52025010NOPV_PCO_04252025_(24-298502).pdf                in= 6823  out= 15  lat= 1.1s  ans="CPF 5-2025-010-NOPV"
  52025011NOPV_PCO_05022025_(24-305759).pdf                in= 2870  out= 15  lat= 0.9s  ans="CPF 5-2025-011-NOPV"
  52025014NOPV_PCO_05022025_(24-297328).pdf                in= 3065  out= 15  lat= 0.9s  ans="CPF 5-2025-014-NOPV"
  52025023NOPV_PCP PCO_10022025_(25-329886).pdf            in= 5535  out= 15  lat= 1.0s  ans="CPF 5-2025-023-NOPV"
  52025026NOPV_PCO_07292025_(24-297246).pdf                in= 2272  out= 15  lat= 0.9s  ans="CPF 5-2025-026-NOPV"
  52025028NOPV_PCP PCO_11172025_(24-298503).pdf            in= 3611  out= 15  lat= 0.9s  ans="CPF 5-2025-028-NOPV"
  52025033NOPV_PCO_11212025_(24-297332).pdf                in= 3336  out= 15  lat= 0.9s  ans="CPF 5-2025-033-NOPV"
  52025039NOPV_PCO_12082025_(24-296470).pdf                in= 3953  out= 15  lat= 1.0s  ans="CPF 5-2025-039-NOPV"
  52026002NOPV_PCO_01222026_(25-331927).pdf                in= 5915  out= 15  lat= 1.0s  ans="CPF 5-2026-002-NOPV"

=== Which PHMSA Region office (e.g., Eastern, Southern, Central, Western, Southwest) ===
  SKIP (too short): 12021057NOPV_PCO_10072021_(20-172138).pdf
  SKIP (too short): 12021065NOPV_NOPV_PCO_12102021_(20-172057).pdf
  12022023NOPV_PCO_03312022_(20-194651).pdf                in= 3183  out=  5  lat= 0.8s  ans="Eastern"
  SKIP (too short): 12023022NOPV_PCO_04132023_(22-234207).pdf
  SKIP (too short): 12023028NOPV_PCO_05252023_(22-232998).pdf
  12023047NOPV_PCO_12042023_(22-233293).pdf                in= 4214  out=  5  lat= 0.7s  ans="Eastern"
  SKIP (too short): 12023050NOPV_PCO_09052023_(22-233356).pdf
  SKIP (too short): 12024001NOPV_PCO_03212024_(22-233343).pdf
  SKIP (too short): 12024003NOPV_PCP PCO_03282024_(23-266431).pdf
  SKIP (too short): 12024004NOPV_PCO_02152024_(22-233363).pdf
  12024018NOPV_PCO_08262024_(23-263980).pdf                in= 2275  out=  6  lat= 0.9s  ans="Eastern Region"
  12024039NOPV_PCO_11062024_(23-276594).pdf                in= 6298  out=  5  lat= 0.8s  ans="Eastern"
  12024051NOPV_PCO_07052024_(24-297439).pdf                in= 2356  out=  5  lat= 0.7s  ans="Eastern"
  12025001NOPV_PCO_05302025_(23-265078).pdf                in= 5654  out=  6  lat= 0.6s  ans="Eastern Region"
  12025006NOPV_PCO_05082025_(23-272518).pdf                in= 2243  out=  5  lat= 0.7s  ans="Eastern"
  12026002NOPV_PCO_01232026_(24-295891).pdf                in= 2188  out=  6  lat= 0.6s  ans="Eastern Region"
  12026003NOPV_PCO_02132026_(24-309719).pdf                in= 4133  out=  5  lat= 0.8s  ans="Eastern"
  12026012NOPV_PCO_02062026_(25-329693).pdf                in= 2780  out=  5  lat= 0.7s  ans="Eastern"
  12026015NOPV_PCO_02122026_(24-296051).pdf                in= 4155  out=  5  lat= 0.6s  ans="Eastern"
  12026022NOPV_PCO_02242026_(25-330072).pdf                in= 2344  out=  5  lat= 0.6s  ans="Eastern"
  12026032NOPV_PCO_02132026_ (25-330095).pdf               in= 2268  out=  5  lat= 0.6s  ans="Eastern"
  22023002NOPV_PCO_07282023_(21-202409).pdf                in= 2179  out=  5  lat= 0.8s  ans="Southern"
  22023011NOPV_PCO_07282023_(21-202560).pdf                in= 5850  out=  5  lat= 1.1s  ans="Southern"
  22023013NOPV_PCP PCO_11162023_(21-224433).pdf            in= 9098  out=  5  lat= 0.9s  ans="Southern"
  22024001NOPV_PCP PCO_06272024_(24-304023).pdf            in= 4831  out=  5  lat= 1.0s  ans="Southern"
  22024011NOPV_PCP PCO (AMENDED)_07092024_(22-235530).pdf  in= 5094  out=  5  lat= 1.0s  ans="Southern"
  32021028NOPV_PCP PCO_11022021_(20-172212).pdf            in= 2598  out=  6  lat= 0.6s  ans="Central Region"
  32021043NOPV_PCP PCO_12072021_(20-179274).pdf            in= 7616  out=  6  lat= 1.1s  ans="Central Region"
  32021045NOPV_PCP PCO_11052021_(20-172259).pdf            in= 2647  out=  6  lat= 0.9s  ans="Central Region"
  32021046NOPV_PCP PCO_11232021_(20-172259).pdf            in= 5947  out=  5  lat= 0.6s  ans="Central"
  32021051NOPV_PCP PCO_11102021_(21-200403).pdf            in= 5686  out=  6  lat= 0.8s  ans="Central Region"
  32021059NOPV_PCP PCO_12302021_(21-200404).pdf            in= 5314  out=  6  lat= 0.7s  ans="Central Region"
  32021070NOPV_PCP PCO_12302021_(21-199716).pdf            in= 3160  out=  6  lat= 0.7s  ans="Central Region"
  32021073NOPV_PCP PCO_12222021_(20-173072).pdf            in= 3060  out=  6  lat= 0.8s  ans="Central Region"
  32021080NOPV_PCP PCO_12222021_(21-199715).pdf            in= 3405  out=  6  lat= 0.9s  ans="Central Region"
  32021082NOPV_PCO_12012021_(20-172259).pdf                in= 2137  out=  6  lat= 0.9s  ans="Central Region"
  32021087NOPV_PCP PCO_12132021_(21-210505).pdf            in= 2353  out=  6  lat= 0.7s  ans="Central Region"
  32021088NOPV_PCO_11302021_(21-210503).pdf                in= 1796  out=  5  lat= 0.6s  ans="Central"
  32021089NOPV_PCP PCO_11302021_(21-210502).pdf            in= 2606  out=  6  lat= 0.8s  ans="Central Region"
  32022001NOPV_PCP PCO_08082022_(21-208610).pdf            in= 2030  out=  5  lat= 0.6s  ans="Central"
  32022006NOPV_PCP PCO_04182022_(21-200783).pdf            in= 3680  out=  6  lat= 0.9s  ans="Central Region"
  32022016NOPV_PCO_01072022_(20-187013).pdf                in= 2201  out=  5  lat= 0.7s  ans="Central"
  32022017NOPV_PCP PCO_01112022_(21-210504).pdf            in= 4550  out=  6  lat= 0.8s  ans="Central Region"
  32022018NOPV_PCP PCO_01192022_(21-210993).pdf            in= 4983  out=  6  lat= 0.7s  ans="Central Region"
  32022024NOPV_PCO_03252022_(20-179518).pdf                in= 1706  out=  5  lat= 0.7s  ans="Central"
  32022025NOPV_PCP PCO_10142022_(20-182827).pdf            in= 2322  out=  6  lat= 0.8s  ans="Central Region"
  32022026NOPV_PCP PCO_05052022_(20-173062).pdf            in= 7734  out=  5  lat= 1.0s  ans="Central"
  32022033NOPV_PCP PCO_03172022_(21-203212).pdf            in= 2823  out=  5  lat= 1.0s  ans="Central"
  32022037NOPV_PCP PCO_03012022_(21-201004).pdf            in= 3002  out=  5  lat= 0.8s  ans="Central"
  32022040NOPV_PCO_02172022_(20-179276).pdf                in= 2911  out=  5  lat= 1.2s  ans="Central"
  32022045NOPV_PCP PCO_04282022_(21-201001).pdf            in= 3037  out=  5  lat= 0.9s  ans="Central"
  32022047NOPV_PCP PCO_05122022_(21-201425).pdf            in= 4633  out=  5  lat= 1.4s  ans="Central"
  32022052NOPV_PCP PCO_11102022_(21-207738).pdf            in= 4318  out=  5  lat= 0.9s  ans="Central"
  32022053NOPV_PCP PCO_08222022_(21-210151).pdf            in= 4071  out=  6  lat= 0.9s  ans="Central Region"
  32022055NOPV_PCO_11082022_(21-209703).pdf                in= 1805  out=  5  lat= 0.8s  ans="Central"
  32022056NOPV_PCP PCO_11082022_(21-209703).pdf            in= 3407  out=  6  lat= 0.7s  ans="Central Region"
  32022058NOPV_PCP PCO (AMENDED)_09142022_(22-242811).pdf  in= 4856  out=  6  lat= 0.7s  ans="Central Region"
  32022061NOPV_PCP PCO_12222022_(21-201318).pdf            in= 3637  out=  6  lat= 0.7s  ans="Central Region"
  32022062NOPV_PCO_09142022_(21-202559).pdf                in= 2094  out=  5  lat= 0.9s  ans="Central"
  32022069NOPV_PCO_11292022_(22-233904).pdf                in=  477  out=  5  lat= 1.0s  ans="Central"
  32023002NOPV_PCP PCO_01182023_(21-202836).pdf            in= 2630  out=  5  lat= 0.6s  ans="Central"
  32023005NOPV_PCP PCO_01252023_(22-261675).pdf            in= 3969  out=  6  lat= 0.7s  ans="Central Region"
  32023006NOPV_PCP PCO_05042023_(22-235672).pdf            in= 2375  out=  5  lat= 0.7s  ans="Central"
  32023008NOPV_PCP PCO_06022023_(21-207275).pdf            in= 3723  out=  5  lat= 0.7s  ans="Central"
  32023011NOPV_PCP PCO_09122023_(22-233376).pdf            in= 2312  out=  5  lat= 0.9s  ans="Central"
  32023014NOPV_PCP PCO_07272023_(22-250434).pdf            in= 4473  out=  5  lat= 0.7s  ans="Central"
  32023016NOPV_PCP PCO_09082023_(22-238055).pdf            in= 5164  out=  5  lat= 0.9s  ans="Central"
  32023020NOPV_PCP PCO_08112023_(22-237273).pdf            in= 3496  out=  5  lat= 0.7s  ans="Central"
  32023021NOPV_PCP PCO_09182023_(22-245404).pdf            in= 4117  out=  6  lat= 0.9s  ans="Central Region"
  32023022NOPV_PCP PCO_08242023_(22-234357).pdf            in= 4098  out=  5  lat= 0.7s  ans="Central"
  32023026NOPV_PCP PCO_09082023_(22-240208).pdf            in= 6064  out=  5  lat= 0.7s  ans="Central"
  32023033NOPV_PCO_11272023_(22-234926).pdf                in= 2122  out=  5  lat= 0.7s  ans="Central"
  32024001NOPV_PCO_12192024_(24-297350).pdf                in= 1475  out=  5  lat= 2.6s  ans="Central"
  32024004NOPV_PCP PCO_03012024_(22-240209).pdf            in= 7060  out=  5  lat= 0.7s  ans="Central"
  32024007NOPV_PCO_01182024_(22-234928).pdf                in= 2620  out=  5  lat= 0.8s  ans="Central"
  32024008NOPV_PCP PCO_10252024_(22-237074).pdf            in= 5289  out=  5  lat= 1.0s  ans="Central"
  32024011NOPV_PCO_02062024_(23-264235).pdf                in= 2482  out=  5  lat= 0.7s  ans="Central"
  32024012NOPV_PCP PCO_02062024_(23-264235).pdf            in= 3513  out=  5  lat= 0.7s  ans="Central"
  32024016NOPV_PCO_02132024_(23-264316).pdf                in= 1392  out=  5  lat= 0.8s  ans="Central"
  32024019NOPV_PCO_03042024_(22-233359).pdf                in= 1306  out=  5  lat= 0.7s  ans="Central"
  32024020NOPV_PCP PCO_06132024_(21-199489).pdf            in= 7679  out=  5  lat= 0.9s  ans="Central"
  32024022NOPV_PCP PCO_05082024_(23-268060).pdf            in= 3996  out=  5  lat= 0.7s  ans="Central"
  32024028NOPV_PCO_12302024_(22-235481).pdf                in= 2813  out=  5  lat= 0.6s  ans="Central"
  32024030NOPV_PCO_06032024_(23-264637).pdf                in= 2493  out=  5  lat= 0.9s  ans="Central"
  32024035NOPV_PCO_04152024_(23-270170).pdf                in= 2190  out=  5  lat= 0.7s  ans="Central"
  32024036NOPV_PCP PCO_06282024_(23-264742).pdf            in= 3302  out=  5  lat= 0.8s  ans="Central"
  32024038NOPV_PCP PCO_05312024_(22-233382).pdf            in= 3697  out=  5  lat= 0.7s  ans="Central"
  32024040NOPV_PCP PCO_09062024_(23-264452).pdf            in= 5198  out=  5  lat= 1.1s  ans="Central"
  32024042NOPV_PCO_06032024_(23-264638).pdf                in= 2090  out=  5  lat= 0.7s  ans="Central"
  32024044NOPV_PCP PCO_04182024_(23-265891).pdf            in= 3105  out=  5  lat= 0.7s  ans="Central"
  32024045NOPV_PCP PCO_05102024_(23-264643).pdf            in= 4124  out=  5  lat= 0.8s  ans="Central"
  32024049NOPV_PCP PCO_07022024_(23-264476).pdf            in= 3097  out=  5  lat= 0.8s  ans="Central"
  32024050NOPV_PCP PCO_08282024_(23-264059).pdf            in= 3244  out=  5  lat= 0.7s  ans="Central"
  32024052NOPV_PCP PCO_07032024_(24-305436).pdf            in= 3090  out=  5  lat= 0.7s  ans="Central"
  32024053NOPV_PCO_12122024_(22-233381).pdf                in= 2313  out=  5  lat= 0.7s  ans="Central"
  32024054NOPV_PCO_08232024_(23-264382).pdf                in= 2125  out=  6  lat= 0.6s  ans="Central Region"
  32024056NOPV_PCP PCO_10252024_(23-264602).pdf            in= 4502  out=  5  lat= 0.9s  ans="Central"
  32024058NOPV_PCO_12042024_(23-264827).pdf                in= 2175  out=  5  lat= 0.9s  ans="Central"
  32024062NOPV_PCP PCO_11212024_(23-266139).pdf            in= 1902  out=  5  lat= 0.6s  ans="Central"
  32024066NOPV_PCP PCO_08222024_(23-282184).pdf            in= 2792  out=  5  lat= 0.6s  ans="Central"
  32024069NOPV_PCP PCO_11142024_(23-264601).pdf            in= 2780  out=  5  lat= 0.6s  ans="Central"
  32024071NOPV_PCP PCO_11142024_(23-264063).pdf            in= 2680  out=  5  lat= 0.8s  ans="Central"
  32025003NOPV_PCP PCO_01162025_(23-264381).pdf            in= 4017  out=  5  lat= 0.8s  ans="Central"
  32025004NOPV_PCO_05052025_(23-264480).pdf                in= 3483  out=  6  lat= 0.7s  ans="Central Region"
  32025006NOPV_PCP PCO_08182025_(23-264820).pdf            in= 4046  out=  5  lat= 0.7s  ans="Central"
  32025007NOPV_PCP PCO_06252025_(23-264832).pdf            in= 6333  out=  5  lat= 0.9s  ans="Central"
  32025008NOPV_PCP PCO_06162025_(23-264835).pdf            in= 3709  out=  5  lat= 0.6s  ans="Central"
  32025022NOPV_PCO_07182025_(24-297198).pdf                in= 5628  out=  5  lat= 0.9s  ans="Central"
  32025024NOPV_PCO_11062025_(24-297583).pdf                in= 4769  out=  5  lat= 0.7s  ans="Central"
  32025027NOPV_PCO_07012025_(24-299195).pdf                in= 2548  out=  5  lat= 0.8s  ans="Central"
  32025029NOPV_PCO_08152025_(24-297350).pdf                in= 3468  out=  6  lat= 0.9s  ans="Central Region"
  32026004NOPV_PCO_02032026_(25-330822).pdf                in= 3021  out=  5  lat= 0.6s  ans="Central"
  42021001NOPV_PCO_10042021_(20-172501).pdf                in= 3629  out=  7  lat= 0.9s  ans="Southwest Region"
  42021008NOPV_PCO_11152021_(20-172587).pdf                in= 2755  out=  7  lat= 0.8s  ans="Southwest Region"
  42021010NOPV_PCO_10272021_(20-172682).pdf                in= 3094  out=  7  lat= 0.8s  ans="Southwest Region"
  42021011NOPV_PCO_11022021_(20-172601).pdf                in= 4146  out=  6  lat= 0.8s  ans="Southwest"
  42021022NOPV_PCO_09232021_(20-186120).pdf                in= 2089  out=  6  lat= 0.9s  ans="Southwest"
  42021027NOPV_PCO_08182021_(20-172515).pdf                in= 3001  out=  6  lat= 0.7s  ans="Southwest"
  42021033NOPV_PCO_09232021_(21-220612).pdf                in= 1655  out=  7  lat= 0.9s  ans="Southwest Region"
  42021034NOPV_PCP PCO_12212021_(20-183709).pdf            in= 3585  out=  7  lat= 0.7s  ans="Southwest Region"
  42021039NOPV_PCO_11232021_(20-178576).pdf                in= 2559  out=  6  lat= 1.0s  ans="Southwest"
  42021047NOPV_PCO_10212021_(21-202129).pdf                in= 2670  out=  6  lat= 1.1s  ans="Southwest"
  42021057NOPV_PCO_11012021_(21-200343).pdf                in= 2821  out=  7  lat= 1.3s  ans="Southwest Region"
  42022001NOPV_PCO_08042022_(21-210603).pdf                in= 1733  out=  6  lat= 0.7s  ans="Southwest"
  42022007NOPV_PCP PCO_02112022_(21-230161).pdf            in= 3870  out=  7  lat= 0.8s  ans="Southwest Region"
  42022009NOPV_PCP PCO_01212022_(21-199753).pdf            in= 3447  out=  7  lat= 0.8s  ans="Southwest Region"
  42022015NOPV_PCO_02232021_(21-500287).pdf                in= 2427  out=  6  lat= 0.7s  ans="Southwest"
  42022018NOPV_PCO_02142022_(21-207285).pdf                in= 2747  out=  6  lat= 0.8s  ans="Southwest"
  42022025NOPV_PCO_02102022_(21-209144).pdf                in= 2638  out=  7  lat= 0.8s  ans="Southwest Region"
  42022026NOPV_PCO_01262022_(21-209158).pdf                in= 3981  out=  7  lat= 0.8s  ans="Southwest Region"
  42022028NOPV_PCO_04082022_(21-199241).pdf                in= 2470  out=  6  lat= 1.0s  ans="Southwest"
  42022039NOPV_PCP PCO_06172022_(21-203269).pdf            in= 2627  out=  6  lat= 0.7s  ans="Southwest"
  42022041NOPV_PCO_08052022_(21-199244).pdf                in= 3400  out=  7  lat= 0.9s  ans="Southwest Region"
  42022046NOPV_PCO_08052022_(22-250946).pdf                in= 2771  out=  6  lat= 0.8s  ans="Southwest"
  42022047NOPV_PCO_08032022_(21-199242).pdf                in= 3460  out=  6  lat= 1.1s  ans="Southwest"
  42022061NOPV_PCO_10312022_(22-233712).pdf                in= 3177  out=  6  lat= 0.8s  ans="Southwest"
  42022062NOPV_PCO_12142022_(22-234365).pdf                in= 4727  out=  6  lat= 0.8s  ans="Southwest"
  42023006NOPV_PCP PCO_05082023_(21-231718).pdf            in= 2721  out=  6  lat= 0.8s  ans="Southwest"
  42023009NOPV_PCO_01132023_(22-232746).pdf                in= 1830  out=  7  lat= 0.7s  ans="Southwest Region"
  42023010NOPV_PCP PCO_06022023_(22-232749).pdf            in= 3196  out=  6  lat= 0.9s  ans="Southwest"
  42023016NOPV_PCO_01312023_(21-199998).pdf                in= 2359  out=  6  lat= 0.7s  ans="Southwest"
  42023017NOPV_PCO_01312023_(21-199998).pdf                in= 2981  out=  7  lat= 1.3s  ans="Southwest Region"
  42023031NOPV_PCO_04202023_(22-242818).pdf                in= 2417  out=  7  lat= 0.7s  ans="Southwest Region"
  42023033NOPV_PCO_04212023_(22-249322).pdf                in= 3901  out=  7  lat= 1.1s  ans="Southwest Region"
  42023039NOPV_PCO_05112023_(22-234780).pdf                in= 1936  out=  6  lat= 1.0s  ans="Southwest"
  42023042NOPV_PCO_05232023_(22-235632).pdf                in= 2029  out=  6  lat= 0.9s  ans="Southwest"
  42023044NOPV_PCO_05042023_(22-234487).pdf                in= 2730  out=  6  lat= 1.0s  ans="Southwest"
  42023045NOPV_PCO_05112023_(22-232770).pdf                in= 2314  out=  6  lat= 0.8s  ans="Southwest"
  42023047NOPV_PCO_10182023_(22-241127).pdf                in= 2578  out=  6  lat= 0.7s  ans="Southwest"
  42023052NOPV_PCO_10162023_(22-235649).pdf                in= 3528  out=  6  lat= 1.0s  ans="Southwest"
  42023053NOPV_PCO_06132023_(21-227138).pdf                in= 1562  out=  6  lat= 0.6s  ans="Southwest"
  42023057NOPV_PCO_11162023_(21-209415).pdf                in= 2397  out=  6  lat= 0.7s  ans="Southwest"
  42024014NOPV_PCO_01302024_(21-217155).pdf                in= 1913  out=  6  lat= 0.7s  ans="Southwest"
  42024015NOPV_PCP PCO_03252024_(22-232769).pdf            in= 4027  out=  7  lat= 0.9s  ans="Southwest Region"
  42024020NOPV_PCP PCO_11192024_(21-207841).pdf            in= 2896  out=  6  lat= 0.7s  ans="Southwest"
  42024022NOPV_PCO_03202024_(23-264818).pdf                in= 2270  out=  6  lat= 0.9s  ans="Southwest"
  42024024NOPV_PCO_05022024_(23-264209).pdf                in= 3158  out=  6  lat= 0.7s  ans="Southwest"
  42024027NOPV_PCO_05312024_(23-266081).pdf                in= 3444  out=  6  lat= 1.0s  ans="Southwest"
  42024034NOPV_PCO_08272024_(24-299840).pdf                in= 2809  out=  6  lat= 0.9s  ans="Southwest"
  42024036NOPV_PCO_10222024_(23-264819).pdf                in= 4801  out=  6  lat= 1.1s  ans="Southwest"
  42024037NOPV_PCP PCO_10042024_(23-267490).pdf            in= 5433  out=  7  lat= 1.0s  ans="Southwest Region"
  42024042NOPV_PCO_08292024_(23-267234).pdf                in= 2052  out=  7  lat= 0.8s  ans="Southwest Region"
  42024045NOPV_PCO_10212024_(23-266145).pdf                in= 2729  out=  7  lat= 0.9s  ans="Southwest Region"
  42024046NOPV_PCO_08292024_(23-267231).pdf                in= 3158  out=  7  lat= 0.7s  ans="Southwest Region"
  42024047NOPV_PCO_10222024_(23-267237).pdf                in= 1976  out=  7  lat= 1.0s  ans="Southwest Region"
  42024048NOPV_PCO_10222024_(23-264726).pdf                in= 2870  out=  6  lat= 3.2s  ans="Southwest"
  42024052NOPV_PCO_10302024_(24-297498).pdf                in= 2327  out=  6  lat= 0.7s  ans="Southwest"
  42025002NOPV_PCO_05152025_(24-296561).pdf                in= 2824  out=  7  lat= 1.0s  ans="Southwest Region"
  42025007NOPV_PCO_10012025_(24-301886).pdf                in= 2626  out=  6  lat= 0.7s  ans="Southwest"
  42025012NOPV_PCP PCO_12312025_(23-292329).pdf            in=13000  out=  7  lat= 1.1s  ans="Southwest Region"
  42025021NOPV_PCO_01082025_(23-266712).pdf                in= 2427  out=  6  lat= 0.6s  ans="Southwest"
  42025029NOPV_PCO_05082025_(24-296566).pdf                in= 2268  out=  6  lat= 0.7s  ans="Southwest"
  42025031NOPV_PCO_12222025_(24-296702).pdf                in= 3344  out=  7  lat= 1.3s  ans="Southwest Region"
  42025034NOPV_PCO_12222025_(24-296704).pdf                in= 3045  out=  7  lat= 1.0s  ans="Southwest Region"
  42025035NOPV_PCP PCO_12232025_(24-305809).pdf            in= 2912  out=  7  lat= 0.8s  ans="Southwest Region"
  42025039NOPV_PCO_07032025_(24-298760).pdf                in= 2335  out=  7  lat= 0.8s  ans="Southwest Region"
  42025040NOPV_PCO_08282025_(24-308458).pdf                in= 2665  out=  7  lat= 0.8s  ans="Southwest Region"
  42025043NOPV_PCO_11252025_(24-296703).pdf                in= 3457  out=  7  lat= 0.8s  ans="Southwest Region"
  42025047NOPV_PCO_08202025_(24-296558).pdf                in= 2224  out=  6  lat= 0.7s  ans="Southwest"
  42025049NOPV_PCO_07102025_(24-296979).pdf                in= 2164  out=  7  lat= 1.0s  ans="Southwest Region"
  42025056NOPV_PCP PCO_08292025_(24-296556).pdf            in= 4563  out=  6  lat= 0.9s  ans="Southwest"
  42025060NOPV_PCO_11042025_(24-296536).pdf                in= 2429  out=  6  lat= 0.9s  ans="Southwest"
  42026004NOPV_PCO_02112026_(25-329817).pdf                in= 1989  out=  6  lat= 0.9s  ans="Southwest"
  42026012NOPV_PCP PCO_02122026_(23-266706).pdf            in= 2806  out=  6  lat= 0.8s  ans="Southwest"
  42026013NOPV_PCP PCO_02182026_(23-266740).pdf            in= 4093  out=  7  lat= 2.2s  ans="Southwest Region"
  42026023NOPV_PCO_02122026_(25-329815).pdf                in= 2504  out=  6  lat= 1.1s  ans="Southwest"
  52021031NOPV_PCP PCO_08112021_(21-208158).pdf            in= 5370  out=  5  lat= 1.0s  ans="Western"
  52021037NOPV_PCO_09172021_(21-201448).pdf                in= 2400  out=  6  lat= 0.8s  ans="Western Region"
  52021051NOPV_PCO_10152021_(20-173120).pdf                in= 2105  out=  6  lat= 0.7s  ans="Western Region"
  52021057NOPV_PCO_12202021_(21-199974).pdf                in= 1912  out=  6  lat= 0.8s  ans="Western Region"
  52022002NOPV_PCO_03302022_(21-199723).pdf                in= 3226  out=  5  lat= 1.1s  ans="Western"
  52022006NOPV_PCO_09072022_(21-213178).pdf                in= 3690  out=  6  lat= 0.8s  ans="Western Region"
  52022008NOPV_PCO_07182022_(20-191036).pdf                in= 4404  out=  6  lat= 1.0s  ans="Western Region"
  52022019NOPV_PCO_03072022_(21-201443).pdf                in= 2266  out=  5  lat= 0.7s  ans="Western"
  52022021NOPV_PCO_06152022_(21-201441).pdf                in= 2416  out=  6  lat= 0.7s  ans="Western Region"
  52022023NOPV_PCO_04272022_(21-218958).pdf                in= 3409  out=  5  lat= 0.6s  ans="Western"
  52022024NOPV_PCO_04272022_(21-218959).pdf                in= 2759  out=  6  lat= 0.9s  ans="Western Region"
  52022028NOPV_PCO_09072022_(21-201439).pdf                in= 3287  out=  5  lat= 0.7s  ans="Western"
  52022037NOPV_PCP PCO_04272022_(22-236002).pdf            in= 2870  out=  5  lat= 0.9s  ans="Western"
  52022038NOPV_PCO_04122022_(21-219857).pdf                in= 2177  out=  5  lat= 0.7s  ans="Western"
  52022041NOPV_PCO_05092022_(21-219864).pdf                in= 2855  out=  5  lat= 0.9s  ans="Western"
  52022042NOPV_PCO_05132022_(21-214526).pdf                in= 2119  out=  5  lat= 0.7s  ans="Western"
  52022050NOPV_PCO_12192022_(22-232643).pdf                in= 2898  out=  6  lat= 0.7s  ans="Western Region"
  52022052NOPV_PCO_12012022_(22-232653).pdf                in= 1993  out=  5  lat= 0.7s  ans="Western"
  52023003NOPV_PCP PCO_04112023_(22-236099).pdf            in= 2294  out=  5  lat= 0.7s  ans="Western"
  52023009NOPV_PCP PCO_03012023_(21-217219).pdf            in= 5156  out=  5  lat= 3.4s  ans="Western"
  52023011NOPV_PCP PCO_04062023_(21-225379).pdf            in=13834  out=  5  lat= 1.3s  ans="Western"
  52023012NOPV_PCO_03012023_(22-251101).pdf                in= 4272  out=  6  lat= 0.8s  ans="Western Region"
  52023016NOPV_PCO_03242023_(21-207466).pdf                in= 3674  out=  5  lat= 0.9s  ans="Western"
  52023019NOPV_PCP PCO_12272023_(22-236528).pdf            in= 8225  out=  6  lat= 1.0s  ans="Western Region"
  52023021NOPV_PCO_02062023_(22-239515).pdf                in= 2169  out=  5  lat= 0.7s  ans="Western"
  52023025NOPV_PCP PCO_04062023_(21-200502).pdf            in= 3547  out=  6  lat= 0.9s  ans="Western Region"
  52023027NOPV_PCO_01192023_(22-232634).pdf                in= 2114  out=  5  lat= 0.7s  ans="Western"
  52023029NOPV_PCP PCO_06222023_(22-251181).pdf            in= 7936  out=  6  lat= 0.8s  ans="Western Region"
  52023030NOPV_PCO_04172023_(21-200923).pdf                in= 1523  out=  5  lat= 0.7s  ans="Western"
  52023031NOPV_PCP PCO_10112023_(22-232626).pdf            in= 5713  out=  6  lat= 0.8s  ans="Western Region"
  52023033NOPV_PCO_07192023_(22-239213).pdf                in= 2841  out=  5  lat= 0.7s  ans="Western"
  52023035NOPV_PCO_10252023_(22-239214).pdf                in= 2742  out=  5  lat= 0.8s  ans="Western"
  52023037NOPV_PCP PCO_09182023_(22-232625).pdf            in= 4684  out=  6  lat= 0.8s  ans="Western Region"
  52023039NOPV_PCO_11022023_(22-254201).pdf                in= 5115  out=  6  lat= 0.8s  ans="Western Region"
  52023040NOPV_PCO_07262023_(23-264043).pdf                in= 2001  out=  6  lat= 0.6s  ans="Western Region"
  52023042NOPV_PCO_12262023_(22-232644).pdf                in= 2932  out=  6  lat= 0.7s  ans="Western Region"
  52023043NOPV_PCO_10252023_(22-239216).pdf                in= 3432  out=  5  lat= 0.8s  ans="Western"
  52023046NOPV_PCP PCO_12272023_(22-257275).pdf            in=12827  out=  5  lat= 0.9s  ans="Western"
  52023048NOPV_PCO_11022023_(22-239215).pdf                in= 2740  out=  5  lat= 0.7s  ans="Western"
  52023052NOPV_PCO_10272023_(22-246104).pdf                in= 1879  out=  6  lat= 1.0s  ans="Western Region"
  52023054NOPV_PCO_08212023_(23-264167).pdf                in= 3609  out=  5  lat= 2.2s  ans="Western"
  52024001NOPV_PCO_12122024_(24-297227).pdf                in= 2880  out=  5  lat= 0.7s  ans="Western"
  52024002NOPV_PCP PCO_01292024_22-258385.pdf              in= 4069  out=  5  lat= 0.7s  ans="Western"
  52024003NOPV_PCP PCO_05222024_(22-232568).pdf            in= 4082  out=  5  lat= 0.6s  ans="Western"
  52024009NOPV_PCO_ 03042024_(22-239217).pdf               in= 2148  out=  5  lat= 0.7s  ans="Western"
  52024010NOPV_PCO_01102024_(23-264168).pdf                in= 2797  out=  5  lat= 0.9s  ans="Western"
  52024011NOPV_PCO_02232024_(23-264348).pdf                in= 3932  out=  6  lat= 1.0s  ans="Western Region"
  52024015NOPV_PCO_04152024_(23-264582).pdf                in= 6315  out=  6  lat= 0.8s  ans="Western Region"
  52024016NOPV_PCO_05232024_(23-264378).pdf                in= 6433  out=  6  lat= 0.9s  ans="Western Region"
  52024023NOPV_PCP PCO_08232024_(23-264166).pdf            in= 3547  out=  5  lat= 0.9s  ans="Western"
  52024026NOPV_PCO_12102024_(23-265653).pdf                in= 6351  out=  6  lat= 0.8s  ans="Western Region"
  52024039NOPV_PCO_12062024_(24-297378).pdf                in= 1968  out=  6  lat= 0.7s  ans="Western Region"
  52024040NOPV_PCO_11182024_(24-297214).pdf                in= 2973  out=  5  lat= 0.8s  ans="Western"
  52024041NOPV_PCO_12182024_(24-295915).pdf                in= 3206  out=  6  lat= 0.9s  ans="Western Region"
  52025006NOPV_PCP PCO_07302025_(24-296481).pdf            in= 2602  out=  6  lat= 0.6s  ans="Western Region"
  52025010NOPV_PCO_04252025_(24-298502).pdf                in= 6835  out=  6  lat= 0.8s  ans="Western Region"
  52025011NOPV_PCO_05022025_(24-305759).pdf                in= 2882  out=  6  lat= 0.8s  ans="Western Region"
  52025014NOPV_PCO_05022025_(24-297328).pdf                in= 3077  out=  6  lat= 0.7s  ans="Western Region"
  52025023NOPV_PCP PCO_10022025_(25-329886).pdf            in= 5547  out=  5  lat= 0.8s  ans="Western"
  52025026NOPV_PCO_07292025_(24-297246).pdf                in= 2284  out=  6  lat= 0.9s  ans="Western Region"
  52025028NOPV_PCP PCO_11172025_(24-298503).pdf            in= 3623  out=  6  lat= 0.9s  ans="Western Region"
  52025033NOPV_PCO_11212025_(24-297332).pdf                in= 3348  out=  6  lat= 1.0s  ans="Western Region"
  52025039NOPV_PCO_12082025_(24-296470).pdf                in= 3965  out=  5  lat= 0.8s  ans="Western"
  52026002NOPV_PCO_01222026_(25-331927).pdf                in= 5927  out=  5  lat= 0.7s  ans="Western"

=== On what date was this Notice of Probable Violation issued? ===
  SKIP (too short): 12021057NOPV_PCO_10072021_(20-172138).pdf
  SKIP (too short): 12021065NOPV_NOPV_PCO_12102021_(20-172057).pdf
  12022023NOPV_PCO_03312022_(20-194651).pdf                in= 3188  out= 11  lat= 0.7s  ans="March 31, 2022"
  SKIP (too short): 12023022NOPV_PCO_04132023_(22-234207).pdf
  SKIP (too short): 12023028NOPV_PCO_05252023_(22-232998).pdf
  12023047NOPV_PCO_12042023_(22-233293).pdf                in= 4219  out= 11  lat= 0.8s  ans="December 4, 2023"
  SKIP (too short): 12023050NOPV_PCO_09052023_(22-233356).pdf
  SKIP (too short): 12024001NOPV_PCO_03212024_(22-233343).pdf
  SKIP (too short): 12024003NOPV_PCP PCO_03282024_(23-266431).pdf
  SKIP (too short): 12024004NOPV_PCO_02152024_(22-233363).pdf
  12024018NOPV_PCO_08262024_(23-263980).pdf                in= 2280  out= 11  lat= 0.8s  ans="August 26, 2024"
  12024039NOPV_PCO_11062024_(23-276594).pdf                in= 6303  out= 11  lat= 0.8s  ans="November 6, 2024"
  12024051NOPV_PCO_07052024_(24-297439).pdf                in= 2361  out= 11  lat= 0.9s  ans="July 5, 2024"
  12025001NOPV_PCO_05302025_(23-265078).pdf                in= 5659  out= 11  lat= 0.8s  ans="May 30, 2025"
  12025006NOPV_PCO_05082025_(23-272518).pdf                in= 2248  out= 11  lat= 0.9s  ans="May 8, 2025"
  12026002NOPV_PCO_01232026_(24-295891).pdf                in= 2193  out= 11  lat= 0.9s  ans="January 23, 2026"
  12026003NOPV_PCO_02132026_(24-309719).pdf                in= 4138  out= 11  lat= 1.1s  ans="February 13, 2026"
  12026012NOPV_PCO_02062026_(25-329693).pdf                in= 2785  out= 11  lat= 1.0s  ans="February 6, 2026"
  12026015NOPV_PCO_02122026_(24-296051).pdf                in= 4160  out= 11  lat= 1.0s  ans="February 12, 2026"
  12026022NOPV_PCO_02242026_(25-330072).pdf                in= 2349  out= 11  lat= 0.8s  ans="February 24, 2026"
  12026032NOPV_PCO_02132026_ (25-330095).pdf               in= 2273  out= 11  lat= 0.7s  ans="February 13, 2026"
  22023002NOPV_PCO_07282023_(21-202409).pdf                in= 2184  out= 11  lat= 1.0s  ans="July 28, 2023"
  22023011NOPV_PCO_07282023_(21-202560).pdf                in= 5855  out= 11  lat= 0.8s  ans="July 28, 2023"
  22023013NOPV_PCP PCO_11162023_(21-224433).pdf            in= 9103  out= 11  lat= 1.3s  ans="November 16, 2023"
  22024001NOPV_PCP PCO_06272024_(24-304023).pdf            in= 4836  out= 11  lat= 0.8s  ans="June 27, 2024"
  22024011NOPV_PCP PCO (AMENDED)_07092024_(22-235530).pdf  in= 5099  out= 11  lat= 0.9s  ans="July 9, 2024"
  32021028NOPV_PCP PCO_11022021_(20-172212).pdf            in= 2603  out= 11  lat= 0.9s  ans="November 2, 2021"
  32021043NOPV_PCP PCO_12072021_(20-179274).pdf            in= 7621  out= 11  lat= 0.8s  ans="December 7, 2021"
  32021045NOPV_PCP PCO_11052021_(20-172259).pdf            in= 2652  out= 11  lat= 0.8s  ans="November 5, 2021"
  32021046NOPV_PCP PCO_11232021_(20-172259).pdf            in= 5952  out= 11  lat= 1.1s  ans="November 23, 2021"
  32021051NOPV_PCP PCO_11102021_(21-200403).pdf            in= 5691  out= 11  lat= 0.8s  ans="November 10 , 2021"
  32021059NOPV_PCP PCO_12302021_(21-200404).pdf            in= 5319  out= 11  lat= 1.2s  ans="December 30, 2021"
  32021070NOPV_PCP PCO_12302021_(21-199716).pdf            in= 3165  out= 11  lat= 0.8s  ans="December 30, 2021"
  32021073NOPV_PCP PCO_12222021_(20-173072).pdf            in= 3065  out= 11  lat= 0.7s  ans="December 22, 2021"
  32021080NOPV_PCP PCO_12222021_(21-199715).pdf            in= 3410  out= 11  lat= 0.9s  ans="December 22, 2021"
  32021082NOPV_PCO_12012021_(20-172259).pdf                in= 2142  out= 11  lat= 0.8s  ans="December 1, 2021"
  32021087NOPV_PCP PCO_12132021_(21-210505).pdf            in= 2358  out= 11  lat= 0.8s  ans="December 13, 2021"
  32021088NOPV_PCO_11302021_(21-210503).pdf                in= 1801  out= 11  lat= 0.7s  ans="November 30, 2021"
  32021089NOPV_PCP PCO_11302021_(21-210502).pdf            in= 2611  out= 11  lat= 0.8s  ans="November 30, 2021"
  32022001NOPV_PCP PCO_08082022_(21-208610).pdf            in= 2035  out= 11  lat= 0.8s  ans="August 8, 2022"
  32022006NOPV_PCP PCO_04182022_(21-200783).pdf            in= 3685  out= 11  lat= 0.8s  ans="April 18, 2021"
  32022016NOPV_PCO_01072022_(20-187013).pdf                in= 2206  out= 11  lat= 0.9s  ans="January 7, 2022"
  32022017NOPV_PCP PCO_01112022_(21-210504).pdf            in= 4555  out= 11  lat= 0.9s  ans="January 11, 2022"
  32022018NOPV_PCP PCO_01192022_(21-210993).pdf            in= 4988  out= 11  lat= 0.9s  ans="January 19, 2022"
  32022024NOPV_PCO_03252022_(20-179518).pdf                in= 1711  out= 11  lat= 0.8s  ans="March 25, 2022"
  32022025NOPV_PCP PCO_10142022_(20-182827).pdf            in= 2327  out= 11  lat= 0.8s  ans="October 14, 2022"
  32022026NOPV_PCP PCO_05052022_(20-173062).pdf            in= 7739  out= 11  lat= 0.8s  ans="May 5, 2022"
  32022033NOPV_PCP PCO_03172022_(21-203212).pdf            in= 2828  out= 11  lat= 1.0s  ans="March 17, 2022"
  32022037NOPV_PCP PCO_03012022_(21-201004).pdf            in= 3007  out= 11  lat= 1.0s  ans="March 1, 2022"
  32022040NOPV_PCO_02172022_(20-179276).pdf                in= 2916  out= 11  lat= 0.8s  ans="February 17, 2022"
  32022045NOPV_PCP PCO_04282022_(21-201001).pdf            in= 3042  out= 11  lat= 0.8s  ans="April 28, 2022"
  32022047NOPV_PCP PCO_05122022_(21-201425).pdf            in= 4638  out= 11  lat= 1.0s  ans="May 12, 2022"
  32022052NOPV_PCP PCO_11102022_(21-207738).pdf            in= 4323  out= 11  lat= 0.8s  ans="November 10, 2022"
  32022053NOPV_PCP PCO_08222022_(21-210151).pdf            in= 4076  out= 11  lat= 1.0s  ans="August 22, 2022"
  32022055NOPV_PCO_11082022_(21-209703).pdf                in= 1810  out= 11  lat= 0.8s  ans="November 8, 2022"
  32022056NOPV_PCP PCO_11082022_(21-209703).pdf            in= 3412  out= 11  lat= 1.2s  ans="November 8, 2022"
  32022058NOPV_PCP PCO (AMENDED)_09142022_(22-242811).pdf  in= 4861  out= 11  lat= 0.9s  ans="September 14, 2022"
  32022061NOPV_PCP PCO_12222022_(21-201318).pdf            in= 3642  out= 11  lat= 0.8s  ans="December 22, 2022"
  32022062NOPV_PCO_09142022_(21-202559).pdf                in= 2099  out= 11  lat= 0.8s  ans="September 14, 2022"
  32022069NOPV_PCO_11292022_(22-233904).pdf                in=  482  out=  6  lat= 0.9s  ans="NOT FOUND"
  32023002NOPV_PCP PCO_01182023_(21-202836).pdf            in= 2635  out= 11  lat= 0.9s  ans="January 18, 2023"
  32023005NOPV_PCP PCO_01252023_(22-261675).pdf            in= 3974  out= 11  lat= 1.2s  ans="January 25, 2023"
  32023006NOPV_PCP PCO_05042023_(22-235672).pdf            in= 2380  out= 11  lat= 0.8s  ans="May 4, 2023"
  32023008NOPV_PCP PCO_06022023_(21-207275).pdf            in= 3728  out= 11  lat= 1.2s  ans="June 2, 2023"
  32023011NOPV_PCP PCO_09122023_(22-233376).pdf            in= 2317  out= 11  lat= 0.7s  ans="September 12, 2023"
  32023014NOPV_PCP PCO_07272023_(22-250434).pdf            in= 4478  out= 11  lat= 1.0s  ans="July 27, 2023"
  32023016NOPV_PCP PCO_09082023_(22-238055).pdf            in= 5169  out= 11  lat= 1.1s  ans="September 8, 2023"
  32023020NOPV_PCP PCO_08112023_(22-237273).pdf            in= 3501  out= 11  lat= 0.8s  ans="August 11, 2023"
  32023021NOPV_PCP PCO_09182023_(22-245404).pdf            in= 4122  out= 11  lat= 0.9s  ans="September 18, 2023"
  32023022NOPV_PCP PCO_08242023_(22-234357).pdf            in= 4103  out= 11  lat= 0.9s  ans="August 24, 2023"
  32023026NOPV_PCP PCO_09082023_(22-240208).pdf            in= 6069  out= 11  lat= 0.9s  ans="September 8, 2023"
  32023033NOPV_PCO_11272023_(22-234926).pdf                in= 2127  out= 11  lat= 0.8s  ans="November 27, 2023"
  32024001NOPV_PCO_12192024_(24-297350).pdf                in= 1480  out= 11  lat= 0.9s  ans="December 19, 2024"
  32024004NOPV_PCP PCO_03012024_(22-240209).pdf            in= 7065  out= 11  lat= 1.1s  ans="March 1, 2024"
  32024007NOPV_PCO_01182024_(22-234928).pdf                in= 2625  out= 11  lat= 0.7s  ans="January 18, 2024"
  32024008NOPV_PCP PCO_10252024_(22-237074).pdf            in= 5294  out= 11  lat= 1.0s  ans="October 25, 2024"
  32024011NOPV_PCO_02062024_(23-264235).pdf                in= 2487  out= 11  lat= 0.8s  ans="February 6, 2024"
  32024012NOPV_PCP PCO_02062024_(23-264235).pdf            in= 3518  out= 11  lat= 0.9s  ans="February 6, 2024"
  32024016NOPV_PCO_02132024_(23-264316).pdf                in= 1397  out= 11  lat= 0.9s  ans="February 13, 2024"
  32024019NOPV_PCO_03042024_(22-233359).pdf                in= 1311  out= 11  lat= 0.9s  ans="March 4, 2024"
  32024020NOPV_PCP PCO_06132024_(21-199489).pdf            in= 7684  out= 11  lat= 0.9s  ans="June 13, 2024"
  32024022NOPV_PCP PCO_05082024_(23-268060).pdf            in= 4001  out= 11  lat= 0.7s  ans="May 8, 2024"
  32024028NOPV_PCO_12302024_(22-235481).pdf                in= 2818  out= 11  lat= 0.9s  ans="December 30, 2024"
  32024030NOPV_PCO_06032024_(23-264637).pdf                in= 2498  out=  6  lat= 0.8s  ans="NOT FOUND"
  32024035NOPV_PCO_04152024_(23-270170).pdf                in= 2195  out= 11  lat= 0.9s  ans="April 15, 2024"
  32024036NOPV_PCP PCO_06282024_(23-264742).pdf            in= 3307  out=  6  lat= 0.8s  ans="NOT FOUND"
  32024038NOPV_PCP PCO_05312024_(22-233382).pdf            in= 3702  out= 11  lat= 0.9s  ans="May 31, 2024"
  32024040NOPV_PCP PCO_09062024_(23-264452).pdf            in= 5203  out= 11  lat= 0.8s  ans="September 6, 2024"
  32024042NOPV_PCO_06032024_(23-264638).pdf                in= 2095  out= 11  lat= 0.7s  ans="June 3, 2024"
  32024044NOPV_PCP PCO_04182024_(23-265891).pdf            in= 3110  out= 11  lat= 0.9s  ans="April 18, 2024"
  32024045NOPV_PCP PCO_05102024_(23-264643).pdf            in= 4129  out= 11  lat= 0.9s  ans="May 10, 2024"
  32024049NOPV_PCP PCO_07022024_(23-264476).pdf            in= 3102  out= 11  lat= 1.0s  ans="July 2, 2024"
  32024050NOPV_PCP PCO_08282024_(23-264059).pdf            in= 3249  out= 11  lat= 0.8s  ans="August 28, 2024"
  32024052NOPV_PCP PCO_07032024_(24-305436).pdf            in= 3095  out= 11  lat= 0.8s  ans="July 3, 2024"
  32024053NOPV_PCO_12122024_(22-233381).pdf                in= 2318  out= 11  lat= 0.9s  ans="December 12, 2024"
  32024054NOPV_PCO_08232024_(23-264382).pdf                in= 2130  out= 11  lat= 0.7s  ans="August 23, 2024"
  32024056NOPV_PCP PCO_10252024_(23-264602).pdf            in= 4507  out= 11  lat= 0.8s  ans="October 25, 2024"
  32024058NOPV_PCO_12042024_(23-264827).pdf                in= 2180  out= 11  lat= 0.9s  ans="December 4, 2024"
  32024062NOPV_PCP PCO_11212024_(23-266139).pdf            in= 1907  out= 11  lat= 0.8s  ans="November 21, 2024"
  32024066NOPV_PCP PCO_08222024_(23-282184).pdf            in= 2797  out= 11  lat= 0.9s  ans="August 22, 2024"
  32024069NOPV_PCP PCO_11142024_(23-264601).pdf            in= 2785  out= 11  lat= 0.9s  ans="November 14, 2024"
  32024071NOPV_PCP PCO_11142024_(23-264063).pdf            in= 2685  out= 11  lat= 0.8s  ans="November 14, 2024"
  32025003NOPV_PCP PCO_01162025_(23-264381).pdf            in= 4022  out=  6  lat= 0.7s  ans="NOT FOUND"
  32025004NOPV_PCO_05052025_(23-264480).pdf                in= 3488  out= 11  lat= 1.0s  ans="May 5, 2025"
  32025006NOPV_PCP PCO_08182025_(23-264820).pdf            in= 4051  out= 11  lat= 1.0s  ans="August 18, 2025"
  32025007NOPV_PCP PCO_06252025_(23-264832).pdf            in= 6338  out= 11  lat= 0.9s  ans="June 25, 2025"
  32025008NOPV_PCP PCO_06162025_(23-264835).pdf            in= 3714  out= 11  lat= 0.9s  ans="June 16, 2025"
  32025022NOPV_PCO_07182025_(24-297198).pdf                in= 5633  out= 11  lat= 0.8s  ans="July 18, 2025"
  32025024NOPV_PCO_11062025_(24-297583).pdf                in= 4774  out= 11  lat= 0.9s  ans="November 6, 2025"
  32025027NOPV_PCO_07012025_(24-299195).pdf                in= 2553  out= 11  lat= 0.9s  ans="July 1, 2025"
  32025029NOPV_PCO_08152025_(24-297350).pdf                in= 3473  out= 11  lat= 1.0s  ans="August 15, 2025"
  32026004NOPV_PCO_02032026_(25-330822).pdf                in= 3026  out= 11  lat= 1.2s  ans="February 3, 2026"
  42021001NOPV_PCO_10042021_(20-172501).pdf                in= 3634  out= 11  lat= 0.7s  ans="October 4, 2021"
  42021008NOPV_PCO_11152021_(20-172587).pdf                in= 2760  out= 11  lat= 0.7s  ans="November 15, 2021"
  42021010NOPV_PCO_10272021_(20-172682).pdf                in= 3099  out= 11  lat= 0.8s  ans="October 27, 2021"
  42021011NOPV_PCO_11022021_(20-172601).pdf                in= 4151  out= 11  lat= 0.8s  ans="November 2, 2021"
  42021022NOPV_PCO_09232021_(20-186120).pdf                in= 2094  out= 11  lat= 1.0s  ans="September 23, 2021"
  42021027NOPV_PCO_08182021_(20-172515).pdf                in= 3006  out= 11  lat= 0.9s  ans="August 18, 2021"
  42021033NOPV_PCO_09232021_(21-220612).pdf                in= 1660  out= 11  lat= 0.9s  ans="September 23, 2021"
  42021034NOPV_PCP PCO_12212021_(20-183709).pdf            in= 3590  out= 11  lat= 0.7s  ans="December 21, 2021"
  42021039NOPV_PCO_11232021_(20-178576).pdf                in= 2564  out= 11  lat= 0.8s  ans="November 23, 2021"
  42021047NOPV_PCO_10212021_(21-202129).pdf                in= 2675  out= 11  lat= 0.9s  ans="October 21, 2021"
  42021057NOPV_PCO_11012021_(21-200343).pdf                in= 2826  out= 11  lat= 1.0s  ans="November 1, 2021"
  42022001NOPV_PCO_08042022_(21-210603).pdf                in= 1738  out=  6  lat= 0.8s  ans="NOT FOUND"
  42022007NOPV_PCP PCO_02112022_(21-230161).pdf            in= 3875  out= 11  lat= 0.9s  ans="February 11, 2022"
  42022009NOPV_PCP PCO_01212022_(21-199753).pdf            in= 3452  out= 11  lat= 0.8s  ans="January 21, 2022"
  42022015NOPV_PCO_02232021_(21-500287).pdf                in= 2432  out= 11  lat= 0.9s  ans="February 23, 2022"
  42022018NOPV_PCO_02142022_(21-207285).pdf                in= 2752  out= 11  lat= 1.0s  ans="February 14, 2022"
  42022025NOPV_PCO_02102022_(21-209144).pdf                in= 2643  out= 11  lat= 0.9s  ans="February 10, 2022"
  42022026NOPV_PCO_01262022_(21-209158).pdf                in= 3986  out= 11  lat= 0.9s  ans="January 26, 2022"
  42022028NOPV_PCO_04082022_(21-199241).pdf                in= 2475  out= 11  lat= 0.7s  ans="April 8, 2022"
  42022039NOPV_PCP PCO_06172022_(21-203269).pdf            in= 2632  out= 11  lat= 0.7s  ans="June 17, 2022"
  42022041NOPV_PCO_08052022_(21-199244).pdf                in= 3405  out= 11  lat= 1.1s  ans="August 5, 2022"
  42022046NOPV_PCO_08052022_(22-250946).pdf                in= 2776  out= 11  lat= 0.9s  ans="August 5, 2022"
  42022047NOPV_PCO_08032022_(21-199242).pdf                in= 3465  out= 11  lat= 1.0s  ans="August 3, 2022"
  42022061NOPV_PCO_10312022_(22-233712).pdf                in= 3182  out= 11  lat= 0.7s  ans="October 31, 2022"
  42022062NOPV_PCO_12142022_(22-234365).pdf                in= 4732  out= 11  lat= 1.0s  ans="December 14, 2022"
  42023006NOPV_PCP PCO_05082023_(21-231718).pdf            in= 2726  out= 11  lat= 0.8s  ans="May 8, 2023"
  42023009NOPV_PCO_01132023_(22-232746).pdf                in= 1835  out= 11  lat= 0.8s  ans="January 13, 2023"
  42023010NOPV_PCP PCO_06022023_(22-232749).pdf            in= 3201  out= 11  lat= 1.1s  ans="June 2, 2023"
  42023016NOPV_PCO_01312023_(21-199998).pdf                in= 2364  out= 11  lat= 0.9s  ans="January 31, 2023"
  42023017NOPV_PCO_01312023_(21-199998).pdf                in= 2986  out= 11  lat= 1.1s  ans="January 31, 2023"
  42023031NOPV_PCO_04202023_(22-242818).pdf                in= 2422  out= 11  lat= 0.7s  ans="April 20, 2023"
  42023033NOPV_PCO_04212023_(22-249322).pdf                in= 3906  out= 11  lat= 0.8s  ans="April 21, 2023"
  42023039NOPV_PCO_05112023_(22-234780).pdf                in= 1941  out= 11  lat= 0.7s  ans="May 11, 2023"
  42023042NOPV_PCO_05232023_(22-235632).pdf                in= 2034  out= 11  lat= 1.0s  ans="May 23, 2023"
  42023044NOPV_PCO_05042023_(22-234487).pdf                in= 2735  out= 11  lat= 0.9s  ans="May 4, 2023"
  42023045NOPV_PCO_05112023_(22-232770).pdf                in= 2319  out= 11  lat= 0.7s  ans="May 11, 2023"
  42023047NOPV_PCO_10182023_(22-241127).pdf                in= 2583  out= 11  lat= 0.7s  ans="October 18, 2023"
  42023052NOPV_PCO_10162023_(22-235649).pdf                in= 3533  out= 11  lat= 0.9s  ans="October 16, 2023"
  42023053NOPV_PCO_06132023_(21-227138).pdf                in= 1567  out= 11  lat= 0.7s  ans="June 13, 2023"
  42023057NOPV_PCO_11162023_(21-209415).pdf                in= 2402  out= 11  lat= 0.7s  ans="November 16, 2023"
  42024014NOPV_PCO_01302024_(21-217155).pdf                in= 1918  out= 11  lat= 0.8s  ans="January 30, 2024"
  42024015NOPV_PCP PCO_03252024_(22-232769).pdf            in= 4032  out= 11  lat= 0.9s  ans="March 25, 2024"
  42024020NOPV_PCP PCO_11192024_(21-207841).pdf            in= 2901  out= 11  lat= 0.7s  ans="November 19, 2024"
  42024022NOPV_PCO_03202024_(23-264818).pdf                in= 2275  out= 11  lat= 0.9s  ans="March 20, 2024"
  42024024NOPV_PCO_05022024_(23-264209).pdf                in= 3163  out= 11  lat= 0.8s  ans="May 2, 2024"
  42024027NOPV_PCO_05312024_(23-266081).pdf                in= 3449  out= 11  lat= 0.9s  ans="May 31, 2024"
  42024034NOPV_PCO_08272024_(24-299840).pdf                in= 2814  out= 11  lat= 0.8s  ans="August 27, 2024"
  42024036NOPV_PCO_10222024_(23-264819).pdf                in= 4806  out= 11  lat= 0.9s  ans="October 22, 2024"
  42024037NOPV_PCP PCO_10042024_(23-267490).pdf            in= 5438  out= 11  lat= 0.9s  ans="October 4, 2024"
  42024042NOPV_PCO_08292024_(23-267234).pdf                in= 2057  out= 11  lat= 0.7s  ans="August 29, 2024"
  42024045NOPV_PCO_10212024_(23-266145).pdf                in= 2734  out= 11  lat= 0.7s  ans="October 21, 2024"
  42024046NOPV_PCO_08292024_(23-267231).pdf                in= 3163  out= 11  lat= 0.9s  ans="August 29, 2024"
  42024047NOPV_PCO_10222024_(23-267237).pdf                in= 1981  out= 11  lat= 0.8s  ans="October 22, 2024"
  42024048NOPV_PCO_10222024_(23-264726).pdf                in= 2875  out= 11  lat= 0.8s  ans="October 22, 2024"
  42024052NOPV_PCO_10302024_(24-297498).pdf                in= 2332  out= 11  lat= 0.8s  ans="October 30, 2024"
  42025002NOPV_PCO_05152025_(24-296561).pdf                in= 2829  out= 11  lat= 0.8s  ans="May 15, 2025"
  42025007NOPV_PCO_10012025_(24-301886).pdf                in= 2631  out= 11  lat= 1.0s  ans="October 1, 2025"
  42025012NOPV_PCP PCO_12312025_(23-292329).pdf            in=13005  out= 11  lat= 1.1s  ans="December 31, 2025"
  42025021NOPV_PCO_01082025_(23-266712).pdf                in= 2432  out= 11  lat= 0.8s  ans="January 8, 2025"
  42025029NOPV_PCO_05082025_(24-296566).pdf                in= 2273  out= 11  lat= 0.7s  ans="May 8, 2025"
  42025031NOPV_PCO_12222025_(24-296702).pdf                in= 3349  out= 11  lat= 0.8s  ans="December 22, 2025"
  42025034NOPV_PCO_12222025_(24-296704).pdf                in= 3050  out= 11  lat= 0.9s  ans="December 22, 2025"
  42025035NOPV_PCP PCO_12232025_(24-305809).pdf            in= 2917  out= 11  lat= 0.8s  ans="December 23, 2025"
  42025039NOPV_PCO_07032025_(24-298760).pdf                in= 2340  out= 11  lat= 0.9s  ans="July 3, 2025"
  42025040NOPV_PCO_08282025_(24-308458).pdf                in= 2670  out= 11  lat= 0.9s  ans="August 28, 2025"
  42025043NOPV_PCO_11252025_(24-296703).pdf                in= 3462  out= 11  lat= 0.9s  ans="November 25, 2025"
  42025047NOPV_PCO_08202025_(24-296558).pdf                in= 2229  out= 11  lat= 0.7s  ans="August 20, 2025"
  42025049NOPV_PCO_07102025_(24-296979).pdf                in= 2169  out= 11  lat= 1.1s  ans="July 10, 2025"
  42025056NOPV_PCP PCO_08292025_(24-296556).pdf            in= 4568  out= 11  lat= 1.0s  ans="August 29, 2025"
  42025060NOPV_PCO_11042025_(24-296536).pdf                in= 2434  out= 11  lat= 0.8s  ans="November 4, 2025"
  42026004NOPV_PCO_02112026_(25-329817).pdf                in= 1994  out= 11  lat= 0.7s  ans="February 11, 2026"
  42026012NOPV_PCP PCO_02122026_(23-266706).pdf            in= 2811  out= 11  lat= 0.9s  ans="February 12, 2026"
  42026013NOPV_PCP PCO_02182026_(23-266740).pdf            in= 4098  out= 11  lat= 1.0s  ans="February 18, 2026"
  42026023NOPV_PCO_02122026_(25-329815).pdf                in= 2509  out= 11  lat= 0.8s  ans="February 12, 2026"
  52021031NOPV_PCP PCO_08112021_(21-208158).pdf            in= 5375  out= 11  lat= 0.8s  ans="August 11, 2021"
  52021037NOPV_PCO_09172021_(21-201448).pdf                in= 2405  out= 11  lat= 0.8s  ans="September 17, 2021"
  52021051NOPV_PCO_10152021_(20-173120).pdf                in= 2110  out= 11  lat= 0.9s  ans="October 15, 2021"
  52021057NOPV_PCO_12202021_(21-199974).pdf                in= 1917  out= 11  lat= 0.7s  ans="December 20, 2021"
  52022002NOPV_PCO_03302022_(21-199723).pdf                in= 3231  out= 11  lat= 1.1s  ans="March 30, 2022"
  52022006NOPV_PCO_09072022_(21-213178).pdf                in= 3695  out= 11  lat= 1.1s  ans="September 7, 2022"
  52022008NOPV_PCO_07182022_(20-191036).pdf                in= 4409  out= 11  lat= 1.1s  ans="July 18, 2022"
  52022019NOPV_PCO_03072022_(21-201443).pdf                in= 2271  out= 11  lat= 0.8s  ans="March 7, 2022"
  52022021NOPV_PCO_06152022_(21-201441).pdf                in= 2421  out= 10  lat= 1.2s  ans="June 15 2022"
  52022023NOPV_PCO_04272022_(21-218958).pdf                in= 3414  out= 11  lat= 1.0s  ans="April 27, 2022"
  52022024NOPV_PCO_04272022_(21-218959).pdf                in= 2764  out= 11  lat= 0.7s  ans="April 27, 2022"
  52022028NOPV_PCO_09072022_(21-201439).pdf                in= 3292  out= 11  lat= 1.0s  ans="September 7, 2022"
  52022037NOPV_PCP PCO_04272022_(22-236002).pdf            in= 2875  out= 11  lat= 0.7s  ans="April 27, 2022"
  52022038NOPV_PCO_04122022_(21-219857).pdf                in= 2182  out= 11  lat= 0.8s  ans="April 12, 2022"
  52022041NOPV_PCO_05092022_(21-219864).pdf                in= 2860  out= 11  lat= 1.0s  ans="May 9, 2022"
  52022042NOPV_PCO_05132022_(21-214526).pdf                in= 2124  out= 11  lat= 0.9s  ans="May 13, 2022"
  52022050NOPV_PCO_12192022_(22-232643).pdf                in= 2903  out= 11  lat= 0.9s  ans="December 19, 2022"
  52022052NOPV_PCO_12012022_(22-232653).pdf                in= 1998  out= 11  lat= 0.8s  ans="December 1, 2022"
  52023003NOPV_PCP PCO_04112023_(22-236099).pdf            in= 2299  out= 11  lat= 0.6s  ans="April 11, 2023"
  52023009NOPV_PCP PCO_03012023_(21-217219).pdf            in= 5161  out= 11  lat= 0.8s  ans="March 1, 2023"
  52023011NOPV_PCP PCO_04062023_(21-225379).pdf            in=13839  out= 11  lat= 1.3s  ans="April 6, 2023"
  52023012NOPV_PCO_03012023_(22-251101).pdf                in= 4277  out= 11  lat= 0.9s  ans="March 1, 2023"
  52023016NOPV_PCO_03242023_(21-207466).pdf                in= 3679  out= 10  lat= 0.8s  ans="March 24 2023"
  52023019NOPV_PCP PCO_12272023_(22-236528).pdf            in= 8230  out= 11  lat= 0.8s  ans="December 27, 2023"
  52023021NOPV_PCO_02062023_(22-239515).pdf                in= 2174  out= 11  lat= 0.7s  ans="February 6, 2023"
  52023025NOPV_PCP PCO_04062023_(21-200502).pdf            in= 3552  out= 11  lat= 0.8s  ans="April 6, 2023"
  52023027NOPV_PCO_01192023_(22-232634).pdf                in= 2119  out= 11  lat= 0.8s  ans="January 19, 2023"
  52023029NOPV_PCP PCO_06222023_(22-251181).pdf            in= 7941  out= 11  lat= 1.1s  ans="June 22, 2023"
  52023030NOPV_PCO_04172023_(21-200923).pdf                in= 1528  out= 11  lat= 0.7s  ans="April 17, 2023"
  52023031NOPV_PCP PCO_10112023_(22-232626).pdf            in= 5718  out= 11  lat= 1.1s  ans="October 11, 2023"
  52023033NOPV_PCO_07192023_(22-239213).pdf                in= 2846  out= 11  lat= 1.0s  ans="July 19, 2023"
  52023035NOPV_PCO_10252023_(22-239214).pdf                in= 2747  out= 11  lat= 0.8s  ans="October 25, 2023"
  52023037NOPV_PCP PCO_09182023_(22-232625).pdf            in= 4689  out= 11  lat= 0.9s  ans="September 18, 2023"
  52023039NOPV_PCO_11022023_(22-254201).pdf                in= 5120  out= 11  lat= 0.8s  ans="November 2, 2023"
  52023040NOPV_PCO_07262023_(23-264043).pdf                in= 2006  out= 11  lat= 1.0s  ans="July 26, 2023"
  52023042NOPV_PCO_12262023_(22-232644).pdf                in= 2937  out= 11  lat= 0.9s  ans="December 26, 2023"
  52023043NOPV_PCO_10252023_(22-239216).pdf                in= 3437  out= 11  lat= 0.9s  ans="October 25, 2023"
  52023046NOPV_PCP PCO_12272023_(22-257275).pdf            in=12832  out= 11  lat= 1.2s  ans="December 27, 2023"
  52023048NOPV_PCO_11022023_(22-239215).pdf                in= 2745  out= 11  lat= 0.8s  ans="November 2, 2023"
  52023052NOPV_PCO_10272023_(22-246104).pdf                in= 1884  out= 11  lat= 0.7s  ans="October 27, 2023"
  52023054NOPV_PCO_08212023_(23-264167).pdf                in= 3614  out= 11  lat= 0.8s  ans="August 21, 2023"
  52024001NOPV_PCO_12122024_(24-297227).pdf                in= 2885  out= 11  lat= 0.9s  ans="December 12, 2024"
  52024002NOPV_PCP PCO_01292024_22-258385.pdf              in= 4074  out= 11  lat= 0.9s  ans="January 29, 2024"
  52024003NOPV_PCP PCO_05222024_(22-232568).pdf            in= 4087  out= 11  lat= 1.0s  ans="May 22, 2024"
  52024009NOPV_PCO_ 03042024_(22-239217).pdf               in= 2153  out= 11  lat= 0.7s  ans="March 4, 2024"
  52024010NOPV_PCO_01102024_(23-264168).pdf                in= 2802  out= 11  lat= 0.7s  ans="January 10, 2024"
  52024011NOPV_PCO_02232024_(23-264348).pdf                in= 3937  out= 11  lat= 0.9s  ans="February 23, 2024"
  52024015NOPV_PCO_04152024_(23-264582).pdf                in= 6320  out= 11  lat= 0.9s  ans="April 15, 2024"
  52024016NOPV_PCO_05232024_(23-264378).pdf                in= 6438  out= 11  lat= 1.0s  ans="May 23, 2024"
  52024023NOPV_PCP PCO_08232024_(23-264166).pdf            in= 3552  out= 11  lat= 0.9s  ans="August 23, 2024"
  52024026NOPV_PCO_12102024_(23-265653).pdf                in= 6356  out= 11  lat= 1.1s  ans="December 10, 2024"
  52024039NOPV_PCO_12062024_(24-297378).pdf                in= 1973  out= 11  lat= 0.7s  ans="December 6, 2024"
  52024040NOPV_PCO_11182024_(24-297214).pdf                in= 2978  out= 11  lat= 0.9s  ans="November 18, 2024"
  52024041NOPV_PCO_12182024_(24-295915).pdf                in= 3211  out= 11  lat= 0.9s  ans="December 18, 2024"
  52025006NOPV_PCP PCO_07302025_(24-296481).pdf            in= 2607  out= 11  lat= 1.0s  ans="July 30, 2025"
  52025010NOPV_PCO_04252025_(24-298502).pdf                in= 6840  out= 11  lat= 1.1s  ans="April 25, 2025"
  52025011NOPV_PCO_05022025_(24-305759).pdf                in= 2887  out= 11  lat= 0.8s  ans="May 2, 2025"
  52025014NOPV_PCO_05022025_(24-297328).pdf                in= 3082  out= 11  lat= 0.9s  ans="May 2, 2025"
  52025023NOPV_PCP PCO_10022025_(25-329886).pdf            in= 5552  out= 11  lat= 1.0s  ans="October 2, 2025"
  52025026NOPV_PCO_07292025_(24-297246).pdf                in= 2289  out= 11  lat= 0.7s  ans="July 29, 2025"
  52025028NOPV_PCP PCO_11172025_(24-298503).pdf            in= 3628  out= 11  lat= 0.9s  ans="November 17, 2025"
  52025033NOPV_PCO_11212025_(24-297332).pdf                in= 3353  out= 11  lat= 0.9s  ans="November 21, 2025"
  52025039NOPV_PCO_12082025_(24-296470).pdf                in= 3970  out= 11  lat= 0.8s  ans="December 8, 2025"
  52026002NOPV_PCO_01222026_(25-331927).pdf                in= 5932  out= 11  lat= 0.8s  ans="January 22, 2026"

=== On what date or date range did PHMSA conduct the inspection that gave rise to th ===
  SKIP (too short): 12021057NOPV_PCO_10072021_(20-172138).pdf
  SKIP (too short): 12021065NOPV_NOPV_PCO_12102021_(20-172057).pdf
  12022023NOPV_PCO_03312022_(20-194651).pdf                in= 3210  out= 19  lat= 0.8s  ans="November 16, 2020 to November 20, 2020"
  SKIP (too short): 12023022NOPV_PCO_04132023_(22-234207).pdf
  SKIP (too short): 12023028NOPV_PCO_05252023_(22-232998).pdf
  12023047NOPV_PCO_12042023_(22-233293).pdf                in= 4241  out= 15  lat= 0.9s  ans="March 14 to November 3, 2022"
  SKIP (too short): 12023050NOPV_PCO_09052023_(22-233356).pdf
  SKIP (too short): 12024001NOPV_PCO_03212024_(22-233343).pdf
  SKIP (too short): 12024003NOPV_PCP PCO_03282024_(23-266431).pdf
  SKIP (too short): 12024004NOPV_PCO_02152024_(22-233363).pdf
  12024018NOPV_PCO_08262024_(23-263980).pdf                in= 2302  out= 20  lat= 0.8s  ans="From April 21, 2023 to November 16, 2023"
  12024039NOPV_PCO_11062024_(23-276594).pdf                in= 6325  out= 19  lat= 1.2s  ans="October 31, 2022 through March 27, 2023"
  12024051NOPV_PCO_07052024_(24-297439).pdf                in= 2383  out= 15  lat= 0.9s  ans="January 30 to January 31, 2024"
  12025001NOPV_PCO_05302025_(23-265078).pdf                in= 5681  out= 21  lat= 1.9s  ans="From July 10, 2023, to January 18, 2024"
  12025006NOPV_PCO_05082025_(23-272518).pdf                in= 2270  out= 11  lat= 0.8s  ans="May 10, 2023"
  12026002NOPV_PCO_01232026_(24-295891).pdf                in= 2215  out= 15  lat= 0.8s  ans="April 1 to July 22, 2024"
  12026003NOPV_PCO_02132026_(24-309719).pdf                in= 4160  out= 15  lat= 0.9s  ans="June 4 through December 3, 2024"
  12026012NOPV_PCO_02062026_(25-329693).pdf                in= 2807  out= 15  lat= 0.7s  ans="February 24 through April 2, 2025"
  12026015NOPV_PCO_02122026_(24-296051).pdf                in= 4182  out= 19  lat= 0.8s  ans="May 12, 2024 through December 15, 2024"
  12026022NOPV_PCO_02242026_(25-330072).pdf                in= 2371  out= 14  lat= 0.8s  ans="August 12 through 14, 2025"
  12026032NOPV_PCO_02132026_ (25-330095).pdf               in= 2295  out= 15  lat= 1.0s  ans="August 12 through August 13, 2025"
  22023002NOPV_PCO_07282023_(21-202409).pdf                in= 2206  out= 15  lat= 0.8s  ans="July 19 to July 23, 2021"
  22023011NOPV_PCO_07282023_(21-202560).pdf                in= 5877  out= 15  lat= 1.0s  ans="November 1 to November 4, 2021"
  22023013NOPV_PCP PCO_11162023_(21-224433).pdf            in= 9125  out= 27  lat= 1.3s  ans="Between September 27 and 30, 2021, and November 1 and 
  22024001NOPV_PCP PCO_06272024_(24-304023).pdf            in= 4858  out= 21  lat= 1.0s  ans="From February 24, 2024, to April 12, 2024"
  22024011NOPV_PCP PCO (AMENDED)_07092024_(22-235530).pdf  in= 5121  out= 20  lat= 0.9s  ans="From February 14, 2022 to February 17, 2023"
  32021028NOPV_PCP PCO_11022021_(20-172212).pdf            in= 2625  out= 19  lat= 0.8s  ans="February 10, 2020 through September 11, 2020"
  32021043NOPV_PCP PCO_12072021_(20-179274).pdf            in= 7643  out= 16  lat= 1.1s  ans="From February 6 through November 19, 2020"
  32021045NOPV_PCP PCO_11052021_(20-172259).pdf            in= 2674  out= 20  lat= 1.0s  ans="August 2, 2020, to October 25, 2020"
  32021046NOPV_PCP PCO_11232021_(20-172259).pdf            in= 5974  out= 20  lat= 1.0s  ans="August 2, 2020, to October 23, 2020"
  32021051NOPV_PCP PCO_11102021_(21-200403).pdf            in= 5713  out= 34  lat= 1.0s  ans="January 26, March 10-12, March 29-31, April 6, and Apr
  32021059NOPV_PCP PCO_12302021_(21-200404).pdf            in= 5341  out= 26  lat= 1.1s  ans="March 18, April 8, May 18-20, and May 27, 2021"
  32021070NOPV_PCP PCO_12302021_(21-199716).pdf            in= 3187  out= 33  lat= 1.1s  ans="March 23, April 26 through 29, May 10 through 12, and 
  32021073NOPV_PCP PCO_12222021_(20-173072).pdf            in= 3087  out= 19  lat= 1.0s  ans="February 5, 2020 through February 9, 2021"
  32021080NOPV_PCP PCO_12222021_(21-199715).pdf            in= 3432  out= 31  lat= 0.9s  ans="February 10, March 8-9, March 19, April 12-13 and Augu
  32021082NOPV_PCO_12012021_(20-172259).pdf                in= 2164  out= 14  lat= 0.9s  ans="November 23 and 24, 2020"
  32021087NOPV_PCP PCO_12132021_(21-210505).pdf            in= 2380  out= 15  lat= 0.8s  ans="May 10 through August 13, 2021"
  32021088NOPV_PCO_11302021_(21-210503).pdf                in= 1823  out= 15  lat= 0.9s  ans="May 10 through August 13, 2021"
  32021089NOPV_PCP PCO_11302021_(21-210502).pdf            in= 2633  out= 15  lat= 0.9s  ans="May 10 through August 13, 2021"
  32022001NOPV_PCP PCO_08082022_(21-208610).pdf            in= 2057  out= 14  lat= 1.2s  ans="April 27 through 30, 2021"
  32022006NOPV_PCP PCO_04182022_(21-200783).pdf            in= 3707  out= 19  lat= 1.1s  ans="April 21, 2021 through May 27, 2021"
  32022016NOPV_PCO_01072022_(20-187013).pdf                in= 2228  out= 15  lat= 1.0s  ans="July 19 to September 17, 2020"
  32022017NOPV_PCP PCO_01112022_(21-210504).pdf            in= 4577  out= 15  lat= 1.0s  ans="May 10 through August 13, 2021"
  32022018NOPV_PCP PCO_01192022_(21-210993).pdf            in= 5010  out= 26  lat= 1.1s  ans="From May 7 through 11, 2018 and December 4 through 6, 
  32022024NOPV_PCO_03252022_(20-179518).pdf                in= 1733  out= 19  lat= 0.8s  ans="May 27, 2020 through March 1, 2021"
  32022025NOPV_PCP PCO_10142022_(20-182827).pdf            in= 2349  out= 14  lat= 1.0s  ans="May 12 \u2013 13 , 2020"
  32022026NOPV_PCP PCO_05052022_(20-173062).pdf            in= 7761  out= 28  lat= 1.1s  ans="From January 27 \u2013 November 12, 2020 and October 2
  32022033NOPV_PCP PCO_03172022_(21-203212).pdf            in= 2850  out= 15  lat= 1.3s  ans="May 17 to May 21, 2021"
  32022037NOPV_PCP PCO_03012022_(21-201004).pdf            in= 3029  out= 14  lat= 0.9s  ans="May 24 to 28, 2021"
  32022040NOPV_PCO_02172022_(20-179276).pdf                in= 2938  out= 19  lat= 0.8s  ans="March 2, 2020 through March 6, 2020"
  32022045NOPV_PCP PCO_04282022_(21-201001).pdf            in= 3064  out= 15  lat= 0.9s  ans="October 18 to November 8, 2021"
  32022047NOPV_PCP PCO_05122022_(21-201425).pdf            in= 4660  out= 15  lat= 0.9s  ans="August 23 to August 27, 2021"
  32022052NOPV_PCP PCO_11102022_(21-207738).pdf            in= 4345  out= 20  lat= 1.2s  ans="March 21, 2021, through October 22, 2021"
  32022053NOPV_PCP PCO_08222022_(21-210151).pdf            in= 4098  out= 16  lat= 0.7s  ans="May 24, through November 8, 2021"
  32022055NOPV_PCO_11082022_(21-209703).pdf                in= 1832  out= 13  lat= 0.8s  ans="August 2021 and October 2021"
  32022056NOPV_PCP PCO_11082022_(21-209703).pdf            in= 3434  out= 13  lat= 0.8s  ans="August 2021 and October 2021"
  32022058NOPV_PCP PCO (AMENDED)_09142022_(22-242811).pdf  in= 4883  out= 15  lat= 0.9s  ans="August 26 to August 30, 2019"
  32022061NOPV_PCP PCO_12222022_(21-201318).pdf            in= 3664  out= 15  lat= 0.8s  ans="May 24 through December 8, 2021"
  32022062NOPV_PCO_09142022_(21-202559).pdf                in= 2121  out= 15  lat= 0.8s  ans="June 7 through September 20, 2021"
  32022069NOPV_PCO_11292022_(22-233904).pdf                in=  504  out=  6  lat= 0.8s  ans="NOT FOUND"
  32023002NOPV_PCP PCO_01182023_(21-202836).pdf            in= 2657  out= 15  lat= 1.1s  ans="February 26 to February 28, 2021"
  32023005NOPV_PCP PCO_01252023_(22-261675).pdf            in= 3996  out= 14  lat= 0.8s  ans="September 12 to September16, 2022"
  32023006NOPV_PCP PCO_05042023_(22-235672).pdf            in= 2402  out= 14  lat= 0.7s  ans="From February 2022 to August 2022"
  32023008NOPV_PCP PCO_06022023_(21-207275).pdf            in= 3750  out= 20  lat= 0.9s  ans="From August 23, 2021 to October 4, 2021"
  32023011NOPV_PCP PCO_09122023_(22-233376).pdf            in= 2339  out= 15  lat= 0.9s  ans="March 14 through August 12, 2022"
  32023014NOPV_PCP PCO_07272023_(22-250434).pdf            in= 4500  out= 15  lat= 0.9s  ans="September 19 to September 23, 2022"
  32023016NOPV_PCP PCO_09082023_(22-238055).pdf            in= 5191  out= 15  lat= 0.9s  ans="October 3 to November 4, 2022"
  32023020NOPV_PCP PCO_08112023_(22-237273).pdf            in= 3523  out= 15  lat= 0.9s  ans="April 4 to July 29, 2022"
  32023021NOPV_PCP PCO_09182023_(22-245404).pdf            in= 4144  out= 15  lat= 0.9s  ans="August 30 to September 1, 2022"
  32023022NOPV_PCP PCO_08242023_(22-234357).pdf            in= 4125  out= 21  lat= 0.9s  ans="From February 7, 2022, to October 14, 2022"
  32023026NOPV_PCP PCO_09082023_(22-240208).pdf            in= 6091  out= 15  lat= 0.9s  ans="June 27 to August 25, 2022"
  32023033NOPV_PCO_11272023_(22-234926).pdf                in= 2149  out= 15  lat= 0.7s  ans="March 28 through September 23, 2022"
  32024001NOPV_PCO_12192024_(24-297350).pdf                in= 1502  out= 19  lat= 1.1s  ans="May 20, 2024 through October 18, 2024"
  32024004NOPV_PCP PCO_03012024_(22-240209).pdf            in= 7087  out= 15  lat= 0.8s  ans="August 15 to September 28, 2022"
  32024007NOPV_PCO_01182024_(22-234928).pdf                in= 2647  out= 15  lat= 0.8s  ans="March 28 through September 23, 2022"
  32024008NOPV_PCP PCO_10252024_(22-237074).pdf            in= 5316  out= 20  lat= 1.0s  ans="February 28, 2022, through June 15, 2023"
  32024011NOPV_PCO_02062024_(23-264235).pdf                in= 2509  out= 15  lat= 1.0s  ans="April 10 through May 4, 2023"
  32024012NOPV_PCP PCO_02062024_(23-264235).pdf            in= 3540  out= 15  lat= 0.8s  ans="April 10 through May 4, 2023"
  32024016NOPV_PCO_02132024_(23-264316).pdf                in= 1419  out= 15  lat= 0.9s  ans="February 14 to July 27, 2023"
  32024019NOPV_PCO_03042024_(22-233359).pdf                in= 1333  out= 15  lat= 0.8s  ans="April 25 through May 27, 2022"
  32024020NOPV_PCP PCO_06132024_(21-199489).pdf            in= 7706  out= 16  lat= 0.9s  ans="From March 29 to January 11, 2023"
  32024022NOPV_PCP PCO_05082024_(23-268060).pdf            in= 4023  out= 15  lat= 1.0s  ans="June 5 to June 9, 2023"
  32024028NOPV_PCO_12302024_(22-235481).pdf                in= 2840  out= 19  lat= 0.8s  ans="April 18, 2022 through December 14, 2022"
  32024030NOPV_PCO_06032024_(23-264637).pdf                in= 2520  out=  6  lat= 0.8s  ans="NOT FOUND"
  32024035NOPV_PCO_04152024_(23-270170).pdf                in= 2217  out= 15  lat= 1.0s  ans="May 22 to June 8, 2023"
  32024036NOPV_PCP PCO_06282024_(23-264742).pdf            in= 3329  out=  6  lat= 0.8s  ans="NOT FOUND"
  32024038NOPV_PCP PCO_05312024_(22-233382).pdf            in= 3724  out= 15  lat= 0.9s  ans="September 12 through November 30, 2022"
  32024040NOPV_PCP PCO_09062024_(23-264452).pdf            in= 5225  out= 21  lat= 1.0s  ans="From February 2, 2023, to January 25, 2024"
  32024042NOPV_PCO_06032024_(23-264638).pdf                in= 2117  out= 16  lat= 0.8s  ans="From July 26 to September 14, 2023"
  32024044NOPV_PCP PCO_04182024_(23-265891).pdf            in= 3132  out= 15  lat= 0.9s  ans="August 28 to August 31, 2023"
  32024045NOPV_PCP PCO_05102024_(23-264643).pdf            in= 4151  out= 15  lat= 1.2s  ans="September 18 to September 28, 2023"
  32024049NOPV_PCP PCO_07022024_(23-264476).pdf            in= 3124  out= 15  lat= 0.8s  ans="May 15 to May 19, 2023"
  32024050NOPV_PCP PCO_08282024_(23-264059).pdf            in= 3271  out= 15  lat= 0.8s  ans="April 3 through November 8, 2023"
  32024052NOPV_PCP PCO_07032024_(24-305436).pdf            in= 3117  out= 15  lat= 1.0s  ans="March 6 to March 8, 2023"
  32024053NOPV_PCO_12122024_(22-233381).pdf                in= 2340  out= 15  lat= 0.9s  ans="July 18 through August 12, 2022"
  32024054NOPV_PCO_08232024_(23-264382).pdf                in= 2152  out= 21  lat= 0.9s  ans="From February 2, 2023, to January 25, 2024"
  32024056NOPV_PCP PCO_10252024_(23-264602).pdf            in= 4529  out= 16  lat= 1.1s  ans="From February 13 to July 27, 2023"
  32024058NOPV_PCO_12042024_(23-264827).pdf                in= 2202  out= 14  lat= 0.8s  ans="October 14 to 18, 2023"
  32024062NOPV_PCP PCO_11212024_(23-266139).pdf            in= 1929  out= 20  lat= 1.2s  ans="April 24, 2023, to August 2, 2023"
  32024066NOPV_PCP PCO_08222024_(23-282184).pdf            in= 2819  out= 15  lat= 0.8s  ans="August 21 through October 5, 2023"
  32024069NOPV_PCP PCO_11142024_(23-264601).pdf            in= 2807  out= 15  lat= 0.8s  ans="March 28 to October 2, 2023"
  32024071NOPV_PCP PCO_11142024_(23-264063).pdf            in= 2707  out= 19  lat= 1.0s  ans="July 17, 2023 to September 22, 2023"
  32025003NOPV_PCP PCO_01162025_(23-264381).pdf            in= 4044  out=  6  lat= 0.7s  ans="NOT FOUND"
  32025004NOPV_PCO_05052025_(23-264480).pdf                in= 3510  out= 15  lat= 0.8s  ans="September 11 to September 15, 2023"
  32025006NOPV_PCP PCO_08182025_(23-264820).pdf            in= 4073  out= 19  lat= 0.8s  ans="June 6, 2023 to August 2, 2023"
  32025007NOPV_PCP PCO_06252025_(23-264832).pdf            in= 6360  out= 15  lat= 1.1s  ans="February 27 through October 16, 2023"
  32025008NOPV_PCP PCO_06162025_(23-264835).pdf            in= 3736  out= 20  lat= 0.9s  ans="March 7, 2023, to December 1, 2023"
  32025022NOPV_PCO_07182025_(24-297198).pdf                in= 5655  out= 15  lat= 0.9s  ans="August 5 through September 24, 2024"
  32025024NOPV_PCO_11062025_(24-297583).pdf                in= 4796  out= 28  lat= 1.0s  ans="July 29 to August 2, 2024, and August 26 to August 30,
  32025027NOPV_PCO_07012025_(24-299195).pdf                in= 2575  out= 24  lat= 0.9s  ans="For the weeks of May 13, June 3, and June 24, 2024"
  32025029NOPV_PCO_08152025_(24-297350).pdf                in= 3495  out= 19  lat= 1.0s  ans="May 20, 2024 through October 18, 2024"
  32026004NOPV_PCO_02032026_(25-330822).pdf                in= 3048  out= 19  lat= 0.9s  ans="July 9, 2025 to December 11, 2025"
  42021001NOPV_PCO_10042021_(20-172501).pdf                in= 3656  out= 19  lat= 1.0s  ans="April 13, 2020 through October 2, 2020"
  42021008NOPV_PCO_11152021_(20-172587).pdf                in= 2782  out= 21  lat= 1.0s  ans="From February 10, 2020, through April 9, 2021"
  42021010NOPV_PCO_10272021_(20-172682).pdf                in= 3121  out= 20  lat= 1.2s  ans="October 12, 2020, through May 21, 2021"
  42021011NOPV_PCO_11022021_(20-172601).pdf                in= 4173  out= 21  lat= 0.9s  ans="From March 9, 2020, through July 2, 2021"
  42021022NOPV_PCO_09232021_(20-186120).pdf                in= 2116  out= 19  lat= 0.8s  ans="March 2, 2020 through March 12, 2020"
  42021027NOPV_PCO_08182021_(20-172515).pdf                in= 3028  out= 19  lat= 0.9s  ans="October 27, 2020 through March 3, 2021"
  42021033NOPV_PCO_09232021_(21-220612).pdf                in= 1682  out= 19  lat= 0.8s  ans="March 16, 2019 through September 14, 2021"
  42021034NOPV_PCP PCO_12212021_(20-183709).pdf            in= 3612  out= 19  lat= 0.8s  ans="June 16, 2020 through November 11, 2020"
  42021039NOPV_PCO_11232021_(20-178576).pdf                in= 2586  out= 19  lat= 0.9s  ans="May 4, 2020 through May 8, 2020"
  42021047NOPV_PCO_10212021_(21-202129).pdf                in= 2697  out= 19  lat= 0.9s  ans="December 21, 2020 to March 2, 2021"
  42021057NOPV_PCO_11012021_(21-200343).pdf                in= 2848  out= 20  lat= 1.4s  ans="March 29, 2021, through June 8, 2021"
  42022001NOPV_PCO_08042022_(21-210603).pdf                in= 1760  out=  6  lat= 0.8s  ans="NOT FOUND"
  42022007NOPV_PCP PCO_02112022_(21-230161).pdf            in= 3897  out= 20  lat= 0.9s  ans="From July 21, 2021 through October 18, 2021"
  42022009NOPV_PCP PCO_01212022_(21-199753).pdf            in= 3474  out= 20  lat= 0.8s  ans="From February 22, 2021 through September 24, 2021"
  42022015NOPV_PCO_02232021_(21-500287).pdf                in= 2454  out= 19  lat= 0.8s  ans="March 11, 2021 through April 21, 2021"
  42022018NOPV_PCO_02142022_(21-207285).pdf                in= 2774  out= 19  lat= 0.9s  ans="August 2, 2021 to November 3, 2021"
  42022025NOPV_PCO_02102022_(21-209144).pdf                in= 2665  out= 19  lat= 1.0s  ans="June 14, 2021 through July 8, 2021"
  42022026NOPV_PCO_01262022_(21-209158).pdf                in= 4008  out= 19  lat= 0.9s  ans="July 12, 2021 through August 17, 2021"
  42022028NOPV_PCO_04082022_(21-199241).pdf                in= 2497  out= 19  lat= 1.0s  ans="March 3, 2021 to October 28, 2021"
  42022039NOPV_PCP PCO_06172022_(21-203269).pdf            in= 2654  out= 19  lat= 0.7s  ans="May 18, 2021 through September 2, 2021"
  42022041NOPV_PCO_08052022_(21-199244).pdf                in= 3427  out= 16  lat= 1.2s  ans="From February 23 to August 19, 2021"
  42022046NOPV_PCO_08052022_(22-250946).pdf                in= 2798  out= 13  lat= 0.7s  ans="December 2021 through May 2022"
  42022047NOPV_PCO_08032022_(21-199242).pdf                in= 3487  out= 15  lat= 0.8s  ans="April 26 to October 21, 2021"
  42022061NOPV_PCO_10312022_(22-233712).pdf                in= 3204  out= 15  lat= 0.7s  ans="February 22 to June 22, 2022"
  42022062NOPV_PCO_12142022_(22-234365).pdf                in= 4754  out= 15  lat= 0.8s  ans="February 7 through May 13, 2022"
  42023006NOPV_PCP PCO_05082023_(21-231718).pdf            in= 2748  out=  6  lat= 0.9s  ans="NOT FOUND"
  42023009NOPV_PCO_01132023_(22-232746).pdf                in= 1857  out= 15  lat= 0.9s  ans="March 21 through November 22, 2022"
  42023010NOPV_PCP PCO_06022023_(22-232749).pdf            in= 3223  out= 15  lat= 0.9s  ans="May 9 through November 22, 2022"
  42023016NOPV_PCO_01312023_(21-199998).pdf                in= 2386  out= 15  lat= 0.7s  ans="February 23 to July 23, 2021"
  42023017NOPV_PCO_01312023_(21-199998).pdf                in= 3008  out= 15  lat= 0.8s  ans="February 23 to July 23, 2021"
  42023031NOPV_PCO_04202023_(22-242818).pdf                in= 2444  out= 15  lat= 0.9s  ans="May 16 to June 24, 2022"
  42023033NOPV_PCO_04212023_(22-249322).pdf                in= 3928  out= 15  lat= 0.7s  ans="August 15 through September 29, 2022"
  42023039NOPV_PCO_05112023_(22-234780).pdf                in= 1963  out= 15  lat= 0.9s  ans="April 11 to November 9, 2022"
  42023042NOPV_PCO_05232023_(22-235632).pdf                in= 2056  out= 15  lat= 0.8s  ans="April 4 through November 2, 2022"
  42023044NOPV_PCO_05042023_(22-234487).pdf                in= 2757  out= 15  lat= 0.8s  ans="February 22 to October 17, 2022"
  42023045NOPV_PCO_05112023_(22-232770).pdf                in= 2341  out= 15  lat= 0.8s  ans="February 2 through September 6, 2022"
  42023047NOPV_PCO_10182023_(22-241127).pdf                in= 2605  out= 20  lat= 0.9s  ans="September 19, 2022, to January 12, 2023"
  42023052NOPV_PCO_10162023_(22-235649).pdf                in= 3555  out= 15  lat= 0.8s  ans="February 28 to June 24, 2022"
  42023053NOPV_PCO_06132023_(21-227138).pdf                in= 1589  out= 15  lat= 0.8s  ans="January 24 to May 20, 2022"
  42023057NOPV_PCO_11162023_(21-209415).pdf                in= 2424  out= 11  lat= 1.0s  ans="June 29, 2022"
  42024014NOPV_PCO_01302024_(21-217155).pdf                in= 1940  out= 21  lat= 0.8s  ans="From July 11, 2021, to November 27, 2023"
  42024015NOPV_PCP PCO_03252024_(22-232769).pdf            in= 4054  out= 15  lat= 1.5s  ans="June 6 through December 1, 2022"
  42024020NOPV_PCP PCO_11192024_(21-207841).pdf            in= 2923  out= 13  lat= 0.9s  ans="March 2021 through February 2022"
  42024022NOPV_PCO_03202024_(23-264818).pdf                in= 2297  out= 15  lat= 0.9s  ans="February 21 to July 21, 2023"
  42024024NOPV_PCO_05022024_(23-264209).pdf                in= 3185  out= 19  lat= 0.8s  ans="February 27, 2023 to October 23, 2023"
  42024027NOPV_PCO_05312024_(23-266081).pdf                in= 3471  out= 15  lat= 1.0s  ans="March 13 to July 14, 2023"
  42024034NOPV_PCO_08272024_(24-299840).pdf                in= 2836  out= 14  lat= 1.0s  ans="March 11 through 15, 2024"
  42024036NOPV_PCO_10222024_(23-264819).pdf                in= 4828  out= 15  lat= 1.0s  ans="March 21 to December 27, 2023"
  42024037NOPV_PCP PCO_10042024_(23-267490).pdf            in= 5460  out= 15  lat= 1.0s  ans="April 11 through September 29, 2023"
  42024042NOPV_PCO_08292024_(23-267234).pdf                in= 2079  out= 19  lat= 0.8s  ans="April 17 to 19 and on May 10, 2023"
  42024045NOPV_PCO_10212024_(23-266145).pdf                in= 2756  out= 15  lat= 0.8s  ans="June 20 through September 27, 2023"
  42024046NOPV_PCO_08292024_(23-267231).pdf                in= 3185  out= 27  lat= 1.0s  ans="July 31 to August 4, 2023, and from August 7-8, 2023"
  42024047NOPV_PCO_10222024_(23-267237).pdf                in= 2003  out= 15  lat= 0.9s  ans="July 24 through September 1, 2023"
  42024048NOPV_PCO_10222024_(23-264726).pdf                in= 2897  out= 15  lat= 0.8s  ans="February 27 to August 23, 2023"
  42024052NOPV_PCO_10302024_(24-297498).pdf                in= 2354  out= 29  lat= 0.9s  ans="March 4 to 8, March 11 to 14, and May 13 to 17, 2024"
  42025002NOPV_PCO_05152025_(24-296561).pdf                in= 2851  out= 15  lat= 1.0s  ans="March 11 to September 27, 2024"
  42025007NOPV_PCO_10012025_(24-301886).pdf                in= 2653  out= 15  lat= 0.7s  ans="May 6 to May 8, 2024"
  42025012NOPV_PCP PCO_12312025_(23-292329).pdf            in=13027  out= 20  lat= 1.4s  ans="November 16, 2023, to November 14, 2025"
  42025021NOPV_PCO_01082025_(23-266712).pdf                in= 2454  out= 16  lat= 0.7s  ans="From February 27 to May 11, 2023"
  42025029NOPV_PCO_05082025_(24-296566).pdf                in= 2295  out= 15  lat= 0.8s  ans="April 23 to June 14, 2024"
  42025031NOPV_PCO_12222025_(24-296702).pdf                in= 3371  out= 15  lat= 1.0s  ans="March 18 through August 30, 2024"
  42025034NOPV_PCO_12222025_(24-296704).pdf                in= 3072  out= 15  lat= 0.9s  ans="March 18 through October 11, 2024"
  42025035NOPV_PCP PCO_12232025_(24-305809).pdf            in= 2939  out= 19  lat= 0.8s  ans="October 22, 2024 to October 23, 2024"
  42025039NOPV_PCO_07032025_(24-298760).pdf                in= 2362  out= 14  lat= 0.7s  ans="June 4 through 6, 2024"
  42025040NOPV_PCO_08282025_(24-308458).pdf                in= 2692  out= 14  lat= 0.7s  ans="August 13 through 15, 2024"
  42025043NOPV_PCO_11252025_(24-296703).pdf                in= 3484  out= 15  lat= 0.8s  ans="March 18 through November 22, 2024"
  42025047NOPV_PCO_08202025_(24-296558).pdf                in= 2251  out= 15  lat= 0.9s  ans="April 16 to October 10, 2024"
  42025049NOPV_PCO_07102025_(24-296979).pdf                in= 2191  out= 15  lat= 1.1s  ans="March 4 to September 26, 2024"
  42025056NOPV_PCP PCO_08292025_(24-296556).pdf            in= 4590  out= 15  lat= 1.0s  ans="July 16 to October 31, 2024"
  42025060NOPV_PCO_11042025_(24-296536).pdf                in= 2456  out= 16  lat= 0.8s  ans="From May 30 through December 5, 2024"
  42026004NOPV_PCO_02112026_(25-329817).pdf                in= 2016  out= 15  lat= 0.7s  ans="February 24 through June 30, 2025"
  42026012NOPV_PCP PCO_02122026_(23-266706).pdf            in= 2833  out= 15  lat= 0.8s  ans="August 5 to September 18, 2023"
  42026013NOPV_PCP PCO_02182026_(23-266740).pdf            in= 4120  out= 15  lat= 0.9s  ans="March 7 to October 5, 2023"
  42026023NOPV_PCO_02122026_(25-329815).pdf                in= 2531  out= 15  lat= 1.0s  ans="May 5 to May 8, 2025"
  52021031NOPV_PCP PCO_08112021_(21-208158).pdf            in= 5397  out= 20  lat= 0.9s  ans="March 17, 2021, to May 7, 2021"
  52021037NOPV_PCO_09172021_(21-201448).pdf                in= 2427  out= 14  lat= 0.9s  ans="April 27 through 29, 2021"
  52021051NOPV_PCO_10152021_(20-173120).pdf                in= 2132  out= 14  lat= 1.0s  ans="April 20 through 24, 2020"
  52021057NOPV_PCO_12202021_(21-199974).pdf                in= 1939  out= 19  lat= 0.9s  ans="September 20, 2021 through September 24, 2021"
  52022002NOPV_PCO_03302022_(21-199723).pdf                in= 3253  out= 14  lat= 1.0s  ans="May 17 through 21, 2021"
  52022006NOPV_PCO_09072022_(21-213178).pdf                in= 3717  out= 15  lat= 0.8s  ans="August 2 through September 2, 2021"
  52022008NOPV_PCO_07182022_(20-191036).pdf                in= 4431  out= 35  lat= 1.2s  ans="September 28 through 30, November 17 through 19, 2020 
  52022019NOPV_PCO_03072022_(21-201443).pdf                in= 2293  out= 14  lat= 0.8s  ans="November 1 through 5, 2021"
  52022021NOPV_PCO_06152022_(21-201441).pdf                in= 2443  out= 14  lat= 0.9s  ans="March 1 through 5, 2021"
  52022023NOPV_PCO_04272022_(21-218958).pdf                in= 3436  out= 14  lat= 0.8s  ans="November 1 through 5, 2021"
  52022024NOPV_PCO_04272022_(21-218959).pdf                in= 2786  out= 14  lat= 0.8s  ans="November 8 through 12, 2021"
  52022028NOPV_PCO_09072022_(21-201439).pdf                in= 3314  out= 14  lat= 1.0s  ans="August 2 through 6, 2021"
  52022037NOPV_PCP PCO_04272022_(22-236002).pdf            in= 2897  out= 20  lat= 1.0s  ans="January 3, 2022, to March 10, 2022"
  52022038NOPV_PCO_04122022_(21-219857).pdf                in= 2204  out= 11  lat= 0.9s  ans="Between July and October 2021"
  52022041NOPV_PCO_05092022_(21-219864).pdf                in= 2882  out= 14  lat= 0.8s  ans="November 16 through 17, 2021"
  52022042NOPV_PCO_05132022_(21-214526).pdf                in= 2146  out= 19  lat= 0.7s  ans="October 8, 2021 to November 5, 2021"
  52022050NOPV_PCO_12192022_(22-232643).pdf                in= 2925  out= 15  lat= 0.7s  ans="February 28 through March 4, 2022"
  52022052NOPV_PCO_12012022_(22-232653).pdf                in= 2020  out= 14  lat= 0.9s  ans="April 11 through 15, 2022"
  52023003NOPV_PCP PCO_04112023_(22-236099).pdf            in= 2321  out= 20  lat= 0.7s  ans="October 31, 2022, through November 4, 2022"
  52023009NOPV_PCP PCO_03012023_(21-217219).pdf            in= 5183  out= 14  lat= 0.8s  ans="August 2 through 6, 2021"
  52023011NOPV_PCP PCO_04062023_(21-225379).pdf            in=13861  out= 14  lat= 1.1s  ans="October 3 through 22, 2021"
  52023012NOPV_PCO_03012023_(22-251101).pdf                in= 4299  out= 21  lat= 0.9s  ans="September 12 through September 15, and on September 26
  52023016NOPV_PCO_03242023_(21-207466).pdf                in= 3701  out= 29  lat= 1.0s  ans="From May 7 through May 11, 2022, and September 27 thro
  52023019NOPV_PCP PCO_12272023_(22-236528).pdf            in= 8252  out= 15  lat= 0.9s  ans="April 25 through April 29, 2022"
  52023021NOPV_PCO_02062023_(22-239515).pdf                in= 2196  out= 20  lat= 1.0s  ans="June 6, 2022, through June 10, 2022"
  52023025NOPV_PCP PCO_04062023_(21-200502).pdf            in= 3574  out= 19  lat= 0.9s  ans="August 31, 2021 through September 3, 2021"
  52023027NOPV_PCO_01192023_(22-232634).pdf                in= 2141  out= 14  lat= 0.8s  ans="June 7 through 8, 2022"
  52023029NOPV_PCP PCO_06222023_(22-251181).pdf            in= 7963  out= 14  lat= 0.9s  ans="November 7 through 17, 2022"
  52023030NOPV_PCO_04172023_(21-200923).pdf                in= 1550  out= 19  lat= 0.8s  ans="October 25, 2022 through October 28, 2022"
  52023031NOPV_PCP PCO_10112023_(22-232626).pdf            in= 5740  out= 14  lat= 1.1s  ans="October 4 through 7, 2022"
  52023033NOPV_PCO_07192023_(22-239213).pdf                in= 2868  out= 14  lat= 0.9s  ans="April 25 through 29, 2022"
  52023035NOPV_PCO_10252023_(22-239214).pdf                in= 2769  out= 15  lat= 0.7s  ans="July 25 through July 29, 2022"
  52023037NOPV_PCP PCO_09182023_(22-232625).pdf            in= 4711  out= 14  lat= 0.9s  ans="September 12 through 16, 2022"
  52023039NOPV_PCO_11022023_(22-254201).pdf                in= 5142  out= 15  lat= 1.0s  ans="October 17 through October 20, 2022"
  52023040NOPV_PCO_07262023_(23-264043).pdf                in= 2028  out= 20  lat= 0.8s  ans="March 21, 2023, to March 23, 2023"
  52023042NOPV_PCO_12262023_(22-232644).pdf                in= 2959  out= 15  lat= 1.1s  ans="November 28 through December 2, 2022"
  52023043NOPV_PCO_10252023_(22-239216).pdf                in= 3459  out= 14  lat= 1.0s  ans="August 22 through 26, 2022"
  52023046NOPV_PCP PCO_12272023_(22-257275).pdf            in=12854  out= 15  lat= 1.1s  ans="November 16 through November 18, 2022"
  52023048NOPV_PCO_11022023_(22-239215).pdf                in= 2767  out= 14  lat= 0.7s  ans="September 26 through 30, 2022"
  52023052NOPV_PCO_10272023_(22-246104).pdf                in= 1906  out= 14  lat= 0.8s  ans="August 15 through 19, 2022"
  52023054NOPV_PCO_08212023_(23-264167).pdf                in= 3636  out= 19  lat= 1.0s  ans="April 25, 2023 to April 27, 2023"
  52024001NOPV_PCO_12122024_(24-297227).pdf                in= 2907  out= 20  lat= 0.8s  ans="November 5, 2024, to November 7, 2024"
  52024002NOPV_PCP PCO_01292024_22-258385.pdf              in= 4096  out= 20  lat= 0.9s  ans="December 19, 2022, to December 20, 2022"
  52024003NOPV_PCP PCO_05222024_(22-232568).pdf            in= 4109  out= 15  lat= 0.8s  ans="October 11 through October 14, 2022"
  52024009NOPV_PCO_ 03042024_(22-239217).pdf               in= 2175  out= 14  lat= 0.8s  ans="October 11 through 14, 2022"
  52024010NOPV_PCO_01102024_(23-264168).pdf                in= 2824  out= 19  lat= 0.9s  ans="April 11, 2023 to August 29, 2023"
  52024011NOPV_PCO_02232024_(23-264348).pdf                in= 3959  out= 15  lat= 0.8s  ans="August 1 through August 3, 2023"
  52024015NOPV_PCO_04152024_(23-264582).pdf                in= 6342  out= 14  lat= 0.9s  ans="October 2 through 12, 2023"
  52024016NOPV_PCO_05232024_(23-264378).pdf                in= 6460  out= 20  lat= 1.1s  ans="January 18, 2023, to May 10, 2023"
  52024023NOPV_PCP PCO_08232024_(23-264166).pdf            in= 3574  out= 14  lat= 0.9s  ans="August 15 through 16, 2023"
  52024026NOPV_PCO_12102024_(23-265653).pdf                in= 6378  out= 11  lat= 1.0s  ans="October 12, 2023"
  52024039NOPV_PCO_12062024_(24-297378).pdf                in= 1995  out= 15  lat= 0.8s  ans="April 8 through May 10, 2024"
  52024040NOPV_PCO_11182024_(24-297214).pdf                in= 3000  out= 20  lat= 0.9s  ans="September 24, 2024, to September 26, 2024"
  52024041NOPV_PCO_12182024_(24-295915).pdf                in= 3233  out= 23  lat= 0.9s  ans="April 29 to May 3 and May 28 to May 31, 2024"
  52025006NOPV_PCP PCO_07302025_(24-296481).pdf            in= 2629  out= 15  lat= 0.8s  ans="April 15 to April 16, 2024"
  52025010NOPV_PCO_04252025_(24-298502).pdf                in= 6862  out= 34  lat= 1.0s  ans="April 22 through 26, May 8 through May 10, 2024, and A
  52025011NOPV_PCO_05022025_(24-305759).pdf                in= 2909  out= 15  lat= 1.2s  ans="August 5 to August 9, 2024"
  52025014NOPV_PCO_05022025_(24-297328).pdf                in= 3104  out= 15  lat= 0.8s  ans="July 8 to July 26, 2024"
  52025023NOPV_PCP PCO_10022025_(25-329886).pdf            in= 5574  out= 19  lat= 0.9s  ans="December 5, 2024 to February 14, 2025"
  52025026NOPV_PCO_07292025_(24-297246).pdf                in= 2311  out= 19  lat= 0.9s  ans="October 28, 2024 to October 31, 2024"
  52025028NOPV_PCP PCO_11172025_(24-298503).pdf            in= 3650  out= 11  lat= 0.7s  ans="From April through November 2024"
  52025033NOPV_PCO_11212025_(24-297332).pdf                in= 3375  out= 15  lat= 0.9s  ans="September 9 through September 13, 2024"
  52025039NOPV_PCO_12082025_(24-296470).pdf                in= 3992  out= 23  lat= 1.0s  ans="June 17 through June 31 and July 8 through July 12, 20
  52026002NOPV_PCO_01222026_(25-331927).pdf                in= 5954  out= 15  lat= 0.9s  ans="April 8 to September 25, 2025"

=== In which U.S. state (or states) is the pipeline facility addressed in this Notic ===
  SKIP (too short): 12021057NOPV_PCO_10072021_(20-172138).pdf
  SKIP (too short): 12021065NOPV_NOPV_PCO_12102021_(20-172057).pdf
  12022023NOPV_PCO_03312022_(20-194651).pdf                in= 3193  out=  7  lat= 0.9s  ans="\"Michigan\""
  SKIP (too short): 12023022NOPV_PCO_04132023_(22-234207).pdf
  SKIP (too short): 12023028NOPV_PCO_05252023_(22-232998).pdf
  12023047NOPV_PCO_12042023_(22-233293).pdf                in= 4224  out= 20  lat= 1.9s  ans=["Mississippi", "Tennessee", "Arkansas", "Louisiana", "
  SKIP (too short): 12023050NOPV_PCO_09052023_(22-233356).pdf
  SKIP (too short): 12024001NOPV_PCO_03212024_(22-233343).pdf
  SKIP (too short): 12024003NOPV_PCP PCO_03282024_(23-266431).pdf
  SKIP (too short): 12024004NOPV_PCO_02152024_(22-233363).pdf
  12024018NOPV_PCO_08262024_(23-263980).pdf                in= 2285  out= 26  lat= 1.6s  ans=["Mississippi", "Kansas", "Oklahoma", "Nebraska", "Texa
  12024039NOPV_PCO_11062024_(23-276594).pdf                in= 6308  out=  8  lat= 1.0s  ans="\"Pennsylvania\""
  12024051NOPV_PCO_07052024_(24-297439).pdf                in= 2366  out=  8  lat= 0.7s  ans="\"Louisiana\""
  12025001NOPV_PCO_05302025_(23-265078).pdf                in= 5664  out= 10  lat= 0.8s  ans=["Pennsylvania", "Florida"]
  12025006NOPV_PCO_05082025_(23-272518).pdf                in= 2253  out=  7  lat= 0.8s  ans="\"Virginia\""
  12026002NOPV_PCO_01232026_(24-295891).pdf                in= 2198  out=  8  lat= 1.2s  ans="\"New Jersey\""
  12026003NOPV_PCO_02132026_(24-309719).pdf                in= 4143  out= 10  lat= 1.0s  ans=["Pennsylvania", "Florida"]
  12026012NOPV_PCO_02062026_(25-329693).pdf                in= 2790  out=  8  lat= 0.9s  ans="\"West Virginia\""
  12026015NOPV_PCO_02122026_(24-296051).pdf                in= 4165  out= 14  lat= 1.9s  ans=["Pennsylvania", "Maryland", "West Virginia"]
  12026022NOPV_PCO_02242026_(25-330072).pdf                in= 2354  out=  8  lat= 1.7s  ans="\"West Virginia\""
  12026032NOPV_PCO_02132026_ (25-330095).pdf               in= 2278  out=  7  lat= 1.5s  ans="\"Michigan\""
  22023002NOPV_PCO_07282023_(21-202409).pdf                in= 2189  out= 19  lat= 1.6s  ans=["Florida", "Alabama", "Mississippi", "Louisiana"]
  22023011NOPV_PCO_07282023_(21-202560).pdf                in= 5860  out=  8  lat= 0.9s  ans="\"Mississippi\""
  22023013NOPV_PCP PCO_11162023_(21-224433).pdf            in= 9108  out=  7  lat= 0.9s  ans="\"Florida\""
  22024001NOPV_PCP PCO_06272024_(24-304023).pdf            in= 4841  out=  8  lat= 1.9s  ans="\"Wisconsin\""
  22024011NOPV_PCP PCO (AMENDED)_07092024_(22-235530).pdf  in= 5104  out= 46  lat= 1.2s  ans=["New Jersey", "Maryland", "Texas", "Georgia", "Louisia
  32021028NOPV_PCP PCO_11022021_(20-172212).pdf            in= 2608  out=  7  lat= 0.8s  ans="\"Illinois\""
  32021043NOPV_PCP PCO_12072021_(20-179274).pdf            in= 7626  out= 12  lat= 0.9s  ans=["Colorado", "Nebraska", "Kansas"]
  32021045NOPV_PCP PCO_11052021_(20-172259).pdf            in= 2657  out= 10  lat= 0.9s  ans=["Colorado", "Wyoming"]
  32021046NOPV_PCP PCO_11232021_(20-172259).pdf            in= 5957  out=  9  lat= 0.8s  ans=["Colorado", "Kansas"]
  32021051NOPV_PCP PCO_11102021_(21-200403).pdf            in= 5696  out=  8  lat= 1.0s  ans="\"North Dakota\""
  32021059NOPV_PCP PCO_12302021_(21-200404).pdf            in= 5324  out=  8  lat= 1.0s  ans="\"North Dakota\""
  32021070NOPV_PCP PCO_12302021_(21-199716).pdf            in= 3170  out=  8  lat= 1.0s  ans="\"North Dakota\""
  32021073NOPV_PCP PCO_12222021_(20-173072).pdf            in= 3070  out= 10  lat= 1.1s  ans=["Louisiana", "Texas"]
  32021080NOPV_PCP PCO_12222021_(21-199715).pdf            in= 3415  out=  8  lat= 0.9s  ans="\"North Dakota\""
  32021082NOPV_PCO_12012021_(20-172259).pdf                in= 2147  out=  9  lat= 1.0s  ans=["Colorado", "Kansas"]
  32021087NOPV_PCP PCO_12132021_(21-210505).pdf            in= 2363  out= 18  lat= 0.8s  ans=["Colorado", "Nebraska", "Kansas", "Missouri"]
  32021088NOPV_PCO_11302021_(21-210503).pdf                in= 1806  out=  8  lat= 1.1s  ans="\"Wyoming\""
  32021089NOPV_PCP PCO_11302021_(21-210502).pdf            in= 2616  out= 14  lat= 0.8s  ans=["Colorado", "Wyoming", "Kansas"]
  32022001NOPV_PCP PCO_08082022_(21-208610).pdf            in= 2040  out= 11  lat= 0.8s  ans=["Montana", "North Dakota"]
  32022006NOPV_PCP PCO_04182022_(21-200783).pdf            in= 3690  out= 11  lat= 1.6s  ans=["Texas", "Oklahoma"]
  32022016NOPV_PCO_01072022_(20-187013).pdf                in= 2211  out=  8  lat= 0.7s  ans="\"NOT FOUND\""
  32022017NOPV_PCP PCO_01112022_(21-210504).pdf            in= 4560  out= 18  lat= 1.3s  ans=["Colorado", "Wyoming", "Kansas", "Nebraska"]
  32022018NOPV_PCP PCO_01192022_(21-210993).pdf            in= 4993  out=  9  lat= 0.9s  ans=["Colorado", "Kansas"]
  32022024NOPV_PCO_03252022_(20-179518).pdf                in= 1716  out=  7  lat= 1.3s  ans="\"Michigan\""
  32022025NOPV_PCP PCO_10142022_(20-182827).pdf            in= 2332  out=  7  lat= 0.8s  ans="\"Texas\""
  32022026NOPV_PCP PCO_05052022_(20-173062).pdf            in= 7744  out= 16  lat= 1.1s  ans=["New Jersey", "Louisiana", "North Carolina", "Georgia"
  32022033NOPV_PCP PCO_03172022_(21-203212).pdf            in= 2833  out=  8  lat= 0.7s  ans="\"Missouri\""
  32022037NOPV_PCP PCO_03012022_(21-201004).pdf            in= 3012  out=  8  lat= 0.8s  ans="\"Utah\""
  32022040NOPV_PCO_02172022_(20-179276).pdf                in= 2921  out= 16  lat= 1.0s  ans=["Colorado", "Missouri", "Illinois", "Indiana", "Ohio"]
  32022045NOPV_PCP PCO_04282022_(21-201001).pdf            in= 3047  out=  8  lat= 0.9s  ans="\"Kentucky\""
  32022047NOPV_PCP PCO_05122022_(21-201425).pdf            in= 4643  out=  8  lat= 0.9s  ans="\"NOT FOUND\""
  32022052NOPV_PCP PCO_11102022_(21-207738).pdf            in= 4328  out= 11  lat= 0.9s  ans=["Oklahoma", "Wyoming"]
  32022053NOPV_PCP PCO_08222022_(21-210151).pdf            in= 4081  out= 21  lat= 1.1s  ans=["Louisiana", "Mississippi", "Alabama", "Oklahoma", "Fl
  32022055NOPV_PCO_11082022_(21-209703).pdf                in= 1815  out=  8  lat= 0.8s  ans="\"North Dakota\""
  32022056NOPV_PCP PCO_11082022_(21-209703).pdf            in= 3417  out=  8  lat= 1.5s  ans="\"North Dakota\""
  32022058NOPV_PCP PCO (AMENDED)_09142022_(22-242811).pdf  in= 4866  out= 10  lat= 1.1s  ans=["Texas", "Oklahoma"]
  32022061NOPV_PCP PCO_12222022_(21-201318).pdf            in= 3647  out= 25  lat= 1.1s  ans=["New Jersey", "New York", "Connecticut", "Rhode Island
  32022062NOPV_PCO_09142022_(21-202559).pdf                in= 2104  out= 18  lat= 0.8s  ans=["Illinois", "Missouri", "Oklahoma", "Texas"]
  32022069NOPV_PCO_11292022_(22-233904).pdf                in=  487  out=  8  lat= 1.5s  ans="\"NOT FOUND\""
  32023002NOPV_PCP PCO_01182023_(21-202836).pdf            in= 2640  out= 11  lat= 1.4s  ans=["Missouri", "Kansas"]
  32023005NOPV_PCP PCO_01252023_(22-261675).pdf            in= 3979  out=  8  lat= 0.8s  ans="\"Arkansas\""
  32023006NOPV_PCP PCO_05042023_(22-235672).pdf            in= 2385  out=  7  lat= 1.0s  ans="\"Kansas\""
  32023008NOPV_PCP PCO_06022023_(21-207275).pdf            in= 3733  out= 10  lat= 0.8s  ans=["Oklahoma", "Kansas"]
  32023011NOPV_PCP PCO_09122023_(22-233376).pdf            in= 2322  out= 20  lat= 1.1s  ans=["Illinois", "Indiana", "Michigan", "Ohio", "New York"]
  32023014NOPV_PCP PCO_07272023_(22-250434).pdf            in= 4483  out=  8  lat= 1.1s  ans="\"Louisiana\""
  32023016NOPV_PCP PCO_09082023_(22-238055).pdf            in= 5174  out=  7  lat= 1.7s  ans="\"Colorado\""
  32023020NOPV_PCP PCO_08112023_(22-237273).pdf            in= 3506  out= 10  lat= 0.8s  ans=["Louisiana", "Texas"]
  32023021NOPV_PCP PCO_09182023_(22-245404).pdf            in= 4127  out=  7  lat= 0.9s  ans="\"Kansas\""
  32023022NOPV_PCP PCO_08242023_(22-234357).pdf            in= 4108  out= 46  lat= 1.2s  ans=["Arkansas", "Illinois", "Iowa", "Kansas", "Minnesota",
  32023026NOPV_PCP PCO_09082023_(22-240208).pdf            in= 6074  out=  8  lat= 1.2s  ans="\"NOT FOUND\""
  32023033NOPV_PCO_11272023_(22-234926).pdf                in= 2132  out= 27  lat= 1.1s  ans=["Alabama", "Kentucky", "Louisiana", "Mississippi", "Te
  32024001NOPV_PCO_12192024_(24-297350).pdf                in= 1485  out= 10  lat= 1.8s  ans=["Illinois", "Missouri"]
  32024004NOPV_PCP PCO_03012024_(22-240209).pdf            in= 7070  out=  8  lat= 0.9s  ans="\"NOT FOUND\""
  32024007NOPV_PCO_01182024_(22-234928).pdf                in= 2630  out= 22  lat= 0.8s  ans=["Alabama", "Georgia", "North Carolina", "Tennessee", "
  32024008NOPV_PCP PCO_10252024_(22-237074).pdf            in= 5299  out= 12  lat= 1.2s  ans=["Arkansas", "Louisiana"]
  32024011NOPV_PCO_02062024_(23-264235).pdf                in= 2492  out= 19  lat= 1.1s  ans=["Nebraska", "Michigan", "Minnesota", "Iowa"]
  32024012NOPV_PCP PCO_02062024_(23-264235).pdf            in= 3523  out= 19  lat= 1.0s  ans=["Nebraska", "Minnesota", "Michigan", "Iowa"]
  32024016NOPV_PCO_02132024_(23-264316).pdf                in= 1402  out=  7  lat= 0.8s  ans="\"Illinois\""
  32024019NOPV_PCO_03042024_(22-233359).pdf                in= 1316  out=  8  lat= 1.7s  ans="\"North Dakota\""
  32024020NOPV_PCP PCO_06132024_(21-199489).pdf            in= 7689  out=  8  lat= 1.3s  ans="\"North Dakota\""
  32024022NOPV_PCP PCO_05082024_(23-268060).pdf            in= 4006  out=  7  lat= 0.8s  ans="\"Oklahoma\""
  32024028NOPV_PCO_12302024_(22-235481).pdf                in= 2823  out= 11  lat= 0.8s  ans=["Minnesota", "Wisconsin"]
  32024030NOPV_PCO_06032024_(23-264637).pdf                in= 2503  out=  8  lat= 0.7s  ans="\"NOT FOUND\""
  32024035NOPV_PCO_04152024_(23-270170).pdf                in= 2200  out=  8  lat= 0.7s  ans="\"NOT FOUND\""
  32024036NOPV_PCP PCO_06282024_(23-264742).pdf            in= 3312  out=  8  lat= 1.1s  ans="\"NOT FOUND\""
  32024038NOPV_PCP PCO_05312024_(22-233382).pdf            in= 3707  out=  7  lat= 1.5s  ans="\"Illinois\""
  32024040NOPV_PCP PCO_09062024_(23-264452).pdf            in= 5208  out= 10  lat= 1.3s  ans=["Missouri", "Ohio"]
  32024042NOPV_PCO_06032024_(23-264638).pdf                in= 2100  out=  8  lat= 0.8s  ans="\"NOT FOUND\""
  32024044NOPV_PCP PCO_04182024_(23-265891).pdf            in= 3115  out=  8  lat= 0.8s  ans="\"Minnesota\""
  32024045NOPV_PCP PCO_05102024_(23-264643).pdf            in= 4134  out=  7  lat= 1.1s  ans="\"Oklahoma\""
  32024049NOPV_PCP PCO_07022024_(23-264476).pdf            in= 3107  out=  8  lat= 0.9s  ans="\"Wisconsin\""
  32024050NOPV_PCP PCO_08282024_(23-264059).pdf            in= 3254  out= 15  lat= 1.1s  ans=["Texas", "New Mexico", "Oklahoma"]
  32024052NOPV_PCP PCO_07032024_(24-305436).pdf            in= 3100  out= 10  lat= 1.2s  ans=["Kansas", "Oklahoma"]
  32024053NOPV_PCO_12122024_(22-233381).pdf                in= 2323  out=  7  lat= 1.1s  ans="\"Illinois\""
  32024054NOPV_PCO_08232024_(23-264382).pdf                in= 2135  out=  7  lat= 1.5s  ans="\"Colorado\""
  32024056NOPV_PCP PCO_10252024_(23-264602).pdf            in= 4512  out= 11  lat= 1.4s  ans=["Minnesota", "Montana"]
  32024058NOPV_PCO_12042024_(23-264827).pdf                in= 2185  out= 10  lat= 0.8s  ans=["Ohio", "Kentucky"]
  32024062NOPV_PCP PCO_11212024_(23-266139).pdf            in= 1912  out= 15  lat= 0.8s  ans=["Tennessee", "Kentucky", "Indiana", "Ohio"]
  32024066NOPV_PCP PCO_08222024_(23-282184).pdf            in= 2802  out= 13  lat= 1.1s  ans=["Kentucky", "Texas", "Louisiana"]
  32024069NOPV_PCP PCO_11142024_(23-264601).pdf            in= 2790  out= 10  lat= 1.0s  ans=["Kansas", "Nebraska"]
  32024071NOPV_PCP PCO_11142024_(23-264063).pdf            in= 2690  out=  9  lat= 0.7s  ans=["Illinois", "Indiana"]
  32025003NOPV_PCP PCO_01162025_(23-264381).pdf            in= 4027  out=  8  lat= 0.8s  ans="\"Missouri\""
  32025004NOPV_PCO_05052025_(23-264480).pdf                in= 3493  out=  8  lat= 1.1s  ans="\"Wisconsin\""
  32025006NOPV_PCP PCO_08182025_(23-264820).pdf            in= 4056  out= 10  lat= 1.0s  ans=["Kentucky", "Indiana"]
  32025007NOPV_PCP PCO_06252025_(23-264832).pdf            in= 6343  out= 11  lat= 1.5s  ans=["Wisconsin", "North Dakota"]
  32025008NOPV_PCP PCO_06162025_(23-264835).pdf            in= 3719  out= 18  lat= 1.1s  ans=["Colorado", "Kansas", "Nebraska", "Wyoming"]
  32025022NOPV_PCO_07182025_(24-297198).pdf                in= 5638  out=  7  lat= 1.2s  ans="\"Indiana\""
  32025024NOPV_PCO_11062025_(24-297583).pdf                in= 4779  out= 11  lat= 0.8s  ans=["Louisiana", "Alabama"]
  32025027NOPV_PCO_07012025_(24-299195).pdf                in= 2558  out=  7  lat= 1.1s  ans="\"Texas\""
  32025029NOPV_PCO_08152025_(24-297350).pdf                in= 3478  out= 10  lat= 1.0s  ans=["Illinois", "Missouri"]
  32026004NOPV_PCO_02032026_(25-330822).pdf                in= 3031  out=  8  lat= 1.1s  ans="\"Missouri\""
  42021001NOPV_PCO_10042021_(20-172501).pdf                in= 3639  out= 13  lat= 1.0s  ans=["Louisiana", "Texas", "Arkansas"]
  42021008NOPV_PCO_11152021_(20-172587).pdf                in= 2765  out= 10  lat= 0.8s  ans=["New Mexico", "Texas"]
  42021010NOPV_PCO_10272021_(20-172682).pdf                in= 3104  out= 10  lat= 0.9s  ans=["Texas", "New Mexico"]
  42021011NOPV_PCO_11022021_(20-172601).pdf                in= 4156  out= 19  lat= 1.3s  ans=["Utah", "Texas", "New Mexico", "Oklahoma"]
  42021022NOPV_PCO_09232021_(20-186120).pdf                in= 2099  out=  8  lat= 1.0s  ans="\"Louisiana\""
  42021027NOPV_PCO_08182021_(20-172515).pdf                in= 3011  out=  8  lat= 0.9s  ans="\"NOT FOUND\""
  42021033NOPV_PCO_09232021_(21-220612).pdf                in= 1665  out=  8  lat= 1.3s  ans="\"NOT FOUND\""
  42021034NOPV_PCP PCO_12212021_(20-183709).pdf            in= 3595  out= 27  lat= 1.6s  ans=["Kentucky", "Mississippi", "Alabama", "Tennessee", "Oh
  42021039NOPV_PCO_11232021_(20-178576).pdf                in= 2569  out= 11  lat= 0.8s  ans=["Texas", "Louisiana"]
  42021047NOPV_PCO_10212021_(21-202129).pdf                in= 2680  out=  8  lat= 0.9s  ans="\"Louisiana\""
  42021057NOPV_PCO_11012021_(21-200343).pdf                in= 2831  out=  7  lat= 1.2s  ans="\"Oklahoma\""
  42022001NOPV_PCO_08042022_(21-210603).pdf                in= 1743  out=  7  lat= 0.7s  ans="\"Texas\""
  42022007NOPV_PCP PCO_02112022_(21-230161).pdf            in= 3880  out=  8  lat= 1.4s  ans="\"Louisiana\""
  42022009NOPV_PCP PCO_01212022_(21-199753).pdf            in= 3457  out=  7  lat= 1.3s  ans="\"Michigan\""
  42022015NOPV_PCO_02232021_(21-500287).pdf                in= 2437  out= 11  lat= 1.1s  ans=["Texas", "Oklahoma"]
  42022018NOPV_PCO_02142022_(21-207285).pdf                in= 2757  out= 10  lat= 0.9s  ans=["Louisiana", "Texas"]
  42022025NOPV_PCO_02102022_(21-209144).pdf                in= 2648  out=  7  lat= 1.1s  ans="\"Tennessee\""
  42022026NOPV_PCO_01262022_(21-209158).pdf                in= 3991  out=  7  lat= 1.0s  ans="\"Tennessee\""
  42022028NOPV_PCO_04082022_(21-199241).pdf                in= 2480  out= 10  lat= 0.9s  ans=["Louisiana", "Texas"]
  42022039NOPV_PCP PCO_06172022_(21-203269).pdf            in= 2637  out=  8  lat= 0.7s  ans="\"NOT FOUND\""
  42022041NOPV_PCO_08052022_(21-199244).pdf                in= 3410  out= 11  lat= 1.1s  ans=["Louisiana", "Mississippi"]
  42022046NOPV_PCO_08052022_(22-250946).pdf                in= 2781  out=  7  lat= 1.0s  ans="\"Texas\""
  42022047NOPV_PCO_08032022_(21-199242).pdf                in= 3470  out= 16  lat= 1.0s  ans=["Louisiana", "Arkansas", "Missouri", "Illinois"]
  42022061NOPV_PCO_10312022_(22-233712).pdf                in= 3187  out= 15  lat= 0.8s  ans=["Oklahoma", "New Mexico", "Texas"]
  42022062NOPV_PCO_12142022_(22-234365).pdf                in= 4737  out= 15  lat= 1.1s  ans=["New Mexico", "Texas", "Oklahoma", "Kansas"]
  42023006NOPV_PCP PCO_05082023_(21-231718).pdf            in= 2731  out=  8  lat= 0.8s  ans="\"Alaska\""
  42023009NOPV_PCO_01132023_(22-232746).pdf                in= 1840  out= 10  lat= 0.7s  ans=["Texas", "Louisiana"]
  42023010NOPV_PCP PCO_06022023_(22-232749).pdf            in= 3206  out= 11  lat= 1.7s  ans=["Texas", "Louisiana"]
  42023016NOPV_PCO_01312023_(21-199998).pdf                in= 2369  out=  7  lat= 1.1s  ans="\"Texas\""
  42023017NOPV_PCO_01312023_(21-199998).pdf                in= 2991  out= 11  lat= 1.2s  ans=["Louisiana", "Mississippi"]
  42023031NOPV_PCO_04202023_(22-242818).pdf                in= 2427  out=  9  lat= 0.9s  ans=["Illinois", "Indiana"]
  42023033NOPV_PCO_04212023_(22-249322).pdf                in= 3911  out=  8  lat= 1.0s  ans="\"Maryland\""
  42023039NOPV_PCO_05112023_(22-234780).pdf                in= 1946  out= 10  lat= 0.9s  ans=["New Mexico", "Texas"]
  42023042NOPV_PCO_05232023_(22-235632).pdf                in= 2039  out= 21  lat= 1.0s  ans=["Arkansas", "Illinois", "Louisiana", "Missouri", "Okla
  42023044NOPV_PCO_05042023_(22-234487).pdf                in= 2740  out= 10  lat= 1.4s  ans=["Texas", "Oklahoma"]
  42023045NOPV_PCO_05112023_(22-232770).pdf                in= 2324  out=  7  lat= 0.8s  ans="\"Texas\""
  42023047NOPV_PCO_10182023_(22-241127).pdf                in= 2588  out= 12  lat= 1.0s  ans=["Oklahoma", "Arkansas"]
  42023052NOPV_PCO_10162023_(22-235649).pdf                in= 3538  out= 15  lat= 1.5s  ans=["Missouri", "Kansas", "Oklahoma", "Texas"]
  42023053NOPV_PCO_06132023_(21-227138).pdf                in= 1572  out= 10  lat= 1.4s  ans=["Oklahoma", "Texas"]
  42023057NOPV_PCO_11162023_(21-209415).pdf                in= 2407  out=  8  lat= 1.2s  ans="\"Puerto Rico\""
  42024014NOPV_PCO_01302024_(21-217155).pdf                in= 1923  out=  7  lat= 0.8s  ans="\"Texas\""
  42024015NOPV_PCP PCO_03252024_(22-232769).pdf            in= 4037  out= 11  lat= 1.1s  ans=["New York", "Pennsylvania"]
  42024020NOPV_PCP PCO_11192024_(21-207841).pdf            in= 2906  out= 10  lat= 0.8s  ans=["New Mexico", "Texas"]
  42024022NOPV_PCO_03202024_(23-264818).pdf                in= 2280  out=  8  lat= 0.9s  ans="\"Louisiana\""
  42024024NOPV_PCO_05022024_(23-264209).pdf                in= 3168  out= 19  lat= 0.9s  ans=["Ohio", "West Virginia", "Pennsylvania", "New York"]
  42024027NOPV_PCO_05312024_(23-266081).pdf                in= 3454  out=  8  lat= 1.1s  ans="\"Pennsylvania\""
  42024034NOPV_PCO_08272024_(24-299840).pdf                in= 2819  out=  7  lat= 0.8s  ans="\"Virginia\""
  42024036NOPV_PCO_10222024_(23-264819).pdf                in= 4811  out= 17  lat= 0.9s  ans=["Kansas", "Missouri", "Iowa", "Indiana", "Illinois"]
  42024037NOPV_PCP PCO_10042024_(23-267490).pdf            in= 5443  out= 17  lat= 1.3s  ans=["Arizona", "Colorado", "New Mexico", "Texas"]
  42024042NOPV_PCO_08292024_(23-267234).pdf                in= 2062  out=  7  lat= 0.9s  ans="\"Florida\""
  42024045NOPV_PCO_10212024_(23-266145).pdf                in= 2739  out=  7  lat= 1.0s  ans="\"California\""
  42024046NOPV_PCO_08292024_(23-267231).pdf                in= 3168  out=  8  lat= 0.7s  ans="\"Alaska\""
  42024047NOPV_PCO_10222024_(23-267237).pdf                in= 1986  out=  8  lat= 1.4s  ans="\"Louisiana\""
  42024048NOPV_PCO_10222024_(23-264726).pdf                in= 2880  out=  8  lat= 0.9s  ans="\"North Dakota\""
  42024052NOPV_PCO_10302024_(24-297498).pdf                in= 2337  out= 10  lat= 1.1s  ans=["Oklahoma", "Texas"]
  42025002NOPV_PCO_05152025_(24-296561).pdf                in= 2834  out= 15  lat= 0.9s  ans=["Oklahoma", "Louisiana", "Texas"]
  42025007NOPV_PCO_10012025_(24-301886).pdf                in= 2636  out=  8  lat= 0.9s  ans="\"Pennsylvania\""
  42025012NOPV_PCP PCO_12312025_(23-292329).pdf            in=13010  out=  8  lat= 1.3s  ans="\"Louisiana\""
  42025021NOPV_PCO_01082025_(23-266712).pdf                in= 2437  out=  8  lat= 1.2s  ans="\"Wyoming\""
  42025029NOPV_PCO_05082025_(24-296566).pdf                in= 2278  out=  8  lat= 0.8s  ans="\"Wyoming\""
  42025031NOPV_PCO_12222025_(24-296702).pdf                in= 3354  out= 11  lat= 1.0s  ans=["Texas", "Idaho"]
  42025034NOPV_PCO_12222025_(24-296704).pdf                in= 3055  out= 13  lat= 1.0s  ans=["Texas", "Utah", "Wyoming"]
  42025035NOPV_PCP PCO_12232025_(24-305809).pdf            in= 2922  out=  7  lat= 1.0s  ans="\"Illinois\""
  42025039NOPV_PCO_07032025_(24-298760).pdf                in= 2345  out=  7  lat= 0.8s  ans="\"Tennessee\""
  42025040NOPV_PCO_08282025_(24-308458).pdf                in= 2675  out=  9  lat= 1.0s  ans="\"Rhode Island\""
  42025043NOPV_PCO_11252025_(24-296703).pdf                in= 3467  out= 13  lat= 1.1s  ans=["Texas", "Nevada", "Wyoming"]
  42025047NOPV_PCO_08202025_(24-296558).pdf                in= 2234  out=  7  lat= 0.8s  ans="\"Texas\""
  42025049NOPV_PCO_07102025_(24-296979).pdf                in= 2174  out= 10  lat= 0.9s  ans=["New Mexico", "Texas"]
  42025056NOPV_PCP PCO_08292025_(24-296556).pdf            in= 4573  out= 14  lat= 1.1s  ans=["Texas", "Oklahoma", "Kansas"]
  42025060NOPV_PCO_11042025_(24-296536).pdf                in= 2439  out=  8  lat= 1.1s  ans="\"New Jersey\""
  42026004NOPV_PCO_02112026_(25-329817).pdf                in= 1999  out=  7  lat= 0.8s  ans="\"Tennessee\""
  42026012NOPV_PCP PCO_02122026_(23-266706).pdf            in= 2816  out=  7  lat= 0.7s  ans="\"Oklahoma\""
  42026013NOPV_PCP PCO_02182026_(23-266740).pdf            in= 4103  out= 18  lat= 1.1s  ans=["Florida", "Texas", "Alabama", "Louisiana", "Mississip
  42026023NOPV_PCO_02122026_(25-329815).pdf                in= 2514  out=  7  lat= 0.8s  ans="\"Florida\""
  52021031NOPV_PCP PCO_08112021_(21-208158).pdf            in= 5380  out=  8  lat= 0.9s  ans="\"Wyoming\""
  52021037NOPV_PCO_09172021_(21-201448).pdf                in= 2410  out=  7  lat= 1.0s  ans="\"California\""
  52021051NOPV_PCO_10152021_(20-173120).pdf                in= 2115  out=  7  lat= 1.6s  ans="\"California\""
  52021057NOPV_PCO_12202021_(21-199974).pdf                in= 1922  out=  7  lat= 0.7s  ans="\"California\""
  52022002NOPV_PCO_03302022_(21-199723).pdf                in= 3236  out=  8  lat= 0.8s  ans="\"Alaska\""
  52022006NOPV_PCO_09072022_(21-213178).pdf                in= 3700  out=  8  lat= 1.1s  ans="\"Alaska\""
  52022008NOPV_PCO_07182022_(20-191036).pdf                in= 4414  out=  8  lat= 1.8s  ans="\"Alaska\""
  52022019NOPV_PCO_03072022_(21-201443).pdf                in= 2276  out=  9  lat= 0.9s  ans=["Colorado", "Texas"]
  52022021NOPV_PCO_06152022_(21-201441).pdf                in= 2426  out=  7  lat= 1.1s  ans="\"Texas\""
  52022023NOPV_PCO_04272022_(21-218958).pdf                in= 3419  out=  7  lat= 0.8s  ans="\"Hawaii\""
  52022024NOPV_PCO_04272022_(21-218959).pdf                in= 2769  out=  7  lat= 1.0s  ans="\"Hawaii\""
  52022028NOPV_PCO_09072022_(21-201439).pdf                in= 3297  out=  8  lat= 0.8s  ans="\"Alaska\""
  52022037NOPV_PCP PCO_04272022_(22-236002).pdf            in= 2880  out=  7  lat= 1.1s  ans="\"California\""
  52022038NOPV_PCO_04122022_(21-219857).pdf                in= 2187  out=  8  lat= 1.4s  ans="\"Wyoming\""
  52022041NOPV_PCO_05092022_(21-219864).pdf                in= 2865  out=  7  lat= 0.8s  ans="\"California\""
  52022042NOPV_PCO_05132022_(21-214526).pdf                in= 2129  out=  7  lat= 1.0s  ans="\"Arizona\""
  52022050NOPV_PCO_12192022_(22-232643).pdf                in= 2908  out=  8  lat= 1.3s  ans="\"Utah\""
  52022052NOPV_PCO_12012022_(22-232653).pdf                in= 2003  out=  7  lat= 0.7s  ans="\"Colorado\""
  52023003NOPV_PCP PCO_04112023_(22-236099).pdf            in= 2304  out= 10  lat= 0.7s  ans=["California", "Arizona"]
  52023009NOPV_PCP PCO_03012023_(21-217219).pdf            in= 5166  out=  8  lat= 0.9s  ans="\"Alaska\""
  52023011NOPV_PCP PCO_04062023_(21-225379).pdf            in=13844  out=  7  lat= 1.2s  ans="\"California\""
  52023012NOPV_PCO_03012023_(22-251101).pdf                in= 4282  out=  8  lat= 0.9s  ans="\"Alaska\""
  52023016NOPV_PCO_03242023_(21-207466).pdf                in= 3684  out=  8  lat= 0.9s  ans="\"Alaska\""
  52023019NOPV_PCP PCO_12272023_(22-236528).pdf            in= 8235  out=  8  lat= 1.0s  ans="\"Alaska\""
  52023021NOPV_PCO_02062023_(22-239515).pdf                in= 2179  out=  8  lat= 1.4s  ans="\"Montana\""
  52023025NOPV_PCP PCO_04062023_(21-200502).pdf            in= 3557  out=  7  lat= 1.5s  ans="\"California\""
  52023027NOPV_PCO_01192023_(22-232634).pdf                in= 2124  out=  7  lat= 1.4s  ans="\"California\""
  52023029NOPV_PCP PCO_06222023_(22-251181).pdf            in= 7946  out=  7  lat= 0.8s  ans="\"Hawaii\""
  52023030NOPV_PCO_04172023_(21-200923).pdf                in= 1533  out= 11  lat= 0.9s  ans=["Arizona", "New Mexico"]
  52023031NOPV_PCP PCO_10112023_(22-232626).pdf            in= 5723  out=  7  lat= 1.0s  ans="\"California\""
  52023033NOPV_PCO_07192023_(22-239213).pdf                in= 2851  out= 11  lat= 0.9s  ans=["Iowa", "Nebraska"]
  52023035NOPV_PCO_10252023_(22-239214).pdf                in= 2752  out=  9  lat= 0.9s  ans="\"WYOMING\""
  52023037NOPV_PCP PCO_09182023_(22-232625).pdf            in= 4694  out=  7  lat= 0.9s  ans="\"California\""
  52023039NOPV_PCO_11022023_(22-254201).pdf                in= 5125  out=  8  lat= 1.0s  ans="\"Alaska\""
  52023040NOPV_PCO_07262023_(23-264043).pdf                in= 2011  out=  7  lat= 0.9s  ans="\"California\""
  52023042NOPV_PCO_12262023_(22-232644).pdf                in= 2942  out=  7  lat= 0.9s  ans="\"California\""
  52023043NOPV_PCO_10252023_(22-239216).pdf                in= 3442  out=  7  lat= 0.9s  ans="\"Hawaii\""
  52023046NOPV_PCP PCO_12272023_(22-257275).pdf            in=12837  out=  8  lat= 1.2s  ans="\"Alaska\""
  52023048NOPV_PCO_11022023_(22-239215).pdf                in= 2750  out=  8  lat= 0.9s  ans="\"Wyoming\""
  52023052NOPV_PCO_10272023_(22-246104).pdf                in= 1889  out=  7  lat= 0.9s  ans="\"California\""
  52023054NOPV_PCO_08212023_(23-264167).pdf                in= 3619  out=  7  lat= 0.9s  ans="\"Texas\""
  52024001NOPV_PCO_12122024_(24-297227).pdf                in= 2890  out=  7  lat= 0.8s  ans="\"Hawaii\""
  52024002NOPV_PCP PCO_01292024_22-258385.pdf              in= 4079  out=  7  lat= 1.1s  ans="\"Colorado\""
  52024003NOPV_PCP PCO_05222024_(22-232568).pdf            in= 4092  out=  8  lat= 1.5s  ans="\"Idaho\""
  52024009NOPV_PCO_ 03042024_(22-239217).pdf               in= 2158  out=  7  lat= 1.4s  ans="\"California\""
  52024010NOPV_PCO_01102024_(23-264168).pdf                in= 2807  out= 21  lat= 0.9s  ans=["Oklahoma", "Texas", "Kansas", "Missouri", "Illinois"]
  52024011NOPV_PCO_02232024_(23-264348).pdf                in= 3942  out=  7  lat= 1.3s  ans="\"California\""
  52024015NOPV_PCO_04152024_(23-264582).pdf                in= 6325  out= 10  lat= 0.9s  ans=["Colorado", "Minnesota"]
  52024016NOPV_PCO_05232024_(23-264378).pdf                in= 6443  out=  8  lat= 1.6s  ans="\"Alaska\""
  52024023NOPV_PCP PCO_08232024_(23-264166).pdf            in= 3557  out=  8  lat= 1.1s  ans="\"Wyoming\""
  52024026NOPV_PCO_12102024_(23-265653).pdf                in= 6361  out=  7  lat= 1.4s  ans="\"California\""
  52024039NOPV_PCO_12062024_(24-297378).pdf                in= 1978  out=  7  lat= 0.9s  ans="\"California\""
  52024040NOPV_PCO_11182024_(24-297214).pdf                in= 2983  out=  7  lat= 1.4s  ans="\"Oregon\""
  52024041NOPV_PCO_12182024_(24-295915).pdf                in= 3216  out=  8  lat= 0.8s  ans="\"Alaska\""
  52025006NOPV_PCP PCO_07302025_(24-296481).pdf            in= 2612  out=  8  lat= 0.9s  ans="\"Wyoming\""
  52025010NOPV_PCO_04252025_(24-298502).pdf                in= 6845  out=  8  lat= 1.0s  ans="\"Alaska\""
  52025011NOPV_PCO_05022025_(24-305759).pdf                in= 2892  out=  8  lat= 1.0s  ans="\"Alaska\""
  52025014NOPV_PCO_05022025_(24-297328).pdf                in= 3087  out=  7  lat= 1.0s  ans="\"California\""
  52025023NOPV_PCP PCO_10022025_(25-329886).pdf            in= 5557  out=  8  lat= 0.8s  ans="\"Alaska\""
  52025026NOPV_PCO_07292025_(24-297246).pdf                in= 2294  out= 10  lat= 0.8s  ans=["Colorado", "Wyoming"]
  52025028NOPV_PCP PCO_11172025_(24-298503).pdf            in= 3633  out=  7  lat= 0.7s  ans=["California"]
  52025033NOPV_PCO_11212025_(24-297332).pdf                in= 3358  out=  7  lat= 0.8s  ans="\"California\""
  52025039NOPV_PCO_12082025_(24-296470).pdf                in= 3975  out=  8  lat= 0.8s  ans="\"North Dakota\""
  52026002NOPV_PCO_01222026_(25-331927).pdf                in= 5937  out= 14  lat= 1.6s  ans=["Colorado", "Kansas", "Missouri"]

=== Under which 49 CFR Part is the operator's regulated activity covered (e.g., Part ===
  SKIP (too short): 12021057NOPV_PCO_10072021_(20-172138).pdf
  SKIP (too short): 12021065NOPV_NOPV_PCO_12102021_(20-172057).pdf
  12022023NOPV_PCO_03312022_(20-194651).pdf                in= 3188  out=  7  lat= 0.9s  ans="Part 195"
  SKIP (too short): 12023022NOPV_PCO_04132023_(22-234207).pdf
  SKIP (too short): 12023028NOPV_PCO_05252023_(22-232998).pdf
  12023047NOPV_PCO_12042023_(22-233293).pdf                in= 4219  out=  7  lat= 0.9s  ans="Part 192"
  SKIP (too short): 12023050NOPV_PCO_09052023_(22-233356).pdf
  SKIP (too short): 12024001NOPV_PCO_03212024_(22-233343).pdf
  SKIP (too short): 12024003NOPV_PCP PCO_03282024_(23-266431).pdf
  SKIP (too short): 12024004NOPV_PCO_02152024_(22-233363).pdf
  12024018NOPV_PCO_08262024_(23-263980).pdf                in= 2280  out=  7  lat= 0.9s  ans="Part 192"
  12024039NOPV_PCO_11062024_(23-276594).pdf                in= 6303  out=  7  lat= 0.9s  ans="Part 192"
  12024051NOPV_PCO_07052024_(24-297439).pdf                in= 2361  out=  7  lat= 1.0s  ans="Part 192"
  12025001NOPV_PCO_05302025_(23-265078).pdf                in= 5659  out=  7  lat= 0.9s  ans="Part 195"
  12025006NOPV_PCO_05082025_(23-272518).pdf                in= 2248  out=  7  lat= 0.6s  ans="Part 192"
  12026002NOPV_PCO_01232026_(24-295891).pdf                in= 2193  out=  7  lat= 0.7s  ans="Part 195"
  12026003NOPV_PCO_02132026_(24-309719).pdf                in= 4138  out=  7  lat= 1.4s  ans="Part 195"
  12026012NOPV_PCO_02062026_(25-329693).pdf                in= 2785  out=  7  lat= 0.7s  ans="Part 195"
  12026015NOPV_PCO_02122026_(24-296051).pdf                in= 4160  out=  7  lat= 1.0s  ans="Part 192"
  12026022NOPV_PCO_02242026_(25-330072).pdf                in= 2349  out=  7  lat= 0.8s  ans="Part 192"
  12026032NOPV_PCO_02132026_ (25-330095).pdf               in= 2273  out=  7  lat= 0.9s  ans="Part 192"
  22023002NOPV_PCO_07282023_(21-202409).pdf                in= 2184  out=  7  lat= 0.7s  ans="Part 195"
  22023011NOPV_PCO_07282023_(21-202560).pdf                in= 5855  out=  7  lat= 1.0s  ans="Part 195"
  22023013NOPV_PCP PCO_11162023_(21-224433).pdf            in= 9103  out=  7  lat= 1.4s  ans="Part 192"
  22024001NOPV_PCP PCO_06272024_(24-304023).pdf            in= 4836  out=  7  lat= 1.2s  ans="Part 199"
  22024011NOPV_PCP PCO (AMENDED)_07092024_(22-235530).pdf  in= 5099  out=  7  lat= 1.1s  ans="Part 195"
  32021028NOPV_PCP PCO_11022021_(20-172212).pdf            in= 2603  out=  7  lat= 0.7s  ans="Part 195"
  32021043NOPV_PCP PCO_12072021_(20-179274).pdf            in= 7621  out=  7  lat= 1.0s  ans="Part 192"
  32021045NOPV_PCP PCO_11052021_(20-172259).pdf            in= 2652  out=  7  lat= 0.8s  ans="Part 195"
  32021046NOPV_PCP PCO_11232021_(20-172259).pdf            in= 5952  out=  7  lat= 1.1s  ans="Part 195"
  32021051NOPV_PCP PCO_11102021_(21-200403).pdf            in= 5691  out=  7  lat= 1.0s  ans="Part 195"
  32021059NOPV_PCP PCO_12302021_(21-200404).pdf            in= 5319  out=  7  lat= 1.2s  ans="Part 195"
  32021070NOPV_PCP PCO_12302021_(21-199716).pdf            in= 3165  out=  7  lat= 0.8s  ans="Part 195"
  32021073NOPV_PCP PCO_12222021_(20-173072).pdf            in= 3065  out=  7  lat= 0.7s  ans="Part 192"
  32021080NOPV_PCP PCO_12222021_(21-199715).pdf            in= 3410  out=  7  lat= 0.8s  ans="Part 195"
  32021082NOPV_PCO_12012021_(20-172259).pdf                in= 2142  out=  7  lat= 0.9s  ans="Part 195"
  32021087NOPV_PCP PCO_12132021_(21-210505).pdf            in= 2358  out=  7  lat= 0.7s  ans="Part 192"
  32021088NOPV_PCO_11302021_(21-210503).pdf                in= 1801  out=  7  lat= 0.7s  ans="Part 195"
  32021089NOPV_PCP PCO_11302021_(21-210502).pdf            in= 2611  out=  7  lat= 1.0s  ans="Part 195"
  32022001NOPV_PCP PCO_08082022_(21-208610).pdf            in= 2035  out=  7  lat= 0.9s  ans="Part 195"
  32022006NOPV_PCP PCO_04182022_(21-200783).pdf            in= 3685  out=  7  lat= 0.8s  ans="Part 192"
  32022016NOPV_PCO_01072022_(20-187013).pdf                in= 2206  out=  7  lat= 0.9s  ans="Part 195"
  32022017NOPV_PCP PCO_01112022_(21-210504).pdf            in= 4555  out=  7  lat= 0.8s  ans="Part 192"
  32022018NOPV_PCP PCO_01192022_(21-210993).pdf            in= 4988  out=  7  lat= 0.9s  ans="Part 195"
  32022024NOPV_PCO_03252022_(20-179518).pdf                in= 1711  out=  7  lat= 0.6s  ans="Part 195"
  32022025NOPV_PCP PCO_10142022_(20-182827).pdf            in= 2327  out=  7  lat= 1.1s  ans="Part 195"
  32022026NOPV_PCP PCO_05052022_(20-173062).pdf            in= 7739  out=  7  lat= 1.4s  ans="Part 195"
  32022033NOPV_PCP PCO_03172022_(21-203212).pdf            in= 2828  out=  7  lat= 1.0s  ans="Part 195"
  32022037NOPV_PCP PCO_03012022_(21-201004).pdf            in= 3007  out=  7  lat= 0.8s  ans="Part 195"
  32022040NOPV_PCO_02172022_(20-179276).pdf                in= 2916  out=  7  lat= 0.7s  ans="Part 192"
  32022045NOPV_PCP PCO_04282022_(21-201001).pdf            in= 3042  out=  7  lat= 0.9s  ans="Part 192"
  32022047NOPV_PCP PCO_05122022_(21-201425).pdf            in= 4638  out=  7  lat= 0.8s  ans="Part 192"
  32022052NOPV_PCP PCO_11102022_(21-207738).pdf            in= 4323  out=  7  lat= 0.8s  ans="Part 195"
  32022053NOPV_PCP PCO_08222022_(21-210151).pdf            in= 4076  out=  7  lat= 0.7s  ans="Part 192"
  32022055NOPV_PCO_11082022_(21-209703).pdf                in= 1810  out=  7  lat= 1.0s  ans="Part 195"
  32022056NOPV_PCP PCO_11082022_(21-209703).pdf            in= 3412  out=  7  lat= 0.8s  ans="Part 195"
  32022058NOPV_PCP PCO (AMENDED)_09142022_(22-242811).pdf  in= 4861  out=  7  lat= 0.8s  ans="Part 195"
  32022061NOPV_PCP PCO_12222022_(21-201318).pdf            in= 3642  out=  7  lat= 1.1s  ans="Part 192"
  32022062NOPV_PCO_09142022_(21-202559).pdf                in= 2099  out=  7  lat= 0.9s  ans="Part 195"
  32022069NOPV_PCO_11292022_(22-233904).pdf                in=  482  out=  7  lat= 0.6s  ans="Part 195"
  32023002NOPV_PCP PCO_01182023_(21-202836).pdf            in= 2635  out=  7  lat= 0.7s  ans="Part 192"
  32023005NOPV_PCP PCO_01252023_(22-261675).pdf            in= 3974  out=  7  lat= 0.7s  ans="Part 195"
  32023006NOPV_PCP PCO_05042023_(22-235672).pdf            in= 2380  out=  7  lat= 0.8s  ans="Part 195"
  32023008NOPV_PCP PCO_06022023_(21-207275).pdf            in= 3728  out=  7  lat= 0.8s  ans="Part 195"
  32023011NOPV_PCP PCO_09122023_(22-233376).pdf            in= 2317  out=  7  lat= 1.0s  ans="Part 195"
  32023014NOPV_PCP PCO_07272023_(22-250434).pdf            in= 4478  out=  7  lat= 0.9s  ans="Part 195"
  32023016NOPV_PCP PCO_09082023_(22-238055).pdf            in= 5169  out=  7  lat= 1.0s  ans="Part 192"
  32023020NOPV_PCP PCO_08112023_(22-237273).pdf            in= 3501  out=  7  lat= 0.9s  ans="Part 195"
  32023021NOPV_PCP PCO_09182023_(22-245404).pdf            in= 4122  out=  7  lat= 0.9s  ans="Part 195"
  32023022NOPV_PCP PCO_08242023_(22-234357).pdf            in= 4103  out=  7  lat= 0.9s  ans="Part 195"
  32023026NOPV_PCP PCO_09082023_(22-240208).pdf            in= 6069  out=  7  lat= 1.4s  ans="Part 195"
  32023033NOPV_PCO_11272023_(22-234926).pdf                in= 2127  out=  7  lat= 1.4s  ans="Part 192"
  32024001NOPV_PCO_12192024_(24-297350).pdf                in= 1480  out=  7  lat= 0.7s  ans="Part 195"
  32024004NOPV_PCP PCO_03012024_(22-240209).pdf            in= 7065  out=  7  lat= 1.1s  ans="Part 195"
  32024007NOPV_PCO_01182024_(22-234928).pdf                in= 2625  out=  7  lat= 0.8s  ans="Part 192"
  32024008NOPV_PCP PCO_10252024_(22-237074).pdf            in= 5294  out=  7  lat= 0.8s  ans="Part 195"
  32024011NOPV_PCO_02062024_(23-264235).pdf                in= 2487  out=  7  lat= 0.7s  ans="Part 192"
  32024012NOPV_PCP PCO_02062024_(23-264235).pdf            in= 3518  out=  7  lat= 1.1s  ans="Part 192"
  32024016NOPV_PCO_02132024_(23-264316).pdf                in= 1397  out=  7  lat= 0.7s  ans="Part 195"
  32024019NOPV_PCO_03042024_(22-233359).pdf                in= 1311  out=  7  lat= 0.9s  ans="Part 195"
  32024020NOPV_PCP PCO_06132024_(21-199489).pdf            in= 7684  out=  7  lat= 0.9s  ans="Part 195"
  32024022NOPV_PCP PCO_05082024_(23-268060).pdf            in= 4001  out=  7  lat= 1.2s  ans="Part 195"
  32024028NOPV_PCO_12302024_(22-235481).pdf                in= 2818  out=  7  lat= 1.0s  ans="Part 195"
  32024030NOPV_PCO_06032024_(23-264637).pdf                in= 2498  out=  7  lat= 1.0s  ans="Part 192"
  32024035NOPV_PCO_04152024_(23-270170).pdf                in= 2195  out=  7  lat= 0.7s  ans="Part 192"
  32024036NOPV_PCP PCO_06282024_(23-264742).pdf            in= 3307  out=  7  lat= 1.1s  ans="Part 195"
  32024038NOPV_PCP PCO_05312024_(22-233382).pdf            in= 3702  out=  7  lat= 0.9s  ans="Part 195"
  32024040NOPV_PCP PCO_09062024_(23-264452).pdf            in= 5203  out=  7  lat= 1.0s  ans="Part 192"
  32024042NOPV_PCO_06032024_(23-264638).pdf                in= 2095  out=  7  lat= 0.9s  ans="Part 195"
  32024044NOPV_PCP PCO_04182024_(23-265891).pdf            in= 3110  out=  7  lat= 0.7s  ans="Part 192"
  32024045NOPV_PCP PCO_05102024_(23-264643).pdf            in= 4129  out=  7  lat= 1.0s  ans="Part 195"
  32024049NOPV_PCP PCO_07022024_(23-264476).pdf            in= 3102  out=  7  lat= 0.9s  ans="Part 192"
  32024050NOPV_PCP PCO_08282024_(23-264059).pdf            in= 3249  out=  7  lat= 0.8s  ans="Part 195"
  32024052NOPV_PCP PCO_07032024_(24-305436).pdf            in= 3095  out=  7  lat= 1.3s  ans="Part 195"
  32024053NOPV_PCO_12122024_(22-233381).pdf                in= 2318  out=  7  lat= 1.0s  ans="Part 195"
  32024054NOPV_PCO_08232024_(23-264382).pdf                in= 2130  out=  7  lat= 0.6s  ans="Part 192"
  32024056NOPV_PCP PCO_10252024_(23-264602).pdf            in= 4507  out=  7  lat= 1.1s  ans="Part 195"
  32024058NOPV_PCO_12042024_(23-264827).pdf                in= 2180  out=  7  lat= 0.8s  ans="Part 195"
  32024062NOPV_PCP PCO_11212024_(23-266139).pdf            in= 1907  out=  7  lat= 0.7s  ans="Part 192"
  32024066NOPV_PCP PCO_08222024_(23-282184).pdf            in= 2797  out=  7  lat= 0.6s  ans="Part 192"
  32024069NOPV_PCP PCO_11142024_(23-264601).pdf            in= 2785  out=  7  lat= 0.7s  ans="Part 192"
  32024071NOPV_PCP PCO_11142024_(23-264063).pdf            in= 2685  out=  7  lat= 0.8s  ans="Part 195"
  32025003NOPV_PCP PCO_01162025_(23-264381).pdf            in= 4022  out=  7  lat= 0.9s  ans="Part 192"
  32025004NOPV_PCO_05052025_(23-264480).pdf                in= 3488  out=  7  lat= 1.0s  ans="Part 192"
  32025006NOPV_PCP PCO_08182025_(23-264820).pdf            in= 4051  out=  7  lat= 0.7s  ans="Part 192"
  32025007NOPV_PCP PCO_06252025_(23-264832).pdf            in= 6338  out=  7  lat= 1.1s  ans="Part 192"
  32025008NOPV_PCP PCO_06162025_(23-264835).pdf            in= 3714  out=  7  lat= 0.8s  ans="Part 195"
  32025022NOPV_PCO_07182025_(24-297198).pdf                in= 5633  out=  7  lat= 1.9s  ans="Part 195"
  32025024NOPV_PCO_11062025_(24-297583).pdf                in= 4774  out=  7  lat= 0.7s  ans="Part 192"
  32025027NOPV_PCO_07012025_(24-299195).pdf                in= 2553  out=  7  lat= 1.3s  ans="Part 192"
  32025029NOPV_PCO_08152025_(24-297350).pdf                in= 3473  out=  7  lat= 1.4s  ans="Part 195"
  32026004NOPV_PCO_02032026_(25-330822).pdf                in= 3026  out=  7  lat= 0.6s  ans="Part 192"
  42021001NOPV_PCO_10042021_(20-172501).pdf                in= 3634  out=  7  lat= 0.9s  ans="Part 192"
  42021008NOPV_PCO_11152021_(20-172587).pdf                in= 2760  out=  7  lat= 1.0s  ans="Part 195"
  42021010NOPV_PCO_10272021_(20-172682).pdf                in= 3099  out=  7  lat= 1.0s  ans="Part 195"
  42021011NOPV_PCO_11022021_(20-172601).pdf                in= 4151  out=  7  lat= 0.8s  ans="Part 195"
  42021022NOPV_PCO_09232021_(20-186120).pdf                in= 2094  out=  7  lat= 0.9s  ans="Part 193"
  42021027NOPV_PCO_08182021_(20-172515).pdf                in= 3006  out=  7  lat= 0.7s  ans="Part 192"
  42021033NOPV_PCO_09232021_(21-220612).pdf                in= 1660  out=  7  lat= 1.0s  ans="Part 191"
  42021034NOPV_PCP PCO_12212021_(20-183709).pdf            in= 3590  out=  7  lat= 0.9s  ans="Part 192"
  42021039NOPV_PCO_11232021_(20-178576).pdf                in= 2564  out=  7  lat= 1.2s  ans="Part 195"
  42021047NOPV_PCO_10212021_(21-202129).pdf                in= 2675  out=  7  lat= 1.0s  ans="Part 192"
  42021057NOPV_PCO_11012021_(21-200343).pdf                in= 2826  out=  7  lat= 1.0s  ans="Part 192"
  42022001NOPV_PCO_08042022_(21-210603).pdf                in= 1738  out=  7  lat= 1.0s  ans="Part 195"
  42022007NOPV_PCP PCO_02112022_(21-230161).pdf            in= 3875  out=  7  lat= 1.5s  ans="Part 192"
  42022009NOPV_PCP PCO_01212022_(21-199753).pdf            in= 3452  out=  7  lat= 0.9s  ans="Part 195"
  42022015NOPV_PCO_02232021_(21-500287).pdf                in= 2432  out=  7  lat= 0.8s  ans="Part 195"
  42022018NOPV_PCO_02142022_(21-207285).pdf                in= 2752  out=  7  lat= 1.1s  ans="Part 195"
  42022025NOPV_PCO_02102022_(21-209144).pdf                in= 2643  out=  6  lat= 0.8s  ans="NOT FOUND"
  42022026NOPV_PCO_01262022_(21-209158).pdf                in= 3986  out=  7  lat= 0.9s  ans="Part 193"
  42022028NOPV_PCO_04082022_(21-199241).pdf                in= 2475  out=  7  lat= 0.9s  ans="Part 195"
  42022039NOPV_PCP PCO_06172022_(21-203269).pdf            in= 2632  out=  7  lat= 0.9s  ans="Part 195"
  42022041NOPV_PCO_08052022_(21-199244).pdf                in= 3405  out=  7  lat= 0.9s  ans="Part 195"
  42022046NOPV_PCO_08052022_(22-250946).pdf                in= 2776  out=  7  lat= 0.8s  ans="Part 195"
  42022047NOPV_PCO_08032022_(21-199242).pdf                in= 3465  out=  7  lat= 0.7s  ans="Part 192"
  42022061NOPV_PCO_10312022_(22-233712).pdf                in= 3182  out=  7  lat= 1.1s  ans="Part 195"
  42022062NOPV_PCO_12142022_(22-234365).pdf                in= 4732  out=  7  lat= 1.1s  ans="Part 195"
  42023006NOPV_PCP PCO_05082023_(21-231718).pdf            in= 2726  out=  7  lat= 1.3s  ans="Part 193"
  42023009NOPV_PCO_01132023_(22-232746).pdf                in= 1835  out=  7  lat= 1.1s  ans="Part 192"
  42023010NOPV_PCP PCO_06022023_(22-232749).pdf            in= 3201  out=  7  lat= 1.0s  ans="Part 195"
  42023016NOPV_PCO_01312023_(21-199998).pdf                in= 2364  out=  7  lat= 1.2s  ans="Part 195"
  42023017NOPV_PCO_01312023_(21-199998).pdf                in= 2986  out=  7  lat= 1.0s  ans="Part 195"
  42023031NOPV_PCO_04202023_(22-242818).pdf                in= 2422  out=  7  lat= 0.9s  ans="Part 195"
  42023033NOPV_PCO_04212023_(22-249322).pdf                in= 3906  out=  7  lat= 1.3s  ans="Part 193"
  42023039NOPV_PCO_05112023_(22-234780).pdf                in= 1941  out=  7  lat= 1.5s  ans="Part 195"
  42023042NOPV_PCO_05232023_(22-235632).pdf                in= 2034  out=  7  lat= 1.0s  ans="Part 191"
  42023044NOPV_PCO_05042023_(22-234487).pdf                in= 2735  out=  7  lat= 1.5s  ans="Part 195"
  42023045NOPV_PCO_05112023_(22-232770).pdf                in= 2319  out=  7  lat= 0.9s  ans="Part 195"
  42023047NOPV_PCO_10182023_(22-241127).pdf                in= 2583  out=  7  lat= 0.9s  ans="Part 192"
  42023052NOPV_PCO_10162023_(22-235649).pdf                in= 3533  out=  7  lat= 0.8s  ans="Part 192"
  42023053NOPV_PCO_06132023_(21-227138).pdf                in= 1567  out=  7  lat= 1.3s  ans="Part 195"
  42023057NOPV_PCO_11162023_(21-209415).pdf                in= 2402  out=  7  lat= 0.8s  ans="Part 193"
  42024014NOPV_PCO_01302024_(21-217155).pdf                in= 1918  out=  7  lat= 0.8s  ans="Part 195"
  42024015NOPV_PCP PCO_03252024_(22-232769).pdf            in= 4032  out=  7  lat= 1.2s  ans="Part 195"
  42024020NOPV_PCP PCO_11192024_(21-207841).pdf            in= 2901  out=  7  lat= 1.2s  ans="Part 192"
  42024022NOPV_PCO_03202024_(23-264818).pdf                in= 2275  out=  7  lat= 0.8s  ans="Part 192"
  42024024NOPV_PCO_05022024_(23-264209).pdf                in= 3163  out=  7  lat= 1.0s  ans="Part 195"
  42024027NOPV_PCO_05312024_(23-266081).pdf                in= 3449  out=  7  lat= 1.1s  ans="Part 195"
  42024034NOPV_PCO_08272024_(24-299840).pdf                in= 2814  out=  7  lat= 1.0s  ans="Part 193"
  42024036NOPV_PCO_10222024_(23-264819).pdf                in= 4806  out=  7  lat= 1.1s  ans="Part 195"
  42024037NOPV_PCP PCO_10042024_(23-267490).pdf            in= 5438  out=  7  lat= 1.0s  ans="Part 192"
  42024042NOPV_PCO_08292024_(23-267234).pdf                in= 2057  out=  7  lat= 1.3s  ans="Part 193"
  42024045NOPV_PCO_10212024_(23-266145).pdf                in= 2734  out=  7  lat= 0.7s  ans="Part 192"
  42024046NOPV_PCO_08292024_(23-267231).pdf                in= 3163  out=  7  lat= 0.8s  ans="Part 193"
  42024047NOPV_PCO_10222024_(23-267237).pdf                in= 1981  out=  7  lat= 1.3s  ans="Part 193"
  42024048NOPV_PCO_10222024_(23-264726).pdf                in= 2875  out=  7  lat= 0.9s  ans="Part 195"
  42024052NOPV_PCO_10302024_(24-297498).pdf                in= 2332  out=  7  lat= 1.6s  ans="Part 195"
  42025002NOPV_PCO_05152025_(24-296561).pdf                in= 2829  out=  7  lat= 1.9s  ans="Part 195"
  42025007NOPV_PCO_10012025_(24-301886).pdf                in= 2631  out=  7  lat= 1.0s  ans="Part 193"
  42025012NOPV_PCP PCO_12312025_(23-292329).pdf            in=13005  out=  7  lat= 1.1s  ans="Part 195"
  42025021NOPV_PCO_01082025_(23-266712).pdf                in= 2432  out=  7  lat= 0.9s  ans="Part 195"
  42025029NOPV_PCO_05082025_(24-296566).pdf                in= 2273  out=  7  lat= 1.8s  ans="Part 195"
  42025031NOPV_PCO_12222025_(24-296702).pdf                in= 3349  out=  7  lat= 0.8s  ans="Part 195"
  42025034NOPV_PCO_12222025_(24-296704).pdf                in= 3050  out=  7  lat= 1.0s  ans="Part 195"
  42025035NOPV_PCP PCO_12232025_(24-305809).pdf            in= 2917  out=  7  lat= 1.0s  ans="Part 192"
  42025039NOPV_PCO_07032025_(24-298760).pdf                in= 2340  out=  7  lat= 1.0s  ans="Part 193"
  42025040NOPV_PCO_08282025_(24-308458).pdf                in= 2670  out=  7  lat= 1.0s  ans="Part 193"
  42025043NOPV_PCO_11252025_(24-296703).pdf                in= 3462  out=  7  lat= 0.7s  ans="Part 195"
  42025047NOPV_PCO_08202025_(24-296558).pdf                in= 2229  out=  7  lat= 1.0s  ans="Part 192"
  42025049NOPV_PCO_07102025_(24-296979).pdf                in= 2169  out=  7  lat= 1.2s  ans="Part 195"
  42025056NOPV_PCP PCO_08292025_(24-296556).pdf            in= 4568  out=  7  lat= 0.9s  ans="Part 192"
  42025060NOPV_PCO_11042025_(24-296536).pdf                in= 2434  out=  7  lat= 1.0s  ans="Part 195"
  42026004NOPV_PCO_02112026_(25-329817).pdf                in= 1994  out=  7  lat= 1.0s  ans="Part 195"
  42026012NOPV_PCP PCO_02122026_(23-266706).pdf            in= 2811  out=  7  lat= 0.8s  ans="Part 195"
  42026013NOPV_PCP PCO_02182026_(23-266740).pdf            in= 4098  out=  7  lat= 1.6s  ans="Part 192"
  42026023NOPV_PCO_02122026_(25-329815).pdf                in= 2509  out=  7  lat= 0.7s  ans="Part 193"
  52021031NOPV_PCP PCO_08112021_(21-208158).pdf            in= 5375  out=  7  lat= 0.9s  ans="Part 199"
  52021037NOPV_PCO_09172021_(21-201448).pdf                in= 2405  out=  7  lat= 0.8s  ans="Part 192"
  52021051NOPV_PCO_10152021_(20-173120).pdf                in= 2110  out=  7  lat= 0.8s  ans="Part 192"
  52021057NOPV_PCO_12202021_(21-199974).pdf                in= 1917  out=  7  lat= 0.8s  ans="Part 192"
  52022002NOPV_PCO_03302022_(21-199723).pdf                in= 3231  out=  7  lat= 0.7s  ans="Part 195"
  52022006NOPV_PCO_09072022_(21-213178).pdf                in= 3695  out=  7  lat= 0.8s  ans="Part 195"
  52022008NOPV_PCO_07182022_(20-191036).pdf                in= 4409  out=  7  lat= 0.9s  ans="Part 193"
  52022019NOPV_PCO_03072022_(21-201443).pdf                in= 2271  out=  7  lat= 0.7s  ans="Part 195"
  52022021NOPV_PCO_06152022_(21-201441).pdf                in= 2421  out=  7  lat= 1.0s  ans="Part 195"
  52022023NOPV_PCO_04272022_(21-218958).pdf                in= 3414  out=  7  lat= 0.8s  ans="Part 195"
  52022024NOPV_PCO_04272022_(21-218959).pdf                in= 2764  out=  7  lat= 0.9s  ans="Part 195"
  52022028NOPV_PCO_09072022_(21-201439).pdf                in= 3292  out=  7  lat= 0.8s  ans="Part 195"
  52022037NOPV_PCP PCO_04272022_(22-236002).pdf            in= 2875  out=  7  lat= 0.7s  ans="Part 199"
  52022038NOPV_PCO_04122022_(21-219857).pdf                in= 2182  out=  7  lat= 1.0s  ans="Part 195"
  52022041NOPV_PCO_05092022_(21-219864).pdf                in= 2860  out=  7  lat= 0.7s  ans="Part 192"
  52022042NOPV_PCO_05132022_(21-214526).pdf                in= 2124  out=  7  lat= 0.7s  ans="Part 195"
  52022050NOPV_PCO_12192022_(22-232643).pdf                in= 2903  out=  7  lat= 0.9s  ans="Part 192"
  52022052NOPV_PCO_12012022_(22-232653).pdf                in= 1998  out=  7  lat= 0.8s  ans="Part 195"
  52023003NOPV_PCP PCO_04112023_(22-236099).pdf            in= 2299  out=  7  lat= 0.9s  ans="Part 195"
  52023009NOPV_PCP PCO_03012023_(21-217219).pdf            in= 5161  out=  7  lat= 1.1s  ans="Part 192"
  52023011NOPV_PCP PCO_04062023_(21-225379).pdf            in=13839  out=  7  lat= 1.1s  ans="Part 195"
  52023012NOPV_PCO_03012023_(22-251101).pdf                in= 4277  out=  7  lat= 0.9s  ans="Part 195"
  52023016NOPV_PCO_03242023_(21-207466).pdf                in= 3679  out=  7  lat= 1.0s  ans="Part 192"
  52023019NOPV_PCP PCO_12272023_(22-236528).pdf            in= 8230  out=  7  lat= 0.9s  ans="Part 195"
  52023021NOPV_PCO_02062023_(22-239515).pdf                in= 2174  out=  7  lat= 0.6s  ans="Part 195"
  52023025NOPV_PCP PCO_04062023_(21-200502).pdf            in= 3552  out=  7  lat= 0.8s  ans="Part 195"
  52023027NOPV_PCO_01192023_(22-232634).pdf                in= 2119  out=  7  lat= 0.7s  ans="Part 192"
  52023029NOPV_PCP PCO_06222023_(22-251181).pdf            in= 7941  out=  7  lat= 1.2s  ans="Part 192"
  52023030NOPV_PCO_04172023_(21-200923).pdf                in= 1528  out=  7  lat= 0.8s  ans="Part 195"
  52023031NOPV_PCP PCO_10112023_(22-232626).pdf            in= 5718  out=  7  lat= 0.8s  ans="Part 195"
  52023033NOPV_PCO_07192023_(22-239213).pdf                in= 2846  out=  7  lat= 0.8s  ans="Part 192"
  52023035NOPV_PCO_10252023_(22-239214).pdf                in= 2747  out=  7  lat= 1.0s  ans="Part 195"
  52023037NOPV_PCP PCO_09182023_(22-232625).pdf            in= 4689  out=  7  lat= 0.9s  ans="Part 195"
  52023039NOPV_PCO_11022023_(22-254201).pdf                in= 5120  out=  7  lat= 1.1s  ans="Part 192"
  52023040NOPV_PCO_07262023_(23-264043).pdf                in= 2006  out=  7  lat= 0.7s  ans="Part 192"
  52023042NOPV_PCO_12262023_(22-232644).pdf                in= 2937  out=  7  lat= 0.9s  ans="Part 195"
  52023043NOPV_PCO_10252023_(22-239216).pdf                in= 3437  out=  7  lat= 0.7s  ans="Part 195"
  52023046NOPV_PCP PCO_12272023_(22-257275).pdf            in=12832  out=  7  lat= 1.9s  ans="Part 192"
  52023048NOPV_PCO_11022023_(22-239215).pdf                in= 2745  out=  7  lat= 1.0s  ans="Part 192"
  52023052NOPV_PCO_10272023_(22-246104).pdf                in= 1884  out=  7  lat= 0.9s  ans="Part 192"
  52023054NOPV_PCO_08212023_(23-264167).pdf                in= 3614  out=  7  lat= 0.7s  ans="Part 192"
  52024001NOPV_PCO_12122024_(24-297227).pdf                in= 2885  out=  7  lat= 0.9s  ans="Part 195"
  52024002NOPV_PCP PCO_01292024_22-258385.pdf              in= 4074  out=  7  lat= 1.0s  ans="Part 192"
  52024003NOPV_PCP PCO_05222024_(22-232568).pdf            in= 4087  out=  7  lat= 0.8s  ans="Part 195"
  52024009NOPV_PCO_ 03042024_(22-239217).pdf               in= 2153  out=  7  lat= 0.7s  ans="Part 192"
  52024010NOPV_PCO_01102024_(23-264168).pdf                in= 2802  out=  7  lat= 1.0s  ans="Part 195"
  52024011NOPV_PCO_02232024_(23-264348).pdf                in= 3937  out=  7  lat= 0.8s  ans="Part 195"
  52024015NOPV_PCO_04152024_(23-264582).pdf                in= 6320  out=  7  lat= 1.1s  ans="Part 192"
  52024016NOPV_PCO_05232024_(23-264378).pdf                in= 6438  out=  7  lat= 1.0s  ans="Part 192"
  52024023NOPV_PCP PCO_08232024_(23-264166).pdf            in= 3552  out=  7  lat= 0.9s  ans="Part 192"
  52024026NOPV_PCO_12102024_(23-265653).pdf                in= 6356  out=  7  lat= 0.9s  ans="Part 192"
  52024039NOPV_PCO_12062024_(24-297378).pdf                in= 1973  out=  7  lat= 0.7s  ans="Part 192"
  52024040NOPV_PCO_11182024_(24-297214).pdf                in= 2978  out=  7  lat= 0.9s  ans="Part 195"
  52024041NOPV_PCO_12182024_(24-295915).pdf                in= 3211  out=  7  lat= 1.0s  ans="Part 195"
  52025006NOPV_PCP PCO_07302025_(24-296481).pdf            in= 2607  out=  7  lat= 0.8s  ans="Part 194"
  52025010NOPV_PCO_04252025_(24-298502).pdf                in= 6840  out=  7  lat= 1.0s  ans="Part 195"
  52025011NOPV_PCO_05022025_(24-305759).pdf                in= 2887  out=  7  lat= 1.0s  ans="Part 192"
  52025014NOPV_PCO_05022025_(24-297328).pdf                in= 3082  out=  7  lat= 0.9s  ans="Part 192"
  52025023NOPV_PCP PCO_10022025_(25-329886).pdf            in= 5552  out=  7  lat= 0.8s  ans="Part 195"
  52025026NOPV_PCO_07292025_(24-297246).pdf                in= 2289  out=  7  lat= 0.7s  ans="Part 192"
  52025028NOPV_PCP PCO_11172025_(24-298503).pdf            in= 3628  out=  7  lat= 0.9s  ans="Part 195"
  52025033NOPV_PCO_11212025_(24-297332).pdf                in= 3353  out=  7  lat= 1.3s  ans="Part 192"
  52025039NOPV_PCO_12082025_(24-296470).pdf                in= 3970  out=  7  lat= 1.0s  ans="Part 192"
  52026002NOPV_PCO_01222026_(25-331927).pdf                in= 5932  out=  7  lat= 0.9s  ans="Part 192"

=== How many distinct alleged violations are enumerated in the body of this Notice? ===
  SKIP (too short): 12021057NOPV_PCO_10072021_(20-172138).pdf
  SKIP (too short): 12021065NOPV_NOPV_PCO_12102021_(20-172057).pdf
  12022023NOPV_PCO_03312022_(20-194651).pdf                in= 3178  out=  5  lat= 0.9s  ans=4
  SKIP (too short): 12023022NOPV_PCO_04132023_(22-234207).pdf
  SKIP (too short): 12023028NOPV_PCO_05252023_(22-232998).pdf
  12023047NOPV_PCO_12042023_(22-233293).pdf                in= 4209  out=  5  lat= 1.1s  ans=2
  SKIP (too short): 12023050NOPV_PCO_09052023_(22-233356).pdf
  SKIP (too short): 12024001NOPV_PCO_03212024_(22-233343).pdf
  SKIP (too short): 12024003NOPV_PCP PCO_03282024_(23-266431).pdf
  SKIP (too short): 12024004NOPV_PCO_02152024_(22-233363).pdf
  12024018NOPV_PCO_08262024_(23-263980).pdf                in= 2270  out=  5  lat= 1.1s  ans=1
  12024039NOPV_PCO_11062024_(23-276594).pdf                in= 6293  out=  5  lat= 1.0s  ans=2
  12024051NOPV_PCO_07052024_(24-297439).pdf                in= 2351  out=  5  lat= 0.9s  ans=1
  12025001NOPV_PCO_05302025_(23-265078).pdf                in= 5649  out=  5  lat= 0.9s  ans=5
  12025006NOPV_PCO_05082025_(23-272518).pdf                in= 2238  out=  5  lat= 0.8s  ans=2
  12026002NOPV_PCO_01232026_(24-295891).pdf                in= 2183  out=  5  lat= 0.6s  ans=1
  12026003NOPV_PCO_02132026_(24-309719).pdf                in= 4128  out=  5  lat= 0.9s  ans=3
  12026012NOPV_PCO_02062026_(25-329693).pdf                in= 2775  out=  5  lat= 0.7s  ans=1
  12026015NOPV_PCO_02122026_(24-296051).pdf                in= 4150  out=  5  lat= 1.1s  ans=5
  12026022NOPV_PCO_02242026_(25-330072).pdf                in= 2339  out=  5  lat= 0.8s  ans=1
  12026032NOPV_PCO_02132026_ (25-330095).pdf               in= 2263  out=  5  lat= 0.7s  ans=1
  22023002NOPV_PCO_07282023_(21-202409).pdf                in= 2174  out=  5  lat= 0.9s  ans=2
  22023011NOPV_PCO_07282023_(21-202560).pdf                in= 5845  out=  5  lat= 0.9s  ans=9
  22023013NOPV_PCP PCO_11162023_(21-224433).pdf            in= 9093  out=  5  lat= 1.0s  ans=11
  22024001NOPV_PCP PCO_06272024_(24-304023).pdf            in= 4826  out=  5  lat= 0.8s  ans=7
  22024011NOPV_PCP PCO (AMENDED)_07092024_(22-235530).pdf  in= 5089  out=  5  lat= 0.7s  ans=8
  32021028NOPV_PCP PCO_11022021_(20-172212).pdf            in= 2593  out=  5  lat= 0.8s  ans=5
  32021043NOPV_PCP PCO_12072021_(20-179274).pdf            in= 7611  out=  5  lat= 0.8s  ans=12
  32021045NOPV_PCP PCO_11052021_(20-172259).pdf            in= 2642  out=  5  lat= 0.9s  ans=3
  32021046NOPV_PCP PCO_11232021_(20-172259).pdf            in= 5942  out=  5  lat= 0.7s  ans=10
  32021051NOPV_PCP PCO_11102021_(21-200403).pdf            in= 5681  out=  5  lat= 0.9s  ans=8
  32021059NOPV_PCP PCO_12302021_(21-200404).pdf            in= 5309  out=  5  lat= 0.9s  ans=16
  32021070NOPV_PCP PCO_12302021_(21-199716).pdf            in= 3155  out=  5  lat= 0.7s  ans=6
  32021073NOPV_PCP PCO_12222021_(20-173072).pdf            in= 3055  out=  5  lat= 0.8s  ans=4
  32021080NOPV_PCP PCO_12222021_(21-199715).pdf            in= 3400  out=  5  lat= 0.9s  ans=4
  32021082NOPV_PCO_12012021_(20-172259).pdf                in= 2132  out=  5  lat= 0.8s  ans=1
  32021087NOPV_PCP PCO_12132021_(21-210505).pdf            in= 2348  out=  5  lat= 0.6s  ans=2
  32021088NOPV_PCO_11302021_(21-210503).pdf                in= 1791  out=  5  lat= 0.8s  ans=1
  32021089NOPV_PCP PCO_11302021_(21-210502).pdf            in= 2601  out=  5  lat= 0.9s  ans=2
  32022001NOPV_PCP PCO_08082022_(21-208610).pdf            in= 2025  out=  5  lat= 0.7s  ans=2
  32022006NOPV_PCP PCO_04182022_(21-200783).pdf            in= 3675  out=  5  lat= 1.0s  ans=5
  32022016NOPV_PCO_01072022_(20-187013).pdf                in= 2196  out=  5  lat= 0.6s  ans=2
  32022017NOPV_PCP PCO_01112022_(21-210504).pdf            in= 4545  out=  5  lat= 1.0s  ans=7
  32022018NOPV_PCP PCO_01192022_(21-210993).pdf            in= 4978  out=  5  lat= 0.9s  ans=5
  32022024NOPV_PCO_03252022_(20-179518).pdf                in= 1701  out=  5  lat= 0.8s  ans=2
  32022025NOPV_PCP PCO_10142022_(20-182827).pdf            in= 2317  out=  5  lat= 0.8s  ans=1
  32022026NOPV_PCP PCO_05052022_(20-173062).pdf            in= 7729  out=  5  lat= 1.0s  ans=7
  32022033NOPV_PCP PCO_03172022_(21-203212).pdf            in= 2818  out=  5  lat= 0.7s  ans=5
  32022037NOPV_PCP PCO_03012022_(21-201004).pdf            in= 2997  out=  5  lat= 0.9s  ans=4
  32022040NOPV_PCO_02172022_(20-179276).pdf                in= 2906  out=  5  lat= 0.8s  ans=1
  32022045NOPV_PCP PCO_04282022_(21-201001).pdf            in= 3032  out=  5  lat= 0.9s  ans=5
  32022047NOPV_PCP PCO_05122022_(21-201425).pdf            in= 4628  out=  5  lat= 0.7s  ans=5
  32022052NOPV_PCP PCO_11102022_(21-207738).pdf            in= 4313  out=  5  lat= 0.8s  ans=5
  32022053NOPV_PCP PCO_08222022_(21-210151).pdf            in= 4066  out=  5  lat= 0.8s  ans=7
  32022055NOPV_PCO_11082022_(21-209703).pdf                in= 1800  out=  5  lat= 0.7s  ans=2
  32022056NOPV_PCP PCO_11082022_(21-209703).pdf            in= 3402  out=  5  lat= 1.0s  ans=6
  32022058NOPV_PCP PCO (AMENDED)_09142022_(22-242811).pdf  in= 4851  out=  5  lat= 0.9s  ans=5
  32022061NOPV_PCP PCO_12222022_(21-201318).pdf            in= 3632  out=  5  lat= 0.8s  ans=6
  32022062NOPV_PCO_09142022_(21-202559).pdf                in= 2089  out=  5  lat= 0.8s  ans=2
  32022069NOPV_PCO_11292022_(22-233904).pdf                in=  472  out=  5  lat= 0.6s  ans=1
  32023002NOPV_PCP PCO_01182023_(21-202836).pdf            in= 2625  out=  5  lat= 0.9s  ans=2
  32023005NOPV_PCP PCO_01252023_(22-261675).pdf            in= 3964  out=  5  lat= 1.0s  ans=3
  32023006NOPV_PCP PCO_05042023_(22-235672).pdf            in= 2370  out=  5  lat= 0.9s  ans=1
  32023008NOPV_PCP PCO_06022023_(21-207275).pdf            in= 3718  out=  5  lat= 0.9s  ans=5
  32023011NOPV_PCP PCO_09122023_(22-233376).pdf            in= 2307  out=  5  lat= 0.7s  ans=3
  32023014NOPV_PCP PCO_07272023_(22-250434).pdf            in= 4468  out=  5  lat= 1.0s  ans=7
  32023016NOPV_PCP PCO_09082023_(22-238055).pdf            in= 5159  out=  5  lat= 0.8s  ans=8
  32023020NOPV_PCP PCO_08112023_(22-237273).pdf            in= 3491  out=  5  lat= 0.8s  ans=4
  32023021NOPV_PCP PCO_09182023_(22-245404).pdf            in= 4112  out=  5  lat= 0.9s  ans=6
  32023022NOPV_PCP PCO_08242023_(22-234357).pdf            in= 4093  out=  5  lat= 0.7s  ans=6
  32023026NOPV_PCP PCO_09082023_(22-240208).pdf            in= 6059  out=  5  lat= 0.8s  ans=7
  32023033NOPV_PCO_11272023_(22-234926).pdf                in= 2117  out=  5  lat= 0.6s  ans=1
  32024001NOPV_PCO_12192024_(24-297350).pdf                in= 1470  out=  5  lat= 0.9s  ans=1
  32024004NOPV_PCP PCO_03012024_(22-240209).pdf            in= 7055  out=  5  lat= 1.9s  ans=12
  32024007NOPV_PCO_01182024_(22-234928).pdf                in= 2615  out=  5  lat= 1.3s  ans=3
  32024008NOPV_PCP PCO_10252024_(22-237074).pdf            in= 5284  out=  5  lat= 0.8s  ans=3
  32024011NOPV_PCO_02062024_(23-264235).pdf                in= 2477  out=  5  lat= 0.7s  ans=1
  32024012NOPV_PCP PCO_02062024_(23-264235).pdf            in= 3508  out=  5  lat= 0.9s  ans=3
  32024016NOPV_PCO_02132024_(23-264316).pdf                in= 1387  out=  5  lat= 1.1s  ans=1
  32024019NOPV_PCO_03042024_(22-233359).pdf                in= 1301  out=  5  lat= 0.6s  ans=1
  32024020NOPV_PCP PCO_06132024_(21-199489).pdf            in= 7674  out=  5  lat= 1.1s  ans=8
  32024022NOPV_PCP PCO_05082024_(23-268060).pdf            in= 3991  out=  5  lat= 0.9s  ans=4
  32024028NOPV_PCO_12302024_(22-235481).pdf                in= 2808  out=  5  lat= 1.0s  ans=2
  32024030NOPV_PCO_06032024_(23-264637).pdf                in= 2488  out=  5  lat= 0.7s  ans=3
  32024035NOPV_PCO_04152024_(23-270170).pdf                in= 2185  out=  5  lat= 0.7s  ans=1
  32024036NOPV_PCP PCO_06282024_(23-264742).pdf            in= 3297  out=  5  lat= 0.9s  ans=4
  32024038NOPV_PCP PCO_05312024_(22-233382).pdf            in= 3692  out=  5  lat= 0.8s  ans=2
  32024040NOPV_PCP PCO_09062024_(23-264452).pdf            in= 5193  out=  5  lat= 0.8s  ans=6
  32024042NOPV_PCO_06032024_(23-264638).pdf                in= 2085  out=  5  lat= 1.0s  ans=1
  32024044NOPV_PCP PCO_04182024_(23-265891).pdf            in= 3100  out=  5  lat= 0.8s  ans=4
  32024045NOPV_PCP PCO_05102024_(23-264643).pdf            in= 4119  out=  5  lat= 0.8s  ans=4
  32024049NOPV_PCP PCO_07022024_(23-264476).pdf            in= 3092  out=  5  lat= 0.6s  ans=4
  32024050NOPV_PCP PCO_08282024_(23-264059).pdf            in= 3239  out=  5  lat= 0.9s  ans=3
  32024052NOPV_PCP PCO_07032024_(24-305436).pdf            in= 3085  out=  5  lat= 0.9s  ans=1
  32024053NOPV_PCO_12122024_(22-233381).pdf                in= 2308  out=  5  lat= 0.7s  ans=1
  32024054NOPV_PCO_08232024_(23-264382).pdf                in= 2120  out=  5  lat= 0.8s  ans=2
  32024056NOPV_PCP PCO_10252024_(23-264602).pdf            in= 4497  out=  5  lat= 1.0s  ans=5
  32024058NOPV_PCO_12042024_(23-264827).pdf                in= 2170  out=  5  lat= 0.7s  ans=1
  32024062NOPV_PCP PCO_11212024_(23-266139).pdf            in= 1897  out=  5  lat= 0.8s  ans=1
  32024066NOPV_PCP PCO_08222024_(23-282184).pdf            in= 2787  out=  5  lat= 0.9s  ans=2
  32024069NOPV_PCP PCO_11142024_(23-264601).pdf            in= 2775  out=  5  lat= 0.9s  ans=2
  32024071NOPV_PCP PCO_11142024_(23-264063).pdf            in= 2675  out=  5  lat= 1.1s  ans=2
  32025003NOPV_PCP PCO_01162025_(23-264381).pdf            in= 4012  out=  5  lat= 0.9s  ans=6
  32025004NOPV_PCO_05052025_(23-264480).pdf                in= 3478  out=  5  lat= 0.6s  ans=3
  32025006NOPV_PCP PCO_08182025_(23-264820).pdf            in= 4041  out=  5  lat= 0.8s  ans=2
  32025007NOPV_PCP PCO_06252025_(23-264832).pdf            in= 6328  out=  5  lat= 0.9s  ans=7
  32025008NOPV_PCP PCO_06162025_(23-264835).pdf            in= 3704  out=  5  lat= 0.8s  ans=5
  32025022NOPV_PCO_07182025_(24-297198).pdf                in= 5623  out=  5  lat= 0.8s  ans=5
  32025024NOPV_PCO_11062025_(24-297583).pdf                in= 4764  out=  5  lat= 1.0s  ans=3
  32025027NOPV_PCO_07012025_(24-299195).pdf                in= 2543  out=  5  lat= 0.7s  ans=1
  32025029NOPV_PCO_08152025_(24-297350).pdf                in= 3463  out=  5  lat= 0.8s  ans=3
  32026004NOPV_PCO_02032026_(25-330822).pdf                in= 3016  out=  5  lat= 0.9s  ans=2
  42021001NOPV_PCO_10042021_(20-172501).pdf                in= 3624  out=  5  lat= 0.7s  ans=3
  42021008NOPV_PCO_11152021_(20-172587).pdf                in= 2750  out=  5  lat= 0.8s  ans=5
  42021010NOPV_PCO_10272021_(20-172682).pdf                in= 3089  out=  5  lat= 0.9s  ans=5
  42021011NOPV_PCO_11022021_(20-172601).pdf                in= 4141  out=  5  lat= 1.1s  ans=4
  42021022NOPV_PCO_09232021_(20-186120).pdf                in= 2084  out=  5  lat= 0.9s  ans=1
  42021027NOPV_PCO_08182021_(20-172515).pdf                in= 2996  out=  5  lat= 0.8s  ans=4
  42021033NOPV_PCO_09232021_(21-220612).pdf                in= 1650  out=  5  lat= 1.3s  ans=1
  42021034NOPV_PCP PCO_12212021_(20-183709).pdf            in= 3580  out=  5  lat= 0.7s  ans=2
  42021039NOPV_PCO_11232021_(20-178576).pdf                in= 2554  out=  5  lat= 1.0s  ans=4
  42021047NOPV_PCO_10212021_(21-202129).pdf                in= 2665  out=  5  lat= 0.7s  ans=1
  42021057NOPV_PCO_11012021_(21-200343).pdf                in= 2816  out=  5  lat= 0.7s  ans=3
  42022001NOPV_PCO_08042022_(21-210603).pdf                in= 1728  out=  5  lat= 0.8s  ans=1
  42022007NOPV_PCP PCO_02112022_(21-230161).pdf            in= 3865  out=  5  lat= 0.9s  ans=5
  42022009NOPV_PCP PCO_01212022_(21-199753).pdf            in= 3442  out=  5  lat= 1.5s  ans=5
  42022015NOPV_PCO_02232021_(21-500287).pdf                in= 2422  out=  5  lat= 0.6s  ans=3
  42022018NOPV_PCO_02142022_(21-207285).pdf                in= 2742  out=  5  lat= 0.8s  ans=3
  42022025NOPV_PCO_02102022_(21-209144).pdf                in= 2633  out=  5  lat= 0.7s  ans=1
  42022026NOPV_PCO_01262022_(21-209158).pdf                in= 3976  out=  5  lat= 0.9s  ans=3
  42022028NOPV_PCO_04082022_(21-199241).pdf                in= 2465  out=  5  lat= 0.9s  ans=2
  42022039NOPV_PCP PCO_06172022_(21-203269).pdf            in= 2622  out=  5  lat= 0.8s  ans=2
  42022041NOPV_PCO_08052022_(21-199244).pdf                in= 3395  out=  5  lat= 0.8s  ans=3
  42022046NOPV_PCO_08052022_(22-250946).pdf                in= 2766  out=  5  lat= 0.9s  ans=2
  42022047NOPV_PCO_08032022_(21-199242).pdf                in= 3455  out=  5  lat= 0.7s  ans=2
  42022061NOPV_PCO_10312022_(22-233712).pdf                in= 3172  out=  5  lat= 0.9s  ans=4
  42022062NOPV_PCO_12142022_(22-234365).pdf                in= 4722  out=  5  lat= 0.9s  ans=7
  42023006NOPV_PCP PCO_05082023_(21-231718).pdf            in= 2716  out=  5  lat= 0.9s  ans=2
  42023009NOPV_PCO_01132023_(22-232746).pdf                in= 1825  out=  5  lat= 0.7s  ans=1
  42023010NOPV_PCP PCO_06022023_(22-232749).pdf            in= 3191  out=  5  lat= 0.9s  ans=4
  42023016NOPV_PCO_01312023_(21-199998).pdf                in= 2354  out=  5  lat= 0.6s  ans=2
  42023017NOPV_PCO_01312023_(21-199998).pdf                in= 2976  out=  5  lat= 0.8s  ans=3
  42023031NOPV_PCO_04202023_(22-242818).pdf                in= 2412  out=  5  lat= 0.7s  ans=3
  42023033NOPV_PCO_04212023_(22-249322).pdf                in= 3896  out=  5  lat= 0.7s  ans=4
  42023039NOPV_PCO_05112023_(22-234780).pdf                in= 1931  out=  5  lat= 0.7s  ans=1
  42023042NOPV_PCO_05232023_(22-235632).pdf                in= 2024  out=  5  lat= 0.7s  ans=1
  42023044NOPV_PCO_05042023_(22-234487).pdf                in= 2725  out=  5  lat= 0.8s  ans=2
  42023045NOPV_PCO_05112023_(22-232770).pdf                in= 2309  out=  5  lat= 0.8s  ans=2
  42023047NOPV_PCO_10182023_(22-241127).pdf                in= 2573  out=  5  lat= 0.6s  ans=1
  42023052NOPV_PCO_10162023_(22-235649).pdf                in= 3523  out=  5  lat= 0.7s  ans=3
  42023053NOPV_PCO_06132023_(21-227138).pdf                in= 1557  out=  5  lat= 0.8s  ans=1
  42023057NOPV_PCO_11162023_(21-209415).pdf                in= 2392  out=  5  lat= 1.3s  ans=1
  42024014NOPV_PCO_01302024_(21-217155).pdf                in= 1908  out=  5  lat= 0.7s  ans=1
  42024015NOPV_PCP PCO_03252024_(22-232769).pdf            in= 4022  out=  5  lat= 0.7s  ans=7
  42024020NOPV_PCP PCO_11192024_(21-207841).pdf            in= 2891  out=  5  lat= 1.3s  ans=2
  42024022NOPV_PCO_03202024_(23-264818).pdf                in= 2265  out=  5  lat= 0.5s  ans=2
  42024024NOPV_PCO_05022024_(23-264209).pdf                in= 3153  out=  5  lat= 0.8s  ans=4
  42024027NOPV_PCO_05312024_(23-266081).pdf                in= 3439  out=  5  lat= 1.1s  ans=3
  42024034NOPV_PCO_08272024_(24-299840).pdf                in= 2804  out=  5  lat= 0.9s  ans=5
  42024036NOPV_PCO_10222024_(23-264819).pdf                in= 4796  out=  5  lat= 0.8s  ans=2
  42024037NOPV_PCP PCO_10042024_(23-267490).pdf            in= 5428  out=  5  lat= 1.1s  ans=7
  42024042NOPV_PCO_08292024_(23-267234).pdf                in= 2047  out=  5  lat= 0.8s  ans=1
  42024045NOPV_PCO_10212024_(23-266145).pdf                in= 2724  out=  5  lat= 0.7s  ans=3
  42024046NOPV_PCO_08292024_(23-267231).pdf                in= 3153  out=  5  lat= 0.6s  ans=3
  42024047NOPV_PCO_10222024_(23-267237).pdf                in= 1971  out=  5  lat= 1.0s  ans=4
  42024048NOPV_PCO_10222024_(23-264726).pdf                in= 2865  out=  5  lat= 0.8s  ans=3
  42024052NOPV_PCO_10302024_(24-297498).pdf                in= 2322  out=  5  lat= 0.9s  ans=2
  42025002NOPV_PCO_05152025_(24-296561).pdf                in= 2819  out=  5  lat= 0.9s  ans=3
  42025007NOPV_PCO_10012025_(24-301886).pdf                in= 2621  out=  5  lat= 0.8s  ans=1
  42025012NOPV_PCP PCO_12312025_(23-292329).pdf            in=12995  out=  5  lat= 1.1s  ans=11
  42025021NOPV_PCO_01082025_(23-266712).pdf                in= 2422  out=  5  lat= 0.9s  ans=3
  42025029NOPV_PCO_05082025_(24-296566).pdf                in= 2263  out=  5  lat= 0.7s  ans=1
  42025031NOPV_PCO_12222025_(24-296702).pdf                in= 3339  out=  5  lat= 0.9s  ans=3
  42025034NOPV_PCO_12222025_(24-296704).pdf                in= 3040  out=  5  lat= 0.7s  ans=2
  42025035NOPV_PCP PCO_12232025_(24-305809).pdf            in= 2907  out=  5  lat= 0.8s  ans=2
  42025039NOPV_PCO_07032025_(24-298760).pdf                in= 2330  out=  5  lat= 0.7s  ans=1
  42025040NOPV_PCO_08282025_(24-308458).pdf                in= 2660  out=  5  lat= 0.7s  ans=1
  42025043NOPV_PCO_11252025_(24-296703).pdf                in= 3452  out=  5  lat= 0.7s  ans=3
  42025047NOPV_PCO_08202025_(24-296558).pdf                in= 2219  out=  5  lat= 0.8s  ans=1
  42025049NOPV_PCO_07102025_(24-296979).pdf                in= 2159  out=  5  lat= 0.7s  ans=1
  42025056NOPV_PCP PCO_08292025_(24-296556).pdf            in= 4558  out=  5  lat= 1.6s  ans=3
  42025060NOPV_PCO_11042025_(24-296536).pdf                in= 2424  out=  5  lat= 0.8s  ans=3
  42026004NOPV_PCO_02112026_(25-329817).pdf                in= 1984  out=  5  lat= 0.8s  ans=1
  42026012NOPV_PCP PCO_02122026_(23-266706).pdf            in= 2801  out=  5  lat= 0.7s  ans=2
  42026013NOPV_PCP PCO_02182026_(23-266740).pdf            in= 4088  out=  5  lat= 0.7s  ans=5
  42026023NOPV_PCO_02122026_(25-329815).pdf                in= 2499  out=  5  lat= 1.0s  ans=1
  52021031NOPV_PCP PCO_08112021_(21-208158).pdf            in= 5365  out=  5  lat= 1.0s  ans=10
  52021037NOPV_PCO_09172021_(21-201448).pdf                in= 2395  out=  5  lat= 1.5s  ans=4
  52021051NOPV_PCO_10152021_(20-173120).pdf                in= 2100  out=  5  lat= 0.8s  ans=2
  52021057NOPV_PCO_12202021_(21-199974).pdf                in= 1907  out=  5  lat= 0.7s  ans=1
  52022002NOPV_PCO_03302022_(21-199723).pdf                in= 3221  out=  5  lat= 0.8s  ans=3
  52022006NOPV_PCO_09072022_(21-213178).pdf                in= 3685  out=  5  lat= 0.7s  ans=4
  52022008NOPV_PCO_07182022_(20-191036).pdf                in= 4399  out=  5  lat= 1.0s  ans=7
  52022019NOPV_PCO_03072022_(21-201443).pdf                in= 2261  out=  5  lat= 0.8s  ans=3
  52022021NOPV_PCO_06152022_(21-201441).pdf                in= 2411  out=  5  lat= 0.8s  ans=3
  52022023NOPV_PCO_04272022_(21-218958).pdf                in= 3404  out=  5  lat= 0.8s  ans=6
  52022024NOPV_PCO_04272022_(21-218959).pdf                in= 2754  out=  5  lat= 0.6s  ans=4
  52022028NOPV_PCO_09072022_(21-201439).pdf                in= 3282  out=  5  lat= 0.9s  ans=7
  52022037NOPV_PCP PCO_04272022_(22-236002).pdf            in= 2865  out=  5  lat= 0.6s  ans=3
  52022038NOPV_PCO_04122022_(21-219857).pdf                in= 2172  out=  5  lat= 0.8s  ans=2
  52022041NOPV_PCO_05092022_(21-219864).pdf                in= 2850  out=  5  lat= 0.8s  ans=3
  52022042NOPV_PCO_05132022_(21-214526).pdf                in= 2114  out=  5  lat= 0.9s  ans=2
  52022050NOPV_PCO_12192022_(22-232643).pdf                in= 2893  out=  5  lat= 0.9s  ans=3
  52022052NOPV_PCO_12012022_(22-232653).pdf                in= 1988  out=  5  lat= 0.6s  ans=2
  52023003NOPV_PCP PCO_04112023_(22-236099).pdf            in= 2289  out=  5  lat= 1.0s  ans=1
  52023009NOPV_PCP PCO_03012023_(21-217219).pdf            in= 5151  out=  5  lat= 1.1s  ans=12
  52023011NOPV_PCP PCO_04062023_(21-225379).pdf            in=13829  out=  5  lat= 1.1s  ans=10
  52023012NOPV_PCO_03012023_(22-251101).pdf                in= 4267  out=  5  lat= 0.7s  ans=7
  52023016NOPV_PCO_03242023_(21-207466).pdf                in= 3669  out=  5  lat= 0.8s  ans=6
  52023019NOPV_PCP PCO_12272023_(22-236528).pdf            in= 8220  out=  5  lat= 1.0s  ans=9
  52023021NOPV_PCO_02062023_(22-239515).pdf                in= 2164  out=  5  lat= 0.8s  ans=2
  52023025NOPV_PCP PCO_04062023_(21-200502).pdf            in= 3542  out=  5  lat= 0.9s  ans=3
  52023027NOPV_PCO_01192023_(22-232634).pdf                in= 2109  out=  5  lat= 0.8s  ans=1
  52023029NOPV_PCP PCO_06222023_(22-251181).pdf            in= 7931  out=  5  lat= 0.8s  ans=18
  52023030NOPV_PCO_04172023_(21-200923).pdf                in= 1518  out=  5  lat= 0.7s  ans=1
  52023031NOPV_PCP PCO_10112023_(22-232626).pdf            in= 5708  out=  5  lat= 0.9s  ans=13
  52023033NOPV_PCO_07192023_(22-239213).pdf                in= 2836  out=  5  lat= 0.9s  ans=4
  52023035NOPV_PCO_10252023_(22-239214).pdf                in= 2737  out=  5  lat= 0.7s  ans=3
  52023037NOPV_PCP PCO_09182023_(22-232625).pdf            in= 4679  out=  5  lat= 0.8s  ans=7
  52023039NOPV_PCO_11022023_(22-254201).pdf                in= 5110  out=  5  lat= 1.0s  ans=8
  52023040NOPV_PCO_07262023_(23-264043).pdf                in= 1996  out=  5  lat= 0.9s  ans=2
  52023042NOPV_PCO_12262023_(22-232644).pdf                in= 2927  out=  5  lat= 0.7s  ans=4
  52023043NOPV_PCO_10252023_(22-239216).pdf                in= 3427  out=  5  lat= 0.8s  ans=6
  52023046NOPV_PCP PCO_12272023_(22-257275).pdf            in=12822  out=  5  lat= 1.1s  ans=22
  52023048NOPV_PCO_11022023_(22-239215).pdf                in= 2735  out=  5  lat= 0.6s  ans=4
  52023052NOPV_PCO_10272023_(22-246104).pdf                in= 1874  out=  5  lat= 0.9s  ans=1
  52023054NOPV_PCO_08212023_(23-264167).pdf                in= 3604  out=  5  lat= 0.9s  ans=5
  52024001NOPV_PCO_12122024_(24-297227).pdf                in= 2875  out=  5  lat= 0.7s  ans=2
  52024002NOPV_PCP PCO_01292024_22-258385.pdf              in= 4064  out=  5  lat= 0.7s  ans=5
  52024003NOPV_PCP PCO_05222024_(22-232568).pdf            in= 4077  out=  5  lat= 0.9s  ans=8
  52024009NOPV_PCO_ 03042024_(22-239217).pdf               in= 2143  out=  5  lat= 1.0s  ans=1
  52024010NOPV_PCO_01102024_(23-264168).pdf                in= 2792  out=  5  lat= 0.9s  ans=3
  52024011NOPV_PCO_02232024_(23-264348).pdf                in= 3927  out=  5  lat= 1.0s  ans=8
  52024015NOPV_PCO_04152024_(23-264582).pdf                in= 6310  out=  5  lat= 0.9s  ans=14
  52024016NOPV_PCO_05232024_(23-264378).pdf                in= 6428  out=  5  lat= 1.1s  ans=8
  52024023NOPV_PCP PCO_08232024_(23-264166).pdf            in= 3542  out=  5  lat= 0.9s  ans=7
  52024026NOPV_PCO_12102024_(23-265653).pdf                in= 6346  out=  5  lat= 1.0s  ans=11
  52024039NOPV_PCO_12062024_(24-297378).pdf                in= 1963  out=  5  lat= 0.8s  ans=1
  52024040NOPV_PCO_11182024_(24-297214).pdf                in= 2968  out=  5  lat= 0.9s  ans=2
  52024041NOPV_PCO_12182024_(24-295915).pdf                in= 3201  out=  5  lat= 0.7s  ans=3
  52025006NOPV_PCP PCO_07302025_(24-296481).pdf            in= 2597  out=  5  lat= 0.9s  ans=1
  52025010NOPV_PCO_04252025_(24-298502).pdf                in= 6830  out=  5  lat= 1.0s  ans=11
  52025011NOPV_PCO_05022025_(24-305759).pdf                in= 2877  out=  5  lat= 0.7s  ans=3
  52025014NOPV_PCO_05022025_(24-297328).pdf                in= 3072  out=  5  lat= 0.7s  ans=3
  52025023NOPV_PCP PCO_10022025_(25-329886).pdf            in= 5542  out=  5  lat= 0.8s  ans=5
  52025026NOPV_PCO_07292025_(24-297246).pdf                in= 2279  out=  5  lat= 0.7s  ans=1
  52025028NOPV_PCP PCO_11172025_(24-298503).pdf            in= 3618  out=  5  lat= 0.9s  ans=1
  52025033NOPV_PCO_11212025_(24-297332).pdf                in= 3343  out=  5  lat= 0.8s  ans=3
  52025039NOPV_PCO_12082025_(24-296470).pdf                in= 3960  out=  5  lat= 0.8s  ans=5
  52026002NOPV_PCO_01222026_(25-331927).pdf                in= 5922  out=  5  lat= 1.0s  ans=7

=== List all 49 CFR section numbers cited as the basis for alleged violations in thi ===
  SKIP (too short): 12021057NOPV_PCO_10072021_(20-172138).pdf
  SKIP (too short): 12021065NOPV_NOPV_PCO_12102021_(20-172057).pdf
  12022023NOPV_PCO_03312022_(20-194651).pdf                in= 3187  out= 62  lat= 1.4s  ans=["49 CFR \u00a7 195.446", "49 CFR \u00a7 195.446(e)(4)"
  SKIP (too short): 12023022NOPV_PCO_04132023_(22-234207).pdf
  SKIP (too short): 12023028NOPV_PCO_05252023_(22-232998).pdf
  12023047NOPV_PCO_12042023_(22-233293).pdf                in= 4218  out= 27  lat= 1.2s  ans=["49 CFR \u00a7 192.707(a)(2)", "49 CFR \u00a7 192.731(
  SKIP (too short): 12023050NOPV_PCO_09052023_(22-233356).pdf
  SKIP (too short): 12024001NOPV_PCO_03212024_(22-233343).pdf
  SKIP (too short): 12024003NOPV_PCP PCO_03282024_(23-266431).pdf
  SKIP (too short): 12024004NOPV_PCO_02152024_(22-233363).pdf
  12024018NOPV_PCO_08262024_(23-263980).pdf                in= 2279  out= 13  lat= 0.8s  ans=["49 CFR \u00a7 192.605"]
  12024039NOPV_PCO_11062024_(23-276594).pdf                in= 6302  out= 27  lat= 1.2s  ans=["49 CFR \u00a7 192.605(a)", "49 CFR \u00a7 192.605(b)(
  12024051NOPV_PCO_07052024_(24-297439).pdf                in= 2360  out= 35  lat= 0.9s  ans=["49 CFR \u00a7 192.303", "49 CFR \u00a7 192.145(a)", "
  12025001NOPV_PCO_05302025_(23-265078).pdf                in= 5658  out= 57  lat= 1.4s  ans=["49 CFR \u00a7 195.214(a)", "49 CFR \u00a7 195.222(a)"
  12025006NOPV_PCO_05082025_(23-272518).pdf                in= 2247  out= 25  lat= 1.1s  ans=["49 CFR \u00a7 192.605(a)", "49 CFR \u00a7 192.805(h)"
  12026002NOPV_PCO_01232026_(24-295891).pdf                in= 2192  out= 15  lat= 0.8s  ans=["49 CFR \u00a7 195.402(a)"]
  12026003NOPV_PCO_02132026_(24-309719).pdf                in= 4137  out= 23  lat= 1.0s  ans=["49 CFR \u00a7 195.202", "49 CFR \u00a7 195.589(c)"]
  12026012NOPV_PCO_02062026_(25-329693).pdf                in= 2784  out= 17  lat= 0.8s  ans=["49 CFR \u00a7 195.452(b)(5)"]
  12026015NOPV_PCO_02122026_(24-296051).pdf                in= 4159  out= 45  lat= 1.2s  ans=["49 CFR \u00a7 192.161", "49 CFR \u00a7 192.481", "49 
  12026022NOPV_PCO_02242026_(25-330072).pdf                in= 2348  out= 17  lat= 0.8s  ans=["49 CFR \u00a7 192.12(d)(2)"]
  12026032NOPV_PCO_02132026_ (25-330095).pdf               in= 2272  out= 17  lat= 1.1s  ans=["49 CFR \u00a7 192.12(b)(2)"]
  22023002NOPV_PCO_07282023_(21-202409).pdf                in= 2183  out= 21  lat= 0.9s  ans=["49 CFR \u00a7 195.440", "49 CFR \u00a7 195.52"]
  22023011NOPV_PCO_07282023_(21-202560).pdf                in= 5854  out= 55  lat= 1.2s  ans=["49 CFR \u00a7 195.440", "49 CFR \u00a7 195.452", "49 
  22023013NOPV_PCP PCO_11162023_(21-224433).pdf            in= 9102  out= 94  lat= 1.8s  ans=["49 CFR \u00a7 191.11(a)", "49 CFR \u00a7 192.11(b)", 
  22024001NOPV_PCP PCO_06272024_(24-304023).pdf            in= 4835  out= 61  lat= 1.6s  ans=["49 CFR \u00a7 199.101", "49 CFR \u00a7 199.113", "49 
  22024011NOPV_PCP PCO (AMENDED)_07092024_(22-235530).pdf  in= 5098  out=115  lat= 3.0s  ans=["49 C.F.R. \u00a7 195.571", "49 C.F.R. \u00a7 195.222(
  32021028NOPV_PCP PCO_11022021_(20-172212).pdf            in= 2602  out= 57  lat= 1.3s  ans=["49 CFR \u00a7 195.302(a)", "49 CFR \u00a7 195.310(b)(
  32021043NOPV_PCP PCO_12072021_(20-179274).pdf            in= 7620  out= 69  lat= 1.5s  ans=["49 CFR \u00a7 191.5", "49 CFR \u00a7 192.463", "49 CF
  32021045NOPV_PCP PCO_11052021_(20-172259).pdf            in= 2651  out= 29  lat= 1.3s  ans=["49 CFR \u00a7 195.404", "49 CFR \u00a7 195.406", "49 
  32021046NOPV_PCP PCO_11232021_(20-172259).pdf            in= 5951  out=105  lat= 1.8s  ans=["49 CFR \u00a7 195.310(a)", "49 CFR \u00a7 195.402(a)"
  32021051NOPV_PCP PCO_11102021_(21-200403).pdf            in= 5690  out= 37  lat= 1.4s  ans=["49 CFR \u00a7 195.440", "49 CFR \u00a7 195.452", "49 
  32021059NOPV_PCP PCO_12302021_(21-200404).pdf            in= 5318  out=117  lat= 1.8s  ans=["49 CFR \u00a7 194.117", "49 CFR \u00a7 194.107", "49 
  32021070NOPV_PCP PCO_12302021_(21-199716).pdf            in= 3164  out= 37  lat= 1.1s  ans=["49 CFR \u00a7 195.264", "49 CFR \u00a7 195.404", "49 
  32021073NOPV_PCP PCO_12222021_(20-173072).pdf            in= 3064  out= 37  lat= 1.2s  ans=["49 CFR \u00a7 192.201", "49 CFR \u00a7 192.605", "49 
  32021080NOPV_PCP PCO_12222021_(21-199715).pdf            in= 3409  out= 37  lat= 1.0s  ans=["49 CFR \u00a7 195.406", "49 CFR \u00a7 195.440", "49 
  32021082NOPV_PCO_12012021_(20-172259).pdf                in= 2141  out= 15  lat= 0.8s  ans=["49 CFR \u00a7 195.505(b)"]
  32021087NOPV_PCP PCO_12132021_(21-210505).pdf            in= 2357  out= 13  lat= 0.8s  ans=["49 CFR \u00a7 192.481"]
  32021088NOPV_PCO_11302021_(21-210503).pdf                in= 1800  out= 13  lat= 0.8s  ans=["49 CFR \u00a7 195.264"]
  32021089NOPV_PCP PCO_11302021_(21-210502).pdf            in= 2610  out= 13  lat= 0.8s  ans=["49 CFR \u00a7 195.264"]
  32022001NOPV_PCP PCO_08082022_(21-208610).pdf            in= 2034  out= 21  lat= 1.0s  ans=["49 CFR \u00a7 195.262", "49 CFR \u00a7 195.302"]
  32022006NOPV_PCP PCO_04182022_(21-200783).pdf            in= 3684  out= 37  lat= 1.3s  ans=["49 CFR \u00a7 192.465", "49 CFR \u00a7 192.709", "49 
  32022016NOPV_PCO_01072022_(20-187013).pdf                in= 2205  out= 23  lat= 1.2s  ans=["\u00a7195.446(c)(2)", "\u00a7195.446(c)(3)"]
  32022017NOPV_PCP PCO_01112022_(21-210504).pdf            in= 4554  out= 45  lat= 1.3s  ans=["49 CFR \u00a7 192.163", "49 CFR \u00a7 192.481", "49 
  32022018NOPV_PCP PCO_01192022_(21-210993).pdf            in= 4987  out= 13  lat= 1.1s  ans=["49 CFR \u00a7 195.446"]
  32022024NOPV_PCO_03252022_(20-179518).pdf                in= 1710  out= 21  lat= 0.9s  ans=["49 CFR \u00a7 195.310", "49 CFR \u00a7 195.402"]
  32022025NOPV_PCP PCO_10142022_(20-182827).pdf            in= 2326  out= 13  lat= 1.0s  ans=["49 CFR \u00a7 195.579"]
  32022026NOPV_PCP PCO_05052022_(20-173062).pdf            in= 7738  out= 23  lat= 1.1s  ans=["49 CFR \u00a7 195.446", "49 CFR \u00a7 195.428(d)"]
  32022033NOPV_PCP PCO_03172022_(21-203212).pdf            in= 2827  out= 13  lat= 1.0s  ans=["49 CFR \u00a7 195.446"]
  32022037NOPV_PCP PCO_03012022_(21-201004).pdf            in= 3006  out= 24  lat= 0.8s  ans=["49 CFR \u00a7 195.446", "49 CFR \u00a7 195.428(d)"]
  32022040NOPV_PCO_02172022_(20-179276).pdf                in= 2915  out= 13  lat= 0.8s  ans=["49 CFR \u00a7 192.611"]
  32022045NOPV_PCP PCO_04282022_(21-201001).pdf            in= 3041  out= 13  lat= 1.3s  ans=["49 CFR \u00a7 192.631"]
  32022047NOPV_PCP PCO_05122022_(21-201425).pdf            in= 4637  out= 13  lat= 1.0s  ans=["49 CFR \u00a7 192.631"]
  32022052NOPV_PCP PCO_11102022_(21-207738).pdf            in= 4322  out= 37  lat= 1.2s  ans=["49 CFR \u00a7 194.105", "49 CFR \u00a7 195.406", "49 
  32022053NOPV_PCP PCO_08222022_(21-210151).pdf            in= 4075  out= 45  lat= 1.0s  ans=["49 CFR \u00a7 191.23", "49 CFR \u00a7 192.161", "49 C
  32022055NOPV_PCO_11082022_(21-209703).pdf                in= 1809  out= 16  lat= 0.7s  ans=["\u00a7195.452", "\u00a7195.563"]
  32022056NOPV_PCP PCO_11082022_(21-209703).pdf            in= 3411  out= 45  lat= 1.0s  ans=["49 CFR \u00a7 195.452", "49 CFR \u00a7 195.507", "49 
  32022058NOPV_PCP PCO (AMENDED)_09142022_(22-242811).pdf  in= 4860  out= 21  lat= 1.0s  ans=["49 CFR \u00a7 195.444", "49 CFR \u00a7 195.446"]
  32022061NOPV_PCP PCO_12222022_(21-201318).pdf            in= 3641  out= 29  lat= 1.1s  ans=["49 CFR \u00a7 191.29", "49 CFR \u00a7 192.605", "49 C
  32022062NOPV_PCO_09142022_(21-202559).pdf                in= 2098  out= 21  lat= 1.1s  ans=["49 CFR \u00a7 195.264", "49 CFR \u00a7 195.581"]
  32022069NOPV_PCO_11292022_(22-233904).pdf                in=  481  out= 13  lat= 0.9s  ans=["\u00a7 195.505(f)"]
  32023002NOPV_PCP PCO_01182023_(21-202836).pdf            in= 2634  out= 27  lat= 0.9s  ans=["49 CFR \u00a7 192.493", "49 CFR \u00a7 192.605(c)(1)(
  32023005NOPV_PCP PCO_01252023_(22-261675).pdf            in= 3973  out= 31  lat= 0.8s  ans=["49 CFR \u00a7 195.214", "49 CFR \u00a7 195.228", "49 
  32023006NOPV_PCP PCO_05042023_(22-235672).pdf            in= 2379  out= 13  lat= 0.7s  ans=["49 CFR \u00a7 195.579"]
  32023008NOPV_PCP PCO_06022023_(21-207275).pdf            in= 3727  out= 57  lat= 1.1s  ans=["49 CFR \u00a7 195.412(a)", "49 CFR \u00a7 195.573(a)(
  32023011NOPV_PCP PCO_09122023_(22-233376).pdf            in= 2316  out= 22  lat= 1.0s  ans=["49 CFR \u00a7 195.402", "49 CFR \u00a7 195.573"]
  32023014NOPV_PCP PCO_07272023_(22-250434).pdf            in= 4477  out= 21  lat= 1.0s  ans=["49 CFR \u00a7 195.444", "49 CFR \u00a7 195.446"]
  32023016NOPV_PCP PCO_09082023_(22-238055).pdf            in= 5168  out= 13  lat= 0.9s  ans=["49 CFR \u00a7 192.631"]
  32023020NOPV_PCP PCO_08112023_(22-237273).pdf            in= 3500  out= 49  lat= 1.1s  ans=["49 CFR \u00a7 195.402(a)", "49 CFR \u00a7 195.440(b)"
  32023021NOPV_PCP PCO_09182023_(22-245404).pdf            in= 4121  out= 45  lat= 1.4s  ans=["49 CFR \u00a7 195.61", "49 CFR \u00a7 195.402", "49 C
  32023022NOPV_PCP PCO_08242023_(22-234357).pdf            in= 4102  out= 45  lat= 1.3s  ans=["49 CFR \u00a7 195.264", "49 CFR \u00a7 195.402", "49 
  32023026NOPV_PCP PCO_09082023_(22-240208).pdf            in= 6068  out= 13  lat= 1.0s  ans=["49 CFR \u00a7 195.446"]
  32023033NOPV_PCO_11272023_(22-234926).pdf                in= 2126  out= 13  lat= 0.9s  ans=["49 CFR \u00a7 192.625"]
  32024001NOPV_PCO_12192024_(24-297350).pdf                in= 1479  out= 15  lat= 0.8s  ans=["49 CFR \u00a7 195.420(a)"]
  32024004NOPV_PCP PCO_03012024_(22-240209).pdf            in= 7064  out= 21  lat= 1.0s  ans=["49 CFR \u00a7 195.446", "49 CFR \u00a7 195.505"]
  32024007NOPV_PCO_01182024_(22-234928).pdf                in= 2624  out= 33  lat= 0.9s  ans=["49 CFR \u00a7 192.479(a)", "49 CFR \u00a7 192.705(a)"
  32024008NOPV_PCP PCO_10252024_(22-237074).pdf            in= 5293  out= 21  lat= 1.1s  ans=["49 CFR \u00a7 195.52", "49 CFR \u00a7 195.452"]
  32024011NOPV_PCO_02062024_(23-264235).pdf                in= 2486  out= 17  lat= 0.8s  ans=["49 CFR \u00a7 192.5(c)(2)"]
  32024012NOPV_PCP PCO_02062024_(23-264235).pdf            in= 3517  out= 37  lat= 1.0s  ans=["49 CFR \u00a7 192.5(b)(3)", "49 CFR \u00a7 192.605(a)
  32024016NOPV_PCO_02132024_(23-264316).pdf                in= 1396  out= 13  lat= 0.7s  ans=["49 CFR \u00a7 195.426"]
  32024019NOPV_PCO_03042024_(22-233359).pdf                in= 1310  out= 15  lat= 0.7s  ans=["49 CFR \u00a7 195.563(a)"]
  32024020NOPV_PCP PCO_06132024_(21-199489).pdf            in= 7683  out= 13  lat= 1.1s  ans=["49 CFR \u00a7 195.446"]
  32024022NOPV_PCP PCO_05082024_(23-268060).pdf            in= 4000  out= 53  lat= 2.0s  ans=["49 CFR \u00a7 195.446(c)(1)", "49 CFR \u00a7 195.446(
  32024028NOPV_PCO_12302024_(22-235481).pdf                in= 2817  out= 27  lat= 0.9s  ans=["49 CFR \u00a7 195.446(c)(3)", "49 CFR \u00a7 195.505(
  32024030NOPV_PCO_06032024_(23-264637).pdf                in= 2497  out= 33  lat= 1.2s  ans=["\u00a7 192.631(d)(3)", "\u00a7 192.631(e)(1)", "\u00a
  32024035NOPV_PCO_04152024_(23-270170).pdf                in= 2194  out= 13  lat= 0.7s  ans=["49 CFR \u00a7 192.607"]
  32024036NOPV_PCP PCO_06282024_(23-264742).pdf            in= 3306  out= 59  lat= 1.2s  ans=["49 CFR \u00a7 195.54(a)", "49 CFR \u00a7 195.452(f)(1
  32024038NOPV_PCP PCO_05312024_(22-233382).pdf            in= 3701  out= 29  lat= 1.2s  ans=["49 CFR \u00a7 195.402(a)", "49 CFR \u00a7 195.452(l)(
  32024040NOPV_PCP PCO_09062024_(23-264452).pdf            in= 5202  out= 53  lat= 1.3s  ans=["49 CFR \u00a7 191.22", "49 CFR \u00a7 192.5", "49 CFR
  32024042NOPV_PCO_06032024_(23-264638).pdf                in= 2094  out= 17  lat= 1.4s  ans=["49 CFR \u00a7 195.446(c)(5)"]
  32024044NOPV_PCP PCO_04182024_(23-265891).pdf            in= 3109  out= 37  lat= 0.9s  ans=["49 CFR \u00a7 191.17", "49 CFR \u00a7 192.605", "49 C
  32024045NOPV_PCP PCO_05102024_(23-264643).pdf            in= 4128  out= 53  lat= 1.3s  ans=["49 CFR \u00a7 195.446(c)(3)", "49 CFR \u00a7 195.446(
  32024049NOPV_PCP PCO_07022024_(23-264476).pdf            in= 3101  out= 46  lat= 1.1s  ans=["49 CFR \u00a7 192.11(b)", "49 CFR \u00a7 192.723(b)",
  32024050NOPV_PCP PCO_08282024_(23-264059).pdf            in= 3248  out= 29  lat= 0.9s  ans=["49 CFR \u00a7 195.428", "49 CFR \u00a7 195.452", "49 
  32024052NOPV_PCP PCO_07032024_(24-305436).pdf            in= 3094  out= 17  lat= 0.9s  ans=["49 CFR \u00a7 195.452(e)(1)"]
  32024053NOPV_PCO_12122024_(22-233381).pdf                in= 2317  out= 13  lat= 0.8s  ans=["49 CFR \u00a7 195.452"]
  32024054NOPV_PCO_08232024_(23-264382).pdf                in= 2129  out= 21  lat= 0.8s  ans=["49 CFR \u00a7 192.481", "49 CFR \u00a7 192.745"]
  32024056NOPV_PCP PCO_10252024_(23-264602).pdf            in= 4506  out= 37  lat= 1.1s  ans=["49 CFR \u00a7 195.264", "49 CFR \u00a7 195.505", "49 
  32024058NOPV_PCO_12042024_(23-264827).pdf                in= 2179  out= 15  lat= 0.8s  ans=["49 CFR \u00a7 195.412(a)"]
  32024062NOPV_PCP PCO_11212024_(23-266139).pdf            in= 1906  out= 15  lat= 0.8s  ans=["49 CFR \u00a7 192.745(b)"]
  32024066NOPV_PCP PCO_08222024_(23-282184).pdf            in= 2796  out= 29  lat= 1.3s  ans=["49 CFR \u00a7 192.5(b)(3)(ii)", "49 CFR \u00a7 192.60
  32024069NOPV_PCP PCO_11142024_(23-264601).pdf            in= 2784  out= 21  lat= 1.1s  ans=["49 CFR \u00a7 192.605", "49 CFR \u00a7 192.705"]
  32024071NOPV_PCP PCO_11142024_(23-264063).pdf            in= 2684  out= 27  lat= 0.8s  ans=["49 CFR \u00a7 195.264(b)(1)", "49 CFR \u00a7 195.412(
  32025003NOPV_PCP PCO_01162025_(23-264381).pdf            in= 4021  out= 67  lat= 1.2s  ans=["49 CFR \u00a7 192.473(a)", "49 CFR \u00a7 192.605(a)"
  32025004NOPV_PCO_05052025_(23-264480).pdf                in= 3487  out= 29  lat= 1.8s  ans=["49 CFR \u00a7 192.625", "49 CFR \u00a7 192.723", "49 
  32025006NOPV_PCP PCO_08182025_(23-264820).pdf            in= 4050  out= 25  lat= 1.1s  ans=["49 CFR \u00a7 192.605(a)", "49 CFR \u00a7 192.739(a)"
  32025007NOPV_PCP PCO_06252025_(23-264832).pdf            in= 6337  out= 37  lat= 1.2s  ans=["49 CFR \u00a7 191.22", "49 CFR \u00a7 192.605", "49 C
  32025008NOPV_PCP PCO_06162025_(23-264835).pdf            in= 3713  out= 59  lat= 1.2s  ans=["49 CFR \u00a7 195.307", "49 CFR \u00a7 195.402(a)", "
  32025022NOPV_PCO_07182025_(24-297198).pdf                in= 5632  out= 61  lat= 1.4s  ans=["49 CFR \u00a7 195.444(c)", "49 CFR \u00a7 195.446(c)(
  32025024NOPV_PCO_11062025_(24-297583).pdf                in= 4773  out= 29  lat= 1.2s  ans=["49 CFR \u00a7 192.5", "49 CFR \u00a7 192.605", "49 CF
  32025027NOPV_PCO_07012025_(24-299195).pdf                in= 2552  out= 15  lat= 1.2s  ans=["49 CFR \u00a7 192.605(a)"]
  32025029NOPV_PCO_08152025_(24-297350).pdf                in= 3472  out= 29  lat= 1.1s  ans=["49 CFR \u00a7 195.266", "49 CFR \u00a7 195.406", "49 
  32026004NOPV_PCO_02032026_(25-330822).pdf                in= 3025  out= 25  lat= 1.0s  ans=["49 CFR \u00a7 192.5(d)", "49 CFR \u00a7 192.605(a)"]
  42021001NOPV_PCO_10042021_(20-172501).pdf                in= 3633  out= 29  lat= 1.2s  ans=["49 CFR \u00a7 192.481", "49 CFR \u00a7 192.739", "49 
  42021008NOPV_PCO_11152021_(20-172587).pdf                in= 2759  out= 45  lat= 1.1s  ans=["49 CFR \u00a7 195.64", "49 CFR \u00a7 195.436", "49 C
  42021010NOPV_PCO_10272021_(20-172682).pdf                in= 3098  out= 37  lat= 1.0s  ans=["49 CFR \u00a7 195.420", "49 CFR \u00a7 195.434", "49 
  42021011NOPV_PCO_11022021_(20-172601).pdf                in= 4150  out= 25  lat= 1.0s  ans=["49 CFR \u00a7 195.432", "49 CFR \u00a7 195.573(a)(2)"
  42021022NOPV_PCO_09232021_(20-186120).pdf                in= 2093  out= 14  lat= 0.9s  ans=["49 CFR \u00a7 193.2503"]
  42021027NOPV_PCO_08182021_(20-172515).pdf                in= 3005  out= 37  lat= 1.1s  ans=["49 CFR \u00a7 192.605", "49 CFR \u00a7 192.615", "49 
  42021033NOPV_PCO_09232021_(21-220612).pdf                in= 1659  out= 13  lat= 0.9s  ans=["49 CFR \u00a7 191.17"]
  42021034NOPV_PCP PCO_12212021_(20-183709).pdf            in= 3589  out= 21  lat= 1.2s  ans=["49 CFR \u00a7 192.613", "49 CFR \u00a7 192.705"]
  42021039NOPV_PCO_11232021_(20-178576).pdf                in= 2563  out= 41  lat= 0.9s  ans=["49 CFR \u00a7 195.214(a)", "49 CFR \u00a7 195.402", "
  42021047NOPV_PCO_10212021_(21-202129).pdf                in= 2674  out= 13  lat= 0.8s  ans=["49 CFR \u00a7 192.619"]
  42021057NOPV_PCO_11012021_(21-200343).pdf                in= 2825  out= 29  lat= 1.2s  ans=["49 CFR \u00a7 192.605", "49 CFR \u00a7 192.603", "49 
  42022001NOPV_PCO_08042022_(21-210603).pdf                in= 1737  out= 15  lat= 0.9s  ans=["49 CFR \u00a7 195.579(b)"]
  42022007NOPV_PCP PCO_02112022_(21-230161).pdf            in= 3874  out= 45  lat= 1.1s  ans=["49 CFR \u00a7 191.15", "49 CFR \u00a7 191.17", "49 CF
  42022009NOPV_PCP PCO_01212022_(21-199753).pdf            in= 3451  out= 45  lat= 1.0s  ans=["49 CFR \u00a7 195.404", "49 CFR \u00a7 195.412", "49 
  42022015NOPV_PCO_02232021_(21-500287).pdf                in= 2431  out= 29  lat= 1.9s  ans=["49 CFR \u00a7 195.402", "49 CFR \u00a7 195.49", "49 C
  42022018NOPV_PCO_02142022_(21-207285).pdf                in= 2751  out= 29  lat= 1.2s  ans=["49 CFR \u00a7 195.571", "49 CFR \u00a7 195.575", "49 
  42022025NOPV_PCO_02102022_(21-209144).pdf                in= 2642  out= 14  lat= 0.8s  ans=["49 CFR \u00a7 193.2801"]
  42022026NOPV_PCO_01262022_(21-209158).pdf                in= 3985  out= 32  lat= 1.0s  ans=["49 CFR \u00a7 193.2619", "49 CFR \u00a7 193.2801", "4
  42022028NOPV_PCO_04082022_(21-199241).pdf                in= 2474  out= 29  lat= 1.8s  ans=["49 CFR \u00a7 195.452(i)(2)", "49 CFR \u00a7 195.452(
  42022039NOPV_PCP PCO_06172022_(21-203269).pdf            in= 2631  out= 21  lat= 2.0s  ans=["49 CFR \u00a7 195.452", "49 CFR \u00a7 195.579"]
  42022041NOPV_PCO_08052022_(21-199244).pdf                in= 3404  out= 39  lat= 1.1s  ans=["49 CFR \u00a7 195.452(i)(1)", "49 CFR \u00a7 195.452(
  42022046NOPV_PCO_08052022_(22-250946).pdf                in= 2775  out= 57  lat= 1.1s  ans=["49 C.F.R. \u00a7 195.202", "49 C.F.R. \u00a7 195.234(
  42022047NOPV_PCO_08032022_(21-199242).pdf                in= 3464  out= 21  lat= 1.2s  ans=["49 CFR \u00a7 192.619", "49 CFR \u00a7 192.933"]
  42022061NOPV_PCO_10312022_(22-233712).pdf                in= 3181  out= 45  lat= 1.6s  ans=["49 CFR \u00a7 195.49", "49 CFR \u00a7 195.402(c)(13)"
  42022062NOPV_PCO_12142022_(22-234365).pdf                in= 4731  out= 77  lat= 1.6s  ans=["49 CFR \u00a7 195.202", "49 CFR \u00a7 195.262(d)", "
  42023006NOPV_PCP PCO_05082023_(21-231718).pdf            in= 2725  out= 27  lat= 1.5s  ans=["49 CFR \u00a7 193.2441(c)", "49 CFR \u00a7 193.2515(b
  42023009NOPV_PCO_01132023_(22-232746).pdf                in= 1834  out= 15  lat= 0.9s  ans=["49 CFR \u00a7 192.616(c)"]
  42023010NOPV_PCP PCO_06022023_(22-232749).pdf            in= 3200  out= 45  lat= 1.3s  ans=["49 CFR \u00a7 195.420(b)", "49 CFR \u00a7 195.428(a)"
  42023016NOPV_PCO_01312023_(21-199998).pdf                in= 2363  out= 27  lat= 1.3s  ans=["49 CFR \u00a7 195.452(i)(1)", "49 CFR \u00a7 195.452(
  42023017NOPV_PCO_01312023_(21-199998).pdf                in= 2985  out= 39  lat= 1.0s  ans=["49 CFR \u00a7 195.452(i)(1)", "49 CFR \u00a7 195.452(
  42023031NOPV_PCO_04202023_(22-242818).pdf                in= 2421  out= 33  lat= 1.1s  ans=["49 CFR \u00a7 195.505", "49 CFR \u00a7 195.573(d)", "
  42023033NOPV_PCO_04212023_(22-249322).pdf                in= 3905  out= 41  lat= 1.0s  ans=["49 CFR \u00a7 193.2521", "49 CFR \u00a7 193.2605", "4
  42023039NOPV_PCO_05112023_(22-234780).pdf                in= 1940  out= 19  lat= 0.9s  ans=["49 CFR \u00a7 195.452(l)(1)(ii)"]
  42023042NOPV_PCO_05232023_(22-235632).pdf                in= 2033  out= 17  lat= 1.0s  ans=["49 CFR \u00a7 191.23(a)(9)"]
  42023044NOPV_PCO_05042023_(22-234487).pdf                in= 2734  out= 51  lat= 1.8s  ans=["49 CFR \u00a7 195.402(a)", "49 CFR \u00a7 195.402(c)(
  42023045NOPV_PCO_05112023_(22-232770).pdf                in= 2318  out= 22  lat= 1.6s  ans=["49 CFR \u00a7 195.406", "49 CFR \u00a7 195.52"]
  42023047NOPV_PCO_10182023_(22-241127).pdf                in= 2582  out= 15  lat= 1.4s  ans=["49 CFR \u00a7 192.605(a)"]
  42023052NOPV_PCO_10162023_(22-235649).pdf                in= 3532  out= 35  lat= 2.2s  ans=["49 CFR \u00a7 192.731(b)", "49 CFR \u00a7 192.905(a)"
  42023053NOPV_PCO_06132023_(21-227138).pdf                in= 1566  out= 13  lat= 0.9s  ans=["49 CFR \u00a7 195.202"]
  42023057NOPV_PCO_11162023_(21-209415).pdf                in= 2401  out= 16  lat= 1.8s  ans=["49 CFR \u00a7 193.2101(a)"]
  42024014NOPV_PCO_01302024_(21-217155).pdf                in= 1917  out= 20  lat= 0.9s  ans=["49 C.F.R. \u00a7 195.452(j)(3)"]
  42024015NOPV_PCP PCO_03252024_(22-232769).pdf            in= 4031  out= 61  lat= 1.9s  ans=["49 CFR \u00a7 195.428", "49 CFR \u00a7 195.49", "49 C
  42024020NOPV_PCP PCO_11192024_(21-207841).pdf            in= 2900  out= 13  lat= 1.2s  ans=["49 CFR \u00a7 192.303"]
  42024022NOPV_PCO_03202024_(23-264818).pdf                in= 2274  out= 25  lat= 0.9s  ans=["49 CFR \u00a7 192.179(a)(4)", "49 CFR \u00a7 192.469"
  42024024NOPV_PCO_05022024_(23-264209).pdf                in= 3162  out= 37  lat= 1.0s  ans=["49 CFR \u00a7 195.54", "49 CFR \u00a7 195.436", "49 C
  42024027NOPV_PCO_05312024_(23-266081).pdf                in= 3448  out= 43  lat= 1.3s  ans=["49 CFR \u00a7 195.452(i)(1)", "49 CFR \u00a7 195.452(
  42024034NOPV_PCO_08272024_(24-299840).pdf                in= 2813  out= 44  lat= 1.1s  ans=["49 CFR \u00a7 193.2503", "49 CFR \u00a7 191.17(b)", "
  42024036NOPV_PCO_10222024_(23-264819).pdf                in= 4805  out= 41  lat= 1.3s  ans=["49 CFR \u00a7 195.452(i)(4)", "49 CFR \u00a7 195.452(
  42024037NOPV_PCP PCO_10042024_(23-267490).pdf            in= 5437  out= 53  lat= 1.8s  ans=["49 CFR \u00a7 191.5", "49 CFR \u00a7 192.467", "49 CF
  42024042NOPV_PCO_08292024_(23-267234).pdf                in= 2056  out= 14  lat= 1.1s  ans=["49 CFR \u00a7 193.2637"]
  42024045NOPV_PCO_10212024_(23-266145).pdf                in= 2733  out= 29  lat= 1.1s  ans=["49 CFR \u00a7 192.491", "49 CFR \u00a7 192.616", "49 
  42024046NOPV_PCO_08292024_(23-267231).pdf                in= 3162  out= 34  lat= 0.9s  ans=["49 CFR \u00a7 193.2801", "49 CFR \u00a7 193.2635(d)",
  42024047NOPV_PCO_10222024_(23-267237).pdf                in= 1980  out= 48  lat= 1.3s  ans=["49 CFR \u00a7 191.5(a)", "49 CFR \u00a7 193.2605(b)",
  42024048NOPV_PCO_10222024_(23-264726).pdf                in= 2874  out= 29  lat= 1.1s  ans=["49 CFR \u00a7 195.402", "49 CFR \u00a7 195.446", "49 
  42024052NOPV_PCO_10302024_(24-297498).pdf                in= 2331  out= 23  lat= 0.8s  ans=["49 CFR \u00a7 195.262(d)", "49 CFR \u00a7 195.49"]
  42025002NOPV_PCO_05152025_(24-296561).pdf                in= 2828  out= 37  lat= 1.1s  ans=["49 CFR \u00a7 195.403(b)(1)", "49 CFR \u00a7 195.403(
  42025007NOPV_PCO_10012025_(24-301886).pdf                in= 2630  out= 24  lat= 1.0s  ans=["49 CFR \u00a7 193.2503", "49 CFR \u00a7 193.2505"]
  42025012NOPV_PCP PCO_12312025_(23-292329).pdf            in=13004  out=133  lat= 2.3s  ans=["49 CFR \u00a7 195.110(a)", "49 CFR \u00a7 195.452(e)(
  42025021NOPV_PCO_01082025_(23-266712).pdf                in= 2431  out= 33  lat= 0.9s  ans=["49 CFR \u00a7 195.310", "49 CFR \u00a7 195.430", "49 
  42025029NOPV_PCO_05082025_(24-296566).pdf                in= 2272  out= 13  lat= 0.9s  ans=["49 CFR \u00a7 195.583"]
  42025031NOPV_PCO_12222025_(24-296702).pdf                in= 3348  out= 37  lat= 1.2s  ans=["49 CFR \u00a7 195.54(a)", "49 CFR \u00a7 195.507(b)",
  42025034NOPV_PCO_12222025_(24-296704).pdf                in= 3049  out= 25  lat= 1.3s  ans=["49 CFR \u00a7 195.420(b)", "49 CFR \u00a7 195.428(a)"
  42025035NOPV_PCP PCO_12232025_(24-305809).pdf            in= 2916  out= 25  lat= 0.9s  ans=["49 CFR \u00a7 192.195(a)", "49 CFR \u00a7 192.605(a)"
  42025039NOPV_PCO_07032025_(24-298760).pdf                in= 2339  out= 16  lat= 1.0s  ans=["49 CFR \u00a7 193.2441(c)"]
  42025040NOPV_PCO_08282025_(24-308458).pdf                in= 2669  out= 14  lat= 0.9s  ans=["49 CFR \u00a7 193.2629"]
  42025043NOPV_PCO_11252025_(24-296703).pdf                in= 3461  out= 35  lat= 1.4s  ans=["49 CFR \u00a7 195.5(a)", "49 CFR \u00a7 195.452(a)", 
  42025047NOPV_PCO_08202025_(24-296558).pdf                in= 2228  out= 17  lat= 1.6s  ans=["49 CFR \u00a7 192.925(b)(3)"]
  42025049NOPV_PCO_07102025_(24-296979).pdf                in= 2168  out= 17  lat= 1.1s  ans=["49 CFR \u00a7 195.452(f)(3)"]
  42025056NOPV_PCP PCO_08292025_(24-296556).pdf            in= 4567  out= 29  lat= 1.2s  ans=["49 CFR \u00a7 192.229", "49 CFR \u00a7 192.463", "49 
  42025060NOPV_PCO_11042025_(24-296536).pdf                in= 2433  out= 33  lat= 1.2s  ans=["49 CFR \u00a7 195.49", "49 CFR \u00a7 195.432(b)", "4
  42026004NOPV_PCO_02112026_(25-329817).pdf                in= 1993  out= 15  lat= 1.1s  ans=["49 CFR \u00a7 195.428(a)"]
  42026012NOPV_PCP PCO_02122026_(23-266706).pdf            in= 2810  out= 31  lat= 1.0s  ans=["49 CFR \u00a7 195.452(l)(1)(ii)", "49 CFR \u00a7 195.
  42026013NOPV_PCP PCO_02182026_(23-266740).pdf            in= 4097  out= 55  lat= 1.1s  ans=["49 CFR \u00a7 192.163(d)", "49 CFR \u00a7 192.706", "
  42026023NOPV_PCO_02122026_(25-329815).pdf                in= 2508  out= 23  lat= 0.9s  ans=["49 CFR \u00a7 193.2625", "49 CFR \u00a7 193.2627"]
  52021031NOPV_PCP PCO_08112021_(21-208158).pdf            in= 5374  out= 77  lat= 1.6s  ans=["49 CFR \u00a7 40.25", "49 CFR \u00a7 40.347", "49 CFR
  52021037NOPV_PCO_09172021_(21-201448).pdf                in= 2404  out= 41  lat= 1.4s  ans=["49 CFR \u00a7 192.605(a)", "49 CFR \u00a7 192.603", "
  52021051NOPV_PCO_10152021_(20-173120).pdf                in= 2109  out= 21  lat= 1.0s  ans=["49 CFR \u00a7 192.616", "49 CFR \u00a7 192.805"]
  52021057NOPV_PCO_12202021_(21-199974).pdf                in= 1916  out= 15  lat= 0.9s  ans=["49 CFR \u00a7 192.605(a)"]
  52022002NOPV_PCO_03302022_(21-199723).pdf                in= 3230  out= 29  lat= 1.1s  ans=["49 CFR \u00a7 195.452", "49 CFR \u00a7 195.505", "49 
  52022006NOPV_PCO_09072022_(21-213178).pdf                in= 3694  out= 37  lat= 1.1s  ans=["49 CFR \u00a7 195.208", "49 CFR \u00a7 195.214", "49 
  52022008NOPV_PCO_07182022_(20-191036).pdf                in= 4408  out= 32  lat= 1.6s  ans=["49 CFR \u00a7 193.2301", "49 CFR \u00a7 193.2603", "4
  52022019NOPV_PCO_03072022_(21-201443).pdf                in= 2270  out= 13  lat= 0.8s  ans=["49 CFR \u00a7 195.446"]
  52022021NOPV_PCO_06152022_(21-201441).pdf                in= 2420  out= 53  lat= 1.1s  ans=["49 CFR \u00a7 195.446(e)(4)", "49 CFR \u00a7 195.446(
  52022023NOPV_PCO_04272022_(21-218958).pdf                in= 3413  out= 53  lat= 1.3s  ans=["49 CFR \u00a7 195.205", "49 CFR \u00a7 195.575", "49 
  52022024NOPV_PCO_04272022_(21-218959).pdf                in= 2763  out= 45  lat= 1.0s  ans=["49 CFR \u00a7 195.262(d)", "49 CFR \u00a7 195.406(b)"
  52022028NOPV_PCO_09072022_(21-201439).pdf                in= 3291  out= 13  lat= 1.0s  ans=["49 CFR \u00a7 195.446"]
  52022037NOPV_PCP PCO_04272022_(22-236002).pdf            in= 2874  out= 29  lat= 0.9s  ans=["49 CFR \u00a7 199.101", "49 CFR \u00a7 199.109", "49 
  52022038NOPV_PCO_04122022_(21-219857).pdf                in= 2181  out= 21  lat= 0.9s  ans=["49 CFR \u00a7 195.573", "49 CFR \u00a7 195.404"]
  52022041NOPV_PCO_05092022_(21-219864).pdf                in= 2859  out= 29  lat= 1.1s  ans=["49 CFR \u00a7 192.605", "49 CFR \u00a7 192.807", "49 
  52022042NOPV_PCO_05132022_(21-214526).pdf                in= 2123  out= 13  lat= 0.7s  ans=["49 CFR \u00a7 195.402"]
  52022050NOPV_PCO_12192022_(22-232643).pdf                in= 2902  out= 13  lat= 0.9s  ans=["49 CFR \u00a7 192.631"]
  52022052NOPV_PCO_12012022_(22-232653).pdf                in= 1997  out= 29  lat= 3.2s  ans=["49 CFR \u00a7 195.446(j)(1)", "49 CFR \u00a7 195.446(
  52023003NOPV_PCP PCO_04112023_(22-236099).pdf            in= 2298  out= 13  lat= 1.0s  ans=["49 CFR \u00a7 195.583"]
  52023009NOPV_PCP PCO_03012023_(21-217219).pdf            in= 5160  out= 94  lat= 1.7s  ans=["49 CFR \u00a7 192.16", "49 CFR \u00a7 192.283", "49 C
  52023011NOPV_PCP PCO_04062023_(21-225379).pdf            in=13838  out= 53  lat= 1.4s  ans=["49 CFR \u00a7 195.52", "49 CFR \u00a7 195.401", "49 C
  52023012NOPV_PCO_03012023_(22-251101).pdf                in= 4276  out= 61  lat= 1.3s  ans=["49 CFR \u00a7 195.402", "49 CFR \u00a7 195.404", "49 
  52023016NOPV_PCO_03242023_(21-207466).pdf                in= 3678  out= 45  lat= 1.0s  ans=["49 CFR \u00a7 192.285", "49 CFR \u00a7 192.513", "49 
  52023019NOPV_PCP PCO_12272023_(22-236528).pdf            in= 8229  out= 61  lat= 1.4s  ans=["49 CFR \u00a7 195.310", "49 CFR \u00a7 195.402", "49 
  52023021NOPV_PCO_02062023_(22-239515).pdf                in= 2173  out= 21  lat= 1.1s  ans=["49 CFR \u00a7 195.452", "49 CFR \u00a7 195.406"]
  52023025NOPV_PCP PCO_04062023_(21-200502).pdf            in= 3551  out= 21  lat= 0.9s  ans=["49 CFR \u00a7 195.452", "49 CFR \u00a7 195.573"]
  52023027NOPV_PCO_01192023_(22-232634).pdf                in= 2118  out= 13  lat= 0.8s  ans=["49 CFR \u00a7 192.605"]
  52023029NOPV_PCP PCO_06222023_(22-251181).pdf            in= 7940  out=133  lat= 1.7s  ans=["49 CFR \u00a7 192.195", "49 CFR \u00a7 192.355", "49 
  52023030NOPV_PCO_04172023_(21-200923).pdf                in= 1527  out= 13  lat= 0.8s  ans=["49 CFR \u00a7 195.402"]
  52023031NOPV_PCP PCO_10112023_(22-232626).pdf            in= 5717  out=101  lat= 1.5s  ans=["49 CFR \u00a7 194.7", "49 CFR \u00a7 194.117", "49 CF
  52023033NOPV_PCO_07192023_(22-239213).pdf                in= 2845  out= 51  lat= 1.1s  ans=["49 CFR \u00a7 192.631(c)(1)", "49 CFR \u00a7 192.631(
  52023035NOPV_PCO_10252023_(22-239214).pdf                in= 2746  out= 41  lat= 1.0s  ans=["49 CFR \u00a7 195.446(c)(3)", "49 CFR \u00a7 195.446(
  52023037NOPV_PCP PCO_09182023_(22-232625).pdf            in= 4688  out= 37  lat= 1.1s  ans=["49 CFR \u00a7 195.402", "49 CFR \u00a7 195.403", "49 
  52023039NOPV_PCO_11022023_(22-254201).pdf                in= 5119  out= 59  lat= 1.1s  ans=["49 CFR \u00a7 192.605", "49 CFR \u00a7 192.615", "49 
  52023040NOPV_PCO_07262023_(23-264043).pdf                in= 2005  out= 25  lat= 1.0s  ans=["49 CFR \u00a7 192.481(a)", "49 CFR \u00a7 192.479(a)"
  52023042NOPV_PCO_12262023_(22-232644).pdf                in= 2936  out= 53  lat= 1.3s  ans=["49 CFR \u00a7 195.446(c)(3)", "49 CFR \u00a7 195.446(
  52023043NOPV_PCO_10252023_(22-239216).pdf                in= 3436  out= 63  lat= 1.3s  ans=["49 CFR \u00a7 195.446(a)", "49 CFR \u00a7 195.446(c)(
  52023046NOPV_PCP PCO_12272023_(22-257275).pdf            in=12831  out=142  lat= 2.3s  ans=["49 CFR \u00a7 191.11", "49 CFR \u00a7 192.161", "49 C
  52023048NOPV_PCO_11022023_(22-239215).pdf                in= 2744  out= 21  lat= 0.8s  ans=["49 CFR \u00a7 191.22", "49 CFR \u00a7 192.631"]
  52023052NOPV_PCO_10272023_(22-246104).pdf                in= 1883  out= 15  lat= 0.8s  ans=["49 CFR \u00a7 192.616(c)"]
  52023054NOPV_PCO_08212023_(23-264167).pdf                in= 3613  out= 45  lat= 1.0s  ans=["49 CFR \u00a7 192.917", "49 CFR \u00a7 192.161", "49 
  52024001NOPV_PCO_12122024_(24-297227).pdf                in= 2884  out= 25  lat= 1.4s  ans=["49 CFR \u00a7 195.420(b)", "49 CFR \u00a7 195.583(a)"
  52024002NOPV_PCP PCO_01292024_22-258385.pdf              in= 4073  out= 45  lat= 1.2s  ans=["49 CFR \u00a7 191.5", "49 CFR \u00a7 191.9", "49 CFR 
  52024003NOPV_PCP PCO_05222024_(22-232568).pdf            in= 4086  out= 69  lat= 1.6s  ans=["49 CFR \u00a7 195.126", "49 CFR \u00a7 195.403", "49 
  52024009NOPV_PCO_ 03042024_(22-239217).pdf               in= 2152  out= 19  lat= 0.8s  ans=["49 CFR \u00a7 192.631(a)(1)(ii)"]
  52024010NOPV_PCO_01102024_(23-264168).pdf                in= 2801  out= 31  lat= 1.3s  ans=["49 CFR \u00a7 195.402", "49 CFR \u00a7 195.583", "49 
  52024011NOPV_PCO_02232024_(23-264348).pdf                in= 3936  out=107  lat= 1.6s  ans=["49 CFR \u00a7 195.403(b)(1)", "49 CFR \u00a7 195.404(
  52024015NOPV_PCO_04152024_(23-264582).pdf                in= 6319  out= 13  lat= 1.0s  ans=["49 CFR \u00a7 192.631"]
  52024016NOPV_PCO_05232024_(23-264378).pdf                in= 6437  out= 61  lat= 1.5s  ans=["49 CFR \u00a7 192.201", "49 CFR \u00a7 192.605", "49 
  52024023NOPV_PCP PCO_08232024_(23-264166).pdf            in= 3551  out= 53  lat= 1.6s  ans=["49 CFR \u00a7 192.465", "49 CFR \u00a7 192.475", "49 
  52024026NOPV_PCO_12102024_(23-265653).pdf                in= 6355  out=121  lat= 2.0s  ans=["49 CFR \u00a7 191.17(a)(1)", "49 CFR \u00a7 191.29(a)
  52024039NOPV_PCO_12062024_(24-297378).pdf                in= 1972  out= 21  lat= 1.1s  ans=["49 CFR \u00a7 192.605", "49 CFR \u00a7 192.625"]
  52024040NOPV_PCO_11182024_(24-297214).pdf                in= 2977  out= 25  lat= 0.9s  ans=["49 CFR \u00a7 195.432(b)", "49 CFR \u00a7 195.589(c)"
  52024041NOPV_PCO_12182024_(24-295915).pdf                in= 3210  out= 29  lat= 2.0s  ans=["49 CFR \u00a7 195.452", "49 CFR \u00a7 195.446", "49 
  52025006NOPV_PCP PCO_07302025_(24-296481).pdf            in= 2606  out= 15  lat= 0.9s  ans=["49 CFR \u00a7 194.7(b)"]
  52025010NOPV_PCO_04252025_(24-298502).pdf                in= 6839  out= 77  lat= 1.4s  ans=["49 CFR \u00a7 195.64", "49 CFR \u00a7 195.262", "49 C
  52025011NOPV_PCO_05022025_(24-305759).pdf                in= 2886  out= 38  lat= 1.2s  ans=["49 CFR \u00a7 192.53(c)", "49 CFR \u00a7 192.285(a)(2
  52025014NOPV_PCO_05022025_(24-297328).pdf                in= 3081  out= 37  lat= 1.0s  ans=["49 CFR \u00a7 192.14(a)", "49 CFR \u00a7 192.465(d)",
  52025023NOPV_PCP PCO_10022025_(25-329886).pdf            in= 5551  out= 37  lat= 1.1s  ans=["49 CFR \u00a7 195.402", "49 CFR \u00a7 195.404", "49 
  52025026NOPV_PCO_07292025_(24-297246).pdf                in= 2288  out= 15  lat= 1.1s  ans=["49 CFR \u00a7 192.739(a)"]
  52025028NOPV_PCP PCO_11172025_(24-298503).pdf            in= 3627  out= 13  lat= 1.7s  ans=["49 CFR \u00a7 195.432"]
  52025033NOPV_PCO_11212025_(24-297332).pdf                in= 3352  out= 41  lat= 1.2s  ans=["49 CFR \u00a7 192.8(b)(1)", "49 CFR \u00a7 192.9(e)(1
  52025039NOPV_PCO_12082025_(24-296470).pdf                in= 3969  out= 65  lat= 1.7s  ans=["49 CFR \u00a7 192.631(a)(2)", "49 CFR \u00a7 192.631(
  52026002NOPV_PCO_01222026_(25-331927).pdf                in= 5931  out= 89  lat= 1.8s  ans=["49 CFR \u00a7 192.13(d)", "49 CFR \u00a7 192.169(a)",

=== How many distinct corrective action items are listed in the Proposed Compliance  ===
  SKIP (too short): 12021057NOPV_PCO_10072021_(20-172138).pdf
  SKIP (too short): 12021065NOPV_NOPV_PCO_12102021_(20-172057).pdf
  12022023NOPV_PCO_03312022_(20-194651).pdf                in= 3178  out=  5  lat= 1.0s  ans=3
  SKIP (too short): 12023022NOPV_PCO_04132023_(22-234207).pdf
  SKIP (too short): 12023028NOPV_PCO_05252023_(22-232998).pdf
  12023047NOPV_PCO_12042023_(22-233293).pdf                in= 4209  out=  5  lat= 0.8s  ans=3
  SKIP (too short): 12023050NOPV_PCO_09052023_(22-233356).pdf
  SKIP (too short): 12024001NOPV_PCO_03212024_(22-233343).pdf
  SKIP (too short): 12024003NOPV_PCP PCO_03282024_(23-266431).pdf
  SKIP (too short): 12024004NOPV_PCO_02152024_(22-233363).pdf
  12024018NOPV_PCO_08262024_(23-263980).pdf                in= 2270  out=  5  lat= 0.9s  ans=2
  12024039NOPV_PCO_11062024_(23-276594).pdf                in= 6293  out=  5  lat= 0.8s  ans=3
  12024051NOPV_PCO_07052024_(24-297439).pdf                in= 2351  out=  5  lat= 0.8s  ans=2
  12025001NOPV_PCO_05302025_(23-265078).pdf                in= 5649  out=  5  lat= 1.1s  ans=7
  12025006NOPV_PCO_05082025_(23-272518).pdf                in= 2238  out=  5  lat= 0.8s  ans=3
  12026002NOPV_PCO_01232026_(24-295891).pdf                in= 2183  out=  5  lat= 0.9s  ans=2
  12026003NOPV_PCO_02132026_(24-309719).pdf                in= 4128  out=  5  lat= 0.7s  ans=5
  12026012NOPV_PCO_02062026_(25-329693).pdf                in= 2775  out=  5  lat= 0.9s  ans=2
  12026015NOPV_PCO_02122026_(24-296051).pdf                in= 4150  out=  5  lat= 0.8s  ans=5
  12026022NOPV_PCO_02242026_(25-330072).pdf                in= 2339  out=  5  lat= 0.9s  ans=2
  12026032NOPV_PCO_02132026_ (25-330095).pdf               in= 2263  out=  5  lat= 0.7s  ans=2
  22023002NOPV_PCO_07282023_(21-202409).pdf                in= 2174  out=  5  lat= 0.8s  ans=3
  22023011NOPV_PCO_07282023_(21-202560).pdf                in= 5845  out=  5  lat= 1.0s  ans=6
  22023013NOPV_PCP PCO_11162023_(21-224433).pdf            in= 9093  out=  5  lat= 1.3s  ans=6
  22024001NOPV_PCP PCO_06272024_(24-304023).pdf            in= 4826  out=  5  lat= 0.9s  ans=10
  22024011NOPV_PCP PCO (AMENDED)_07092024_(22-235530).pdf  in= 5089  out=  5  lat= 1.0s  ans=4
  32021028NOPV_PCP PCO_11022021_(20-172212).pdf            in= 2593  out=  5  lat= 1.4s  ans=2
  32021043NOPV_PCP PCO_12072021_(20-179274).pdf            in= 7611  out=  5  lat= 1.0s  ans=5
  32021045NOPV_PCP PCO_11052021_(20-172259).pdf            in= 2642  out=  5  lat= 0.7s  ans=3
  32021046NOPV_PCP PCO_11232021_(20-172259).pdf            in= 5942  out=  5  lat= 1.5s  ans=3
  32021051NOPV_PCP PCO_11102021_(21-200403).pdf            in= 5681  out=  5  lat= 0.9s  ans=8
  32021059NOPV_PCP PCO_12302021_(21-200404).pdf            in= 5309  out=  5  lat= 1.4s  ans=9
  32021070NOPV_PCP PCO_12302021_(21-199716).pdf            in= 3155  out=  5  lat= 0.8s  ans=3
  32021073NOPV_PCP PCO_12222021_(20-173072).pdf            in= 3055  out=  5  lat= 1.3s  ans=4
  32021080NOPV_PCP PCO_12222021_(21-199715).pdf            in= 3400  out=  5  lat= 0.7s  ans=2
  32021082NOPV_PCO_12012021_(20-172259).pdf                in= 2132  out=  5  lat= 0.8s  ans=4
  32021087NOPV_PCP PCO_12132021_(21-210505).pdf            in= 2348  out=  5  lat= 0.8s  ans=4
  32021088NOPV_PCO_11302021_(21-210503).pdf                in= 1791  out=  5  lat= 0.7s  ans=2
  32021089NOPV_PCP PCO_11302021_(21-210502).pdf            in= 2601  out=  5  lat= 0.8s  ans=2
  32022001NOPV_PCP PCO_08082022_(21-208610).pdf            in= 2025  out=  5  lat= 0.7s  ans=3
  32022006NOPV_PCP PCO_04182022_(21-200783).pdf            in= 3675  out=  5  lat= 1.4s  ans=4
  32022016NOPV_PCO_01072022_(20-187013).pdf                in= 2196  out=  5  lat= 1.1s  ans=2
  32022017NOPV_PCP PCO_01112022_(21-210504).pdf            in= 4545  out=  5  lat= 1.0s  ans=4
  32022018NOPV_PCP PCO_01192022_(21-210993).pdf            in= 4978  out=  5  lat= 0.9s  ans=3
  32022024NOPV_PCO_03252022_(20-179518).pdf                in= 1701  out=  5  lat= 0.7s  ans=2
  32022025NOPV_PCP PCO_10142022_(20-182827).pdf            in= 2317  out=  5  lat= 0.7s  ans=3
  32022026NOPV_PCP PCO_05052022_(20-173062).pdf            in= 7729  out=  5  lat= 1.8s  ans=11
  32022033NOPV_PCP PCO_03172022_(21-203212).pdf            in= 2818  out=  5  lat= 0.9s  ans=3
  32022037NOPV_PCP PCO_03012022_(21-201004).pdf            in= 2997  out=  5  lat= 0.6s  ans=4
  32022040NOPV_PCO_02172022_(20-179276).pdf                in= 2906  out=  5  lat= 0.6s  ans=2
  32022045NOPV_PCP PCO_04282022_(21-201001).pdf            in= 3032  out=  5  lat= 1.7s  ans=3
  32022047NOPV_PCP PCO_05122022_(21-201425).pdf            in= 4628  out=  5  lat= 0.8s  ans=5
  32022052NOPV_PCP PCO_11102022_(21-207738).pdf            in= 4313  out=  5  lat= 0.9s  ans=4
  32022053NOPV_PCP PCO_08222022_(21-210151).pdf            in= 4066  out=  5  lat= 0.8s  ans=5
  32022055NOPV_PCO_11082022_(21-209703).pdf                in= 1800  out=  5  lat= 0.9s  ans=2
  32022056NOPV_PCP PCO_11082022_(21-209703).pdf            in= 3402  out=  5  lat= 0.7s  ans=5
  32022058NOPV_PCP PCO (AMENDED)_09142022_(22-242811).pdf  in= 4851  out=  5  lat= 0.7s  ans=4
  32022061NOPV_PCP PCO_12222022_(21-201318).pdf            in= 3632  out=  5  lat= 0.8s  ans=3
  32022062NOPV_PCO_09142022_(21-202559).pdf                in= 2089  out=  5  lat= 1.4s  ans=3
  32022069NOPV_PCO_11292022_(22-233904).pdf                in=  472  out=  5  lat= 1.0s  ans=4
  32023002NOPV_PCP PCO_01182023_(21-202836).pdf            in= 2625  out=  5  lat= 0.8s  ans=2
  32023005NOPV_PCP PCO_01252023_(22-261675).pdf            in= 3964  out=  5  lat= 1.0s  ans=4
  32023006NOPV_PCP PCO_05042023_(22-235672).pdf            in= 2370  out=  5  lat= 0.8s  ans=1
  32023008NOPV_PCP PCO_06022023_(21-207275).pdf            in= 3718  out=  5  lat= 0.7s  ans=4
  32023011NOPV_PCP PCO_09122023_(22-233376).pdf            in= 2307  out=  5  lat= 0.7s  ans=2
  32023014NOPV_PCP PCO_07272023_(22-250434).pdf            in= 4468  out=  5  lat= 0.9s  ans=7
  32023016NOPV_PCP PCO_09082023_(22-238055).pdf            in= 5159  out=  5  lat= 0.7s  ans=5
  32023020NOPV_PCP PCO_08112023_(22-237273).pdf            in= 3491  out=  5  lat= 0.8s  ans=4
  32023021NOPV_PCP PCO_09182023_(22-245404).pdf            in= 4112  out=  5  lat= 1.1s  ans=3
  32023022NOPV_PCP PCO_08242023_(22-234357).pdf            in= 4093  out=  5  lat= 1.6s  ans=4
  32023026NOPV_PCP PCO_09082023_(22-240208).pdf            in= 6059  out=  5  lat= 0.7s  ans=5
  32023033NOPV_PCO_11272023_(22-234926).pdf                in= 2117  out=  5  lat= 0.8s  ans=3
  32024001NOPV_PCO_12192024_(24-297350).pdf                in= 1470  out=  5  lat= 0.7s  ans=2
  32024004NOPV_PCP PCO_03012024_(22-240209).pdf            in= 7055  out=  5  lat= 0.8s  ans=5
  32024007NOPV_PCO_01182024_(22-234928).pdf                in= 2615  out=  5  lat= 0.9s  ans=5
  32024008NOPV_PCP PCO_10252024_(22-237074).pdf            in= 5284  out=  5  lat= 0.8s  ans=3
  32024011NOPV_PCO_02062024_(23-264235).pdf                in= 2477  out=  5  lat= 0.7s  ans=6
  32024012NOPV_PCP PCO_02062024_(23-264235).pdf            in= 3508  out=  5  lat= 0.7s  ans=3
  32024016NOPV_PCO_02132024_(23-264316).pdf                in= 1387  out=  5  lat= 0.7s  ans=1
  32024019NOPV_PCO_03042024_(22-233359).pdf                in= 1301  out=  5  lat= 0.9s  ans=2
  32024020NOPV_PCP PCO_06132024_(21-199489).pdf            in= 7674  out=  5  lat= 0.9s  ans=8
  32024022NOPV_PCP PCO_05082024_(23-268060).pdf            in= 3991  out=  5  lat= 0.9s  ans=4
  32024028NOPV_PCO_12302024_(22-235481).pdf                in= 2808  out=  5  lat= 0.6s  ans=3
  32024030NOPV_PCO_06032024_(23-264637).pdf                in= 2488  out=  5  lat= 1.7s  ans=2
  32024035NOPV_PCO_04152024_(23-270170).pdf                in= 2185  out=  5  lat= 1.0s  ans=2
  32024036NOPV_PCP PCO_06282024_(23-264742).pdf            in= 3297  out=  5  lat= 0.9s  ans=6
  32024038NOPV_PCP PCO_05312024_(22-233382).pdf            in= 3692  out=  5  lat= 1.2s  ans=2
  32024040NOPV_PCP PCO_09062024_(23-264452).pdf            in= 5193  out=  5  lat= 0.8s  ans=9
  32024042NOPV_PCO_06032024_(23-264638).pdf                in= 2085  out=  5  lat= 0.8s  ans=2
  32024044NOPV_PCP PCO_04182024_(23-265891).pdf            in= 3100  out=  5  lat= 0.8s  ans=4
  32024045NOPV_PCP PCO_05102024_(23-264643).pdf            in= 4119  out=  5  lat= 0.8s  ans=3
  32024049NOPV_PCP PCO_07022024_(23-264476).pdf            in= 3092  out=  5  lat= 0.8s  ans=3
  32024050NOPV_PCP PCO_08282024_(23-264059).pdf            in= 3239  out=  5  lat= 1.0s  ans=3
  32024052NOPV_PCP PCO_07032024_(24-305436).pdf            in= 3085  out=  5  lat= 1.1s  ans=2
  32024053NOPV_PCO_12122024_(22-233381).pdf                in= 2308  out=  5  lat= 0.8s  ans=2
  32024054NOPV_PCO_08232024_(23-264382).pdf                in= 2120  out=  5  lat= 0.7s  ans=2
  32024056NOPV_PCP PCO_10252024_(23-264602).pdf            in= 4497  out=  5  lat= 1.1s  ans=8
  32024058NOPV_PCO_12042024_(23-264827).pdf                in= 2170  out=  5  lat= 1.1s  ans=2
  32024062NOPV_PCP PCO_11212024_(23-266139).pdf            in= 1897  out=  5  lat= 0.8s  ans=2
  32024066NOPV_PCP PCO_08222024_(23-282184).pdf            in= 2787  out=  5  lat= 0.7s  ans=2
  32024069NOPV_PCP PCO_11142024_(23-264601).pdf            in= 2775  out=  5  lat= 1.0s  ans=2
  32024071NOPV_PCP PCO_11142024_(23-264063).pdf            in= 2675  out=  5  lat= 0.8s  ans=2
  32025003NOPV_PCP PCO_01162025_(23-264381).pdf            in= 4012  out=  5  lat= 1.0s  ans=4
  32025004NOPV_PCO_05052025_(23-264480).pdf                in= 3478  out=  5  lat= 0.8s  ans=4
  32025006NOPV_PCP PCO_08182025_(23-264820).pdf            in= 4041  out=  5  lat= 1.3s  ans=2
  32025007NOPV_PCP PCO_06252025_(23-264832).pdf            in= 6328  out=  5  lat= 0.7s  ans=5
  32025008NOPV_PCP PCO_06162025_(23-264835).pdf            in= 3704  out=  5  lat= 0.8s  ans=3
  32025022NOPV_PCO_07182025_(24-297198).pdf                in= 5623  out=  5  lat= 1.6s  ans=5
  32025024NOPV_PCO_11062025_(24-297583).pdf                in= 4764  out=  5  lat= 0.9s  ans=3
  32025027NOPV_PCO_07012025_(24-299195).pdf                in= 2543  out=  5  lat= 0.8s  ans=2
  32025029NOPV_PCO_08152025_(24-297350).pdf                in= 3463  out=  5  lat= 0.9s  ans=3
  32026004NOPV_PCO_02032026_(25-330822).pdf                in= 3016  out=  5  lat= 0.9s  ans=3
  42021001NOPV_PCO_10042021_(20-172501).pdf                in= 3624  out=  5  lat= 0.7s  ans=3
  42021008NOPV_PCO_11152021_(20-172587).pdf                in= 2750  out=  5  lat= 0.7s  ans=3
  42021010NOPV_PCO_10272021_(20-172682).pdf                in= 3089  out=  5  lat= 0.9s  ans=3
  42021011NOPV_PCO_11022021_(20-172601).pdf                in= 4141  out=  5  lat= 0.7s  ans=6
  42021022NOPV_PCO_09232021_(20-186120).pdf                in= 2084  out=  5  lat= 0.8s  ans=1
  42021027NOPV_PCO_08182021_(20-172515).pdf                in= 2996  out=  5  lat= 0.8s  ans=4
  42021033NOPV_PCO_09232021_(21-220612).pdf                in= 1650  out=  5  lat= 0.9s  ans=1
  42021034NOPV_PCP PCO_12212021_(20-183709).pdf            in= 3580  out=  5  lat= 1.2s  ans=2
  42021039NOPV_PCO_11232021_(20-178576).pdf                in= 2554  out=  5  lat= 0.7s  ans=3
  42021047NOPV_PCO_10212021_(21-202129).pdf                in= 2665  out=  5  lat= 0.9s  ans=1
  42021057NOPV_PCO_11012021_(21-200343).pdf                in= 2816  out=  5  lat= 0.8s  ans=3
  42022001NOPV_PCO_08042022_(21-210603).pdf                in= 1728  out=  5  lat= 1.0s  ans=4
  42022007NOPV_PCP PCO_02112022_(21-230161).pdf            in= 3865  out=  5  lat= 1.0s  ans=4
  42022009NOPV_PCP PCO_01212022_(21-199753).pdf            in= 3442  out=  5  lat= 1.1s  ans=2
  42022015NOPV_PCO_02232021_(21-500287).pdf                in= 2422  out=  5  lat= 0.7s  ans=2
  42022018NOPV_PCO_02142022_(21-207285).pdf                in= 2742  out=  5  lat= 0.8s  ans=3
  42022025NOPV_PCO_02102022_(21-209144).pdf                in= 2633  out=  5  lat= 1.1s  ans=2
  42022026NOPV_PCO_01262022_(21-209158).pdf                in= 3976  out=  5  lat= 1.1s  ans=5
  42022028NOPV_PCO_04082022_(21-199241).pdf                in= 2465  out=  5  lat= 1.1s  ans=2
  42022039NOPV_PCP PCO_06172022_(21-203269).pdf            in= 2622  out=  5  lat= 0.9s  ans=2
  42022041NOPV_PCO_08052022_(21-199244).pdf                in= 3395  out=  5  lat= 1.1s  ans=3
  42022046NOPV_PCO_08052022_(22-250946).pdf                in= 2766  out=  5  lat= 1.1s  ans=5
  42022047NOPV_PCO_08032022_(21-199242).pdf                in= 3455  out=  5  lat= 1.1s  ans=1
  42022061NOPV_PCO_10312022_(22-233712).pdf                in= 3172  out=  5  lat= 1.6s  ans=3
  42022062NOPV_PCO_12142022_(22-234365).pdf                in= 4722  out=  5  lat= 1.7s  ans=6
  42023006NOPV_PCP PCO_05082023_(21-231718).pdf            in= 2716  out=  5  lat= 0.6s  ans=5
  42023009NOPV_PCO_01132023_(22-232746).pdf                in= 1825  out=  5  lat= 1.9s  ans=2
  42023010NOPV_PCP PCO_06022023_(22-232749).pdf            in= 3191  out=  5  lat= 1.2s  ans=3
  42023016NOPV_PCO_01312023_(21-199998).pdf                in= 2354  out=  5  lat= 1.5s  ans=2
  42023017NOPV_PCO_01312023_(21-199998).pdf                in= 2976  out=  5  lat= 1.0s  ans=3
  42023031NOPV_PCO_04202023_(22-242818).pdf                in= 2412  out=  5  lat= 1.1s  ans=1
  42023033NOPV_PCO_04212023_(22-249322).pdf                in= 3896  out=  5  lat= 1.0s  ans=4
  42023039NOPV_PCO_05112023_(22-234780).pdf                in= 1931  out=  5  lat= 1.0s  ans=3
  42023042NOPV_PCO_05232023_(22-235632).pdf                in= 2024  out=  5  lat= 0.6s  ans=2
  42023044NOPV_PCO_05042023_(22-234487).pdf                in= 2725  out=  5  lat= 0.8s  ans=3
  42023045NOPV_PCO_05112023_(22-232770).pdf                in= 2309  out=  5  lat= 0.9s  ans=2
  42023047NOPV_PCO_10182023_(22-241127).pdf                in= 2573  out=  5  lat= 0.9s  ans=2
  42023052NOPV_PCO_10162023_(22-235649).pdf                in= 3523  out=  5  lat= 0.9s  ans=4
  42023053NOPV_PCO_06132023_(21-227138).pdf                in= 1557  out=  5  lat= 0.6s  ans=2
  42023057NOPV_PCO_11162023_(21-209415).pdf                in= 2392  out=  5  lat= 0.6s  ans=2
  42024014NOPV_PCO_01302024_(21-217155).pdf                in= 1908  out=  5  lat= 0.8s  ans=2
  42024015NOPV_PCP PCO_03252024_(22-232769).pdf            in= 4022  out=  5  lat= 1.0s  ans=5
  42024020NOPV_PCP PCO_11192024_(21-207841).pdf            in= 2891  out=  5  lat= 0.7s  ans=2
  42024022NOPV_PCO_03202024_(23-264818).pdf                in= 2265  out=  5  lat= 1.2s  ans=2
  42024024NOPV_PCO_05022024_(23-264209).pdf                in= 3153  out=  5  lat= 0.8s  ans=3
  42024027NOPV_PCO_05312024_(23-266081).pdf                in= 3439  out=  5  lat= 0.9s  ans=4
  42024034NOPV_PCO_08272024_(24-299840).pdf                in= 2804  out=  5  lat= 0.7s  ans=4
  42024036NOPV_PCO_10222024_(23-264819).pdf                in= 4796  out=  5  lat= 0.7s  ans=3
  42024037NOPV_PCP PCO_10042024_(23-267490).pdf            in= 5428  out=  5  lat= 0.9s  ans=6
  42024042NOPV_PCO_08292024_(23-267234).pdf                in= 2047  out=  5  lat= 0.9s  ans=2
  42024045NOPV_PCO_10212024_(23-266145).pdf                in= 2724  out=  5  lat= 1.0s  ans=2
  42024046NOPV_PCO_08292024_(23-267231).pdf                in= 3153  out=  5  lat= 0.7s  ans=3
  42024047NOPV_PCO_10222024_(23-267237).pdf                in= 1971  out=  5  lat= 0.7s  ans=2
  42024048NOPV_PCO_10222024_(23-264726).pdf                in= 2865  out=  5  lat= 0.8s  ans=2
  42024052NOPV_PCO_10302024_(24-297498).pdf                in= 2322  out=  5  lat= 0.9s  ans=2
  42025002NOPV_PCO_05152025_(24-296561).pdf                in= 2819  out=  5  lat= 0.7s  ans=4
  42025007NOPV_PCO_10012025_(24-301886).pdf                in= 2621  out=  5  lat= 0.6s  ans=3
  42025012NOPV_PCP PCO_12312025_(23-292329).pdf            in=12995  out=  5  lat= 1.0s  ans=2
  42025021NOPV_PCO_01082025_(23-266712).pdf                in= 2422  out=  5  lat= 0.7s  ans=4
  42025029NOPV_PCO_05082025_(24-296566).pdf                in= 2263  out=  5  lat= 0.7s  ans=2
  42025031NOPV_PCO_12222025_(24-296702).pdf                in= 3339  out=  5  lat= 0.9s  ans=4
  42025034NOPV_PCO_12222025_(24-296704).pdf                in= 3040  out=  5  lat= 1.1s  ans=3
  42025035NOPV_PCP PCO_12232025_(24-305809).pdf            in= 2907  out=  5  lat= 0.7s  ans=2
  42025039NOPV_PCO_07032025_(24-298760).pdf                in= 2330  out=  5  lat= 0.7s  ans=2
  42025040NOPV_PCO_08282025_(24-308458).pdf                in= 2660  out=  5  lat= 0.8s  ans=2
  42025043NOPV_PCO_11252025_(24-296703).pdf                in= 3452  out=  5  lat= 0.7s  ans=3
  42025047NOPV_PCO_08202025_(24-296558).pdf                in= 2219  out=  5  lat= 0.9s  ans=2
  42025049NOPV_PCO_07102025_(24-296979).pdf                in= 2159  out=  5  lat= 0.6s  ans=2
  42025056NOPV_PCP PCO_08292025_(24-296556).pdf            in= 4558  out=  5  lat= 1.3s  ans=3
  42025060NOPV_PCO_11042025_(24-296536).pdf                in= 2424  out=  5  lat= 1.0s  ans=2
  42026004NOPV_PCO_02112026_(25-329817).pdf                in= 1984  out=  5  lat= 0.8s  ans=3
  42026012NOPV_PCP PCO_02122026_(23-266706).pdf            in= 2801  out=  5  lat= 0.9s  ans=2
  42026013NOPV_PCP PCO_02182026_(23-266740).pdf            in= 4088  out=  5  lat= 0.7s  ans=4
  42026023NOPV_PCO_02122026_(25-329815).pdf                in= 2499  out=  5  lat= 1.0s  ans=4
  52021031NOPV_PCP PCO_08112021_(21-208158).pdf            in= 5365  out=  5  lat= 1.0s  ans=5
  52021037NOPV_PCO_09172021_(21-201448).pdf                in= 2395  out=  5  lat= 1.1s  ans=4
  52021051NOPV_PCO_10152021_(20-173120).pdf                in= 2100  out=  5  lat= 0.8s  ans=4
  52021057NOPV_PCO_12202021_(21-199974).pdf                in= 1907  out=  5  lat= 0.7s  ans=2
  52022002NOPV_PCO_03302022_(21-199723).pdf                in= 3221  out=  5  lat= 0.8s  ans=2
  52022006NOPV_PCO_09072022_(21-213178).pdf                in= 3685  out=  5  lat= 0.9s  ans=3
  52022008NOPV_PCO_07182022_(20-191036).pdf                in= 4399  out=  5  lat= 1.2s  ans=6
  52022019NOPV_PCO_03072022_(21-201443).pdf                in= 2261  out=  5  lat= 0.6s  ans=2
  52022021NOPV_PCO_06152022_(21-201441).pdf                in= 2411  out=  5  lat= 0.7s  ans=2
  52022023NOPV_PCO_04272022_(21-218958).pdf                in= 3404  out=  5  lat= 0.8s  ans=3
  52022024NOPV_PCO_04272022_(21-218959).pdf                in= 2754  out=  5  lat= 0.7s  ans=2
  52022028NOPV_PCO_09072022_(21-201439).pdf                in= 3282  out=  5  lat= 0.7s  ans=4
  52022037NOPV_PCP PCO_04272022_(22-236002).pdf            in= 2865  out=  5  lat= 0.9s  ans=4
  52022038NOPV_PCO_04122022_(21-219857).pdf                in= 2172  out=  5  lat= 1.1s  ans=2
  52022041NOPV_PCO_05092022_(21-219864).pdf                in= 2850  out=  5  lat= 1.0s  ans=2
  52022042NOPV_PCO_05132022_(21-214526).pdf                in= 2114  out=  5  lat= 0.6s  ans=2
  52022050NOPV_PCO_12192022_(22-232643).pdf                in= 2893  out=  5  lat= 0.8s  ans=3
  52022052NOPV_PCO_12012022_(22-232653).pdf                in= 1988  out=  5  lat= 0.8s  ans=2
  52023003NOPV_PCP PCO_04112023_(22-236099).pdf            in= 2289  out=  5  lat= 0.8s  ans=2
  52023009NOPV_PCP PCO_03012023_(21-217219).pdf            in= 5151  out=  5  lat= 0.9s  ans=7
  52023011NOPV_PCP PCO_04062023_(21-225379).pdf            in=13829  out=  5  lat= 1.0s  ans=9
  52023012NOPV_PCO_03012023_(22-251101).pdf                in= 4267  out=  5  lat= 0.9s  ans=8
  52023016NOPV_PCO_03242023_(21-207466).pdf                in= 3669  out=  5  lat= 0.8s  ans=5
  52023019NOPV_PCP PCO_12272023_(22-236528).pdf            in= 8220  out=  5  lat= 0.8s  ans=8
  52023021NOPV_PCO_02062023_(22-239515).pdf                in= 2164  out=  5  lat= 0.7s  ans=2
  52023025NOPV_PCP PCO_04062023_(21-200502).pdf            in= 3542  out=  5  lat= 0.7s  ans=4
  52023027NOPV_PCO_01192023_(22-232634).pdf                in= 2109  out=  5  lat= 0.7s  ans=2
  52023029NOPV_PCP PCO_06222023_(22-251181).pdf            in= 7931  out=  5  lat= 1.0s  ans=7
  52023030NOPV_PCO_04172023_(21-200923).pdf                in= 1518  out=  5  lat= 0.7s  ans=3
  52023031NOPV_PCP PCO_10112023_(22-232626).pdf            in= 5708  out=  5  lat= 0.8s  ans=12
  52023033NOPV_PCO_07192023_(22-239213).pdf                in= 2836  out=  5  lat= 0.8s  ans=4
  52023035NOPV_PCO_10252023_(22-239214).pdf                in= 2737  out=  5  lat= 0.8s  ans=4
  52023037NOPV_PCP PCO_09182023_(22-232625).pdf            in= 4679  out=  5  lat= 0.7s  ans=9
  52023039NOPV_PCO_11022023_(22-254201).pdf                in= 5110  out=  5  lat= 0.7s  ans=8
  52023040NOPV_PCO_07262023_(23-264043).pdf                in= 1996  out=  5  lat= 0.7s  ans=3
  52023042NOPV_PCO_12262023_(22-232644).pdf                in= 2927  out=  5  lat= 0.8s  ans=4
  52023043NOPV_PCO_10252023_(22-239216).pdf                in= 3427  out=  5  lat= 0.7s  ans=4
  52023046NOPV_PCP PCO_12272023_(22-257275).pdf            in=12822  out=  5  lat= 1.1s  ans=20
  52023048NOPV_PCO_11022023_(22-239215).pdf                in= 2735  out=  5  lat= 0.9s  ans=4
  52023052NOPV_PCO_10272023_(22-246104).pdf                in= 1874  out=  5  lat= 0.7s  ans=2
  52023054NOPV_PCO_08212023_(23-264167).pdf                in= 3604  out=  5  lat= 0.8s  ans=2
  52024001NOPV_PCO_12122024_(24-297227).pdf                in= 2875  out=  5  lat= 0.8s  ans=3
  52024002NOPV_PCP PCO_01292024_22-258385.pdf              in= 4064  out=  5  lat= 0.7s  ans=4
  52024003NOPV_PCP PCO_05222024_(22-232568).pdf            in= 4077  out=  5  lat= 0.8s  ans=4
  52024009NOPV_PCO_ 03042024_(22-239217).pdf               in= 2143  out=  5  lat= 0.8s  ans=2
  52024010NOPV_PCO_01102024_(23-264168).pdf                in= 2792  out=  5  lat= 0.8s  ans=3
  52024011NOPV_PCO_02232024_(23-264348).pdf                in= 3927  out=  5  lat= 0.8s  ans=9
  52024015NOPV_PCO_04152024_(23-264582).pdf                in= 6310  out=  5  lat= 0.7s  ans=11
  52024016NOPV_PCO_05232024_(23-264378).pdf                in= 6428  out=  5  lat= 1.0s  ans=7
  52024023NOPV_PCP PCO_08232024_(23-264166).pdf            in= 3542  out=  5  lat= 1.2s  ans=2
  52024026NOPV_PCO_12102024_(23-265653).pdf                in= 6346  out=  5  lat= 0.7s  ans=6
  52024039NOPV_PCO_12062024_(24-297378).pdf                in= 1963  out=  5  lat= 0.9s  ans=2
  52024040NOPV_PCO_11182024_(24-297214).pdf                in= 2968  out=  5  lat= 0.8s  ans=2
  52024041NOPV_PCO_12182024_(24-295915).pdf                in= 3201  out=  5  lat= 0.8s  ans=3
  52025006NOPV_PCP PCO_07302025_(24-296481).pdf            in= 2597  out=  5  lat= 0.6s  ans=3
  52025010NOPV_PCO_04252025_(24-298502).pdf                in= 6830  out=  5  lat= 1.0s  ans=6
  52025011NOPV_PCO_05022025_(24-305759).pdf                in= 2877  out=  5  lat= 1.0s  ans=4
  52025014NOPV_PCO_05022025_(24-297328).pdf                in= 3072  out=  5  lat= 0.9s  ans=3
  52025023NOPV_PCP PCO_10022025_(25-329886).pdf            in= 5542  out=  5  lat= 0.7s  ans=10
  52025026NOPV_PCO_07292025_(24-297246).pdf                in= 2279  out=  5  lat= 0.8s  ans=2
  52025028NOPV_PCP PCO_11172025_(24-298503).pdf            in= 3618  out=  5  lat= 0.9s  ans=2
  52025033NOPV_PCO_11212025_(24-297332).pdf                in= 3343  out=  5  lat= 0.8s  ans=4
  52025039NOPV_PCO_12082025_(24-296470).pdf                in= 3960  out=  5  lat= 0.9s  ans=3
  52026002NOPV_PCO_01222026_(25-331927).pdf                in= 5922  out=  5  lat= 0.9s  ans=4

=== What is the longest deadline (in days, measured from the Final Order's issuance) ===
  SKIP (too short): 12021057NOPV_PCO_10072021_(20-172138).pdf
  SKIP (too short): 12021065NOPV_NOPV_PCO_12102021_(20-172057).pdf
  12022023NOPV_PCO_03312022_(20-194651).pdf                in= 3194  out=  5  lat= 1.0s  ans=180
  SKIP (too short): 12023022NOPV_PCO_04132023_(22-234207).pdf
  SKIP (too short): 12023028NOPV_PCO_05252023_(22-232998).pdf
  12023047NOPV_PCO_12042023_(22-233293).pdf                in= 4225  out=  5  lat= 1.0s  ans=365
  SKIP (too short): 12023050NOPV_PCO_09052023_(22-233356).pdf
  SKIP (too short): 12024001NOPV_PCO_03212024_(22-233343).pdf
  SKIP (too short): 12024003NOPV_PCP PCO_03282024_(23-266431).pdf
  SKIP (too short): 12024004NOPV_PCO_02152024_(22-233363).pdf
  12024018NOPV_PCO_08262024_(23-263980).pdf                in= 2286  out=  5  lat= 1.1s  ans=270
  12024039NOPV_PCO_11062024_(23-276594).pdf                in= 6309  out=  5  lat= 0.8s  ans=90
  12024051NOPV_PCO_07052024_(24-297439).pdf                in= 2367  out=  5  lat= 1.0s  ans=30
  12025001NOPV_PCO_05302025_(23-265078).pdf                in= 5665  out=  5  lat= 0.9s  ans=90
  12025006NOPV_PCO_05082025_(23-272518).pdf                in= 2254  out=  5  lat= 0.7s  ans=90
  12026002NOPV_PCO_01232026_(24-295891).pdf                in= 2199  out=  5  lat= 0.8s  ans=120
  12026003NOPV_PCO_02132026_(24-309719).pdf                in= 4144  out=  5  lat= 1.1s  ans=90
  12026012NOPV_PCO_02062026_(25-329693).pdf                in= 2791  out=  5  lat= 0.8s  ans=60
  12026015NOPV_PCO_02122026_(24-296051).pdf                in= 4166  out=  5  lat= 0.9s  ans=270
  12026022NOPV_PCO_02242026_(25-330072).pdf                in= 2355  out=  5  lat= 0.8s  ans=180
  12026032NOPV_PCO_02132026_ (25-330095).pdf               in= 2279  out=  5  lat= 0.9s  ans=365
  22023002NOPV_PCO_07282023_(21-202409).pdf                in= 2190  out=  5  lat= 0.7s  ans=90
  22023011NOPV_PCO_07282023_(21-202560).pdf                in= 5861  out=  5  lat= 0.8s  ans=180
  22023013NOPV_PCP PCO_11162023_(21-224433).pdf            in= 9109  out=  5  lat= 1.0s  ans=120
  22024001NOPV_PCP PCO_06272024_(24-304023).pdf            in= 4842  out=  5  lat= 0.9s  ans=90
  22024011NOPV_PCP PCO (AMENDED)_07092024_(22-235530).pdf  in= 5105  out=  5  lat= 1.7s  ans=90
  32021028NOPV_PCP PCO_11022021_(20-172212).pdf            in= 2609  out=  5  lat= 0.7s  ans=180
  32021043NOPV_PCP PCO_12072021_(20-179274).pdf            in= 7627  out=  5  lat= 0.9s  ans=365
  32021045NOPV_PCP PCO_11052021_(20-172259).pdf            in= 2658  out=  5  lat= 0.8s  ans=60
  32021046NOPV_PCP PCO_11232021_(20-172259).pdf            in= 5958  out=  5  lat= 1.0s  ans=60
  32021051NOPV_PCP PCO_11102021_(21-200403).pdf            in= 5697  out=  5  lat= 1.5s  ans=180
  32021059NOPV_PCP PCO_12302021_(21-200404).pdf            in= 5325  out=  5  lat= 0.8s  ans=180
  32021070NOPV_PCP PCO_12302021_(21-199716).pdf            in= 3171  out=  5  lat= 0.9s  ans=180
  32021073NOPV_PCP PCO_12222021_(20-173072).pdf            in= 3071  out=  5  lat= 1.0s  ans=90
  32021080NOPV_PCP PCO_12222021_(21-199715).pdf            in= 3416  out=  5  lat= 0.8s  ans=90
  32021082NOPV_PCO_12012021_(20-172259).pdf                in= 2148  out=  5  lat= 1.0s  ans=120
  32021087NOPV_PCP PCO_12132021_(21-210505).pdf            in= 2364  out=  5  lat= 0.8s  ans=90
  32021088NOPV_PCO_11302021_(21-210503).pdf                in= 1807  out=  5  lat= 0.7s  ans=365
  32021089NOPV_PCP PCO_11302021_(21-210502).pdf            in= 2617  out=  5  lat= 0.8s  ans=365
  32022001NOPV_PCP PCO_08082022_(21-208610).pdf            in= 2041  out=  5  lat= 0.8s  ans=180
  32022006NOPV_PCP PCO_04182022_(21-200783).pdf            in= 3691  out=  5  lat= 0.8s  ans=180
  32022016NOPV_PCO_01072022_(20-187013).pdf                in= 2212  out=  5  lat= 0.8s  ans=90
  32022017NOPV_PCP PCO_01112022_(21-210504).pdf            in= 4561  out=  5  lat= 1.1s  ans=90
  32022018NOPV_PCP PCO_01192022_(21-210993).pdf            in= 4994  out=  5  lat= 1.0s  ans=365
  32022024NOPV_PCO_03252022_(20-179518).pdf                in= 1717  out=  5  lat= 0.6s  ans=730
  32022025NOPV_PCP PCO_10142022_(20-182827).pdf            in= 2333  out=  5  lat= 0.8s  ans=180
  32022026NOPV_PCP PCO_05052022_(20-173062).pdf            in= 7745  out=  5  lat= 1.1s  ans=180
  32022033NOPV_PCP PCO_03172022_(21-203212).pdf            in= 2834  out=  5  lat= 0.8s  ans=90
  32022037NOPV_PCP PCO_03012022_(21-201004).pdf            in= 3013  out=  5  lat= 0.7s  ans=180
  32022040NOPV_PCO_02172022_(20-179276).pdf                in= 2922  out=  5  lat= 0.7s  ans=180
  32022045NOPV_PCP PCO_04282022_(21-201001).pdf            in= 3048  out=  5  lat= 0.7s  ans=90
  32022047NOPV_PCP PCO_05122022_(21-201425).pdf            in= 4644  out=  5  lat= 0.8s  ans=180
  32022052NOPV_PCP PCO_11102022_(21-207738).pdf            in= 4329  out=  5  lat= 1.0s  ans=90
  32022053NOPV_PCP PCO_08222022_(21-210151).pdf            in= 4082  out=  5  lat= 0.8s  ans=120
  32022055NOPV_PCO_11082022_(21-209703).pdf                in= 1816  out=  5  lat= 0.9s  ans=90
  32022056NOPV_PCP PCO_11082022_(21-209703).pdf            in= 3418  out=  5  lat= 0.7s  ans=90
  32022058NOPV_PCP PCO (AMENDED)_09142022_(22-242811).pdf  in= 4867  out=  5  lat= 0.8s  ans=120
  32022061NOPV_PCP PCO_12222022_(21-201318).pdf            in= 3648  out=  5  lat= 0.7s  ans=180
  32022062NOPV_PCO_09142022_(21-202559).pdf                in= 2105  out=  5  lat= 0.6s  ans=120
  32022069NOPV_PCO_11292022_(22-233904).pdf                in=  488  out=  5  lat= 0.9s  ans=180
  32023002NOPV_PCP PCO_01182023_(21-202836).pdf            in= 2641  out=  5  lat= 0.8s  ans=90
  32023005NOPV_PCP PCO_01252023_(22-261675).pdf            in= 3980  out=  5  lat= 0.7s  ans=360
  32023006NOPV_PCP PCO_05042023_(22-235672).pdf            in= 2386  out=  5  lat= 1.0s  ans=90
  32023008NOPV_PCP PCO_06022023_(21-207275).pdf            in= 3734  out=  5  lat= 0.6s  ans=180
  32023011NOPV_PCP PCO_09122023_(22-233376).pdf            in= 2323  out=  5  lat= 1.0s  ans=180
  32023014NOPV_PCP PCO_07272023_(22-250434).pdf            in= 4484  out=  5  lat= 0.7s  ans=120
  32023016NOPV_PCP PCO_09082023_(22-238055).pdf            in= 5175  out=  5  lat= 0.8s  ans=90
  32023020NOPV_PCP PCO_08112023_(22-237273).pdf            in= 3507  out=  5  lat= 0.8s  ans=180
  32023021NOPV_PCP PCO_09182023_(22-245404).pdf            in= 4128  out=  5  lat= 0.7s  ans=150
  32023022NOPV_PCP PCO_08242023_(22-234357).pdf            in= 4109  out=  5  lat= 0.8s  ans=365
  32023026NOPV_PCP PCO_09082023_(22-240208).pdf            in= 6075  out=  5  lat= 0.8s  ans=120
  32023033NOPV_PCO_11272023_(22-234926).pdf                in= 2133  out=  5  lat= 0.7s  ans=270
  32024001NOPV_PCO_12192024_(24-297350).pdf                in= 1486  out=  5  lat= 0.8s  ans=60
  32024004NOPV_PCP PCO_03012024_(22-240209).pdf            in= 7071  out=  5  lat= 0.9s  ans=120
  32024007NOPV_PCO_01182024_(22-234928).pdf                in= 2631  out=  5  lat= 0.7s  ans=120
  32024008NOPV_PCP PCO_10252024_(22-237074).pdf            in= 5300  out=  5  lat= 1.0s  ans=60
  32024011NOPV_PCO_02062024_(23-264235).pdf                in= 2493  out=  5  lat= 0.7s  ans=360
  32024012NOPV_PCP PCO_02062024_(23-264235).pdf            in= 3524  out=  5  lat= 0.6s  ans=360
  32024016NOPV_PCO_02132024_(23-264316).pdf                in= 1403  out=  5  lat= 0.9s  ans=180
  32024019NOPV_PCO_03042024_(22-233359).pdf                in= 1317  out=  5  lat= 0.6s  ans=180
  32024020NOPV_PCP PCO_06132024_(21-199489).pdf            in= 7690  out=  5  lat= 1.1s  ans=120
  32024022NOPV_PCP PCO_05082024_(23-268060).pdf            in= 4007  out=  5  lat= 0.6s  ans=90
  32024028NOPV_PCO_12302024_(22-235481).pdf                in= 2824  out=  5  lat= 1.4s  ans=270
  32024030NOPV_PCO_06032024_(23-264637).pdf                in= 2504  out=  5  lat= 0.6s  ans=120
  32024035NOPV_PCO_04152024_(23-270170).pdf                in= 2201  out=  5  lat= 0.7s  ans=180
  32024036NOPV_PCP PCO_06282024_(23-264742).pdf            in= 3313  out=  5  lat= 0.8s  ans=90
  32024038NOPV_PCP PCO_05312024_(22-233382).pdf            in= 3708  out=  5  lat= 0.9s  ans=90
  32024040NOPV_PCP PCO_09062024_(23-264452).pdf            in= 5209  out=  5  lat= 0.7s  ans=180
  32024042NOPV_PCO_06032024_(23-264638).pdf                in= 2101  out=  5  lat= 0.7s  ans=60
  32024044NOPV_PCP PCO_04182024_(23-265891).pdf            in= 3116  out=  5  lat= 0.9s  ans=120
  32024045NOPV_PCP PCO_05102024_(23-264643).pdf            in= 4135  out=  5  lat= 0.8s  ans=120
  32024049NOPV_PCP PCO_07022024_(23-264476).pdf            in= 3108  out=  5  lat= 0.9s  ans=180
  32024050NOPV_PCP PCO_08282024_(23-264059).pdf            in= 3255  out=  5  lat= 0.8s  ans=90
  32024052NOPV_PCP PCO_07032024_(24-305436).pdf            in= 3101  out=  5  lat= 0.8s  ans=30
  32024053NOPV_PCO_12122024_(22-233381).pdf                in= 2324  out=  5  lat= 0.7s  ans=60
  32024054NOPV_PCO_08232024_(23-264382).pdf                in= 2136  out=  5  lat= 0.6s  ans=180
  32024056NOPV_PCP PCO_10252024_(23-264602).pdf            in= 4513  out=  5  lat= 0.9s  ans=365
  32024058NOPV_PCO_12042024_(23-264827).pdf                in= 2186  out=  5  lat= 0.8s  ans=120
  32024062NOPV_PCP PCO_11212024_(23-266139).pdf            in= 1913  out=  5  lat= 0.9s  ans=90
  32024066NOPV_PCP PCO_08222024_(23-282184).pdf            in= 2803  out=  5  lat= 0.8s  ans=180
  32024069NOPV_PCP PCO_11142024_(23-264601).pdf            in= 2791  out=  5  lat= 0.7s  ans=90
  32024071NOPV_PCP PCO_11142024_(23-264063).pdf            in= 2691  out=  5  lat= 0.7s  ans=270
  32025003NOPV_PCP PCO_01162025_(23-264381).pdf            in= 4028  out=  5  lat= 0.7s  ans=365
  32025004NOPV_PCO_05052025_(23-264480).pdf                in= 3494  out=  5  lat= 0.7s  ans=180
  32025006NOPV_PCP PCO_08182025_(23-264820).pdf            in= 4057  out=  5  lat= 0.8s  ans=60
  32025007NOPV_PCP PCO_06252025_(23-264832).pdf            in= 6344  out=  5  lat= 1.0s  ans=90
  32025008NOPV_PCP PCO_06162025_(23-264835).pdf            in= 3720  out=  5  lat= 0.8s  ans=120
  32025022NOPV_PCO_07182025_(24-297198).pdf                in= 5639  out=  5  lat= 1.1s  ans=210
  32025024NOPV_PCO_11062025_(24-297583).pdf                in= 4780  out=  5  lat= 0.8s  ans=90
  32025027NOPV_PCO_07012025_(24-299195).pdf                in= 2559  out=  5  lat= 0.7s  ans=180
  32025029NOPV_PCO_08152025_(24-297350).pdf                in= 3479  out=  5  lat= 0.8s  ans=90
  32026004NOPV_PCO_02032026_(25-330822).pdf                in= 3032  out=  5  lat= 0.9s  ans=180
  42021001NOPV_PCO_10042021_(20-172501).pdf                in= 3640  out=  5  lat= 0.8s  ans=90
  42021008NOPV_PCO_11152021_(20-172587).pdf                in= 2766  out=  5  lat= 0.7s  ans=90
  42021010NOPV_PCO_10272021_(20-172682).pdf                in= 3105  out=  5  lat= 1.1s  ans=90
  42021011NOPV_PCO_11022021_(20-172601).pdf                in= 4157  out=  5  lat= 0.7s  ans=90
  42021022NOPV_PCO_09232021_(20-186120).pdf                in= 2100  out=  5  lat= 0.8s  ans=30
  42021027NOPV_PCO_08182021_(20-172515).pdf                in= 3012  out=  5  lat= 0.7s  ans=120
  42021033NOPV_PCO_09232021_(21-220612).pdf                in= 1666  out=  5  lat= 0.6s  ans=60
  42021034NOPV_PCP PCO_12212021_(20-183709).pdf            in= 3596  out=  5  lat= 0.8s  ans=45
  42021039NOPV_PCO_11232021_(20-178576).pdf                in= 2570  out=  5  lat= 1.2s  ans=90
  42021047NOPV_PCO_10212021_(21-202129).pdf                in= 2681  out=  5  lat= 0.9s  ans=180
  42021057NOPV_PCO_11012021_(21-200343).pdf                in= 2832  out=  5  lat= 0.7s  ans=180
  42022001NOPV_PCO_08042022_(21-210603).pdf                in= 1744  out=  5  lat= 0.7s  ans=45
  42022007NOPV_PCP PCO_02112022_(21-230161).pdf            in= 3881  out=  5  lat= 0.8s  ans=30
  42022009NOPV_PCP PCO_01212022_(21-199753).pdf            in= 3458  out=  5  lat= 1.2s  ans=60
  42022015NOPV_PCO_02232021_(21-500287).pdf                in= 2438  out=  5  lat= 1.0s  ans=30
  42022018NOPV_PCO_02142022_(21-207285).pdf                in= 2758  out=  5  lat= 0.7s  ans=120
  42022025NOPV_PCO_02102022_(21-209144).pdf                in= 2649  out=  5  lat= 1.0s  ans=120
  42022026NOPV_PCO_01262022_(21-209158).pdf                in= 3992  out=  5  lat= 0.8s  ans=90
  42022028NOPV_PCO_04082022_(21-199241).pdf                in= 2481  out=  5  lat= 0.8s  ans=120
  42022039NOPV_PCP PCO_06172022_(21-203269).pdf            in= 2638  out=  5  lat= 0.7s  ans=90
  42022041NOPV_PCO_08052022_(21-199244).pdf                in= 3411  out=  5  lat= 0.9s  ans=90
  42022046NOPV_PCO_08052022_(22-250946).pdf                in= 2782  out=  6  lat= 0.8s  ans=1460
  42022047NOPV_PCO_08032022_(21-199242).pdf                in= 3471  out=  5  lat= 0.7s  ans=180
  42022061NOPV_PCO_10312022_(22-233712).pdf                in= 3188  out=  5  lat= 0.8s  ans=30
  42022062NOPV_PCO_12142022_(22-234365).pdf                in= 4738  out=  5  lat= 1.0s  ans=180
  42023006NOPV_PCP PCO_05082023_(21-231718).pdf            in= 2732  out=  5  lat= 0.7s  ans=45
  42023009NOPV_PCO_01132023_(22-232746).pdf                in= 1841  out=  5  lat= 0.9s  ans=90
  42023010NOPV_PCP PCO_06022023_(22-232749).pdf            in= 3207  out=  5  lat= 0.9s  ans=90
  42023016NOPV_PCO_01312023_(21-199998).pdf                in= 2370  out=  5  lat= 1.4s  ans=90
  42023017NOPV_PCO_01312023_(21-199998).pdf                in= 2992  out=  5  lat= 0.7s  ans=90
  42023031NOPV_PCO_04202023_(22-242818).pdf                in= 2428  out=  5  lat= 0.9s  ans=30
  42023033NOPV_PCO_04212023_(22-249322).pdf                in= 3912  out=  5  lat= 0.8s  ans=60
  42023039NOPV_PCO_05112023_(22-234780).pdf                in= 1947  out=  5  lat= 0.7s  ans=90
  42023042NOPV_PCO_05232023_(22-235632).pdf                in= 2040  out=  5  lat= 0.7s  ans=90
  42023044NOPV_PCO_05042023_(22-234487).pdf                in= 2741  out=  5  lat= 0.9s  ans=60
  42023045NOPV_PCO_05112023_(22-232770).pdf                in= 2325  out=  5  lat= 0.8s  ans=90
  42023047NOPV_PCO_10182023_(22-241127).pdf                in= 2589  out=  5  lat= 0.8s  ans=90
  42023052NOPV_PCO_10162023_(22-235649).pdf                in= 3539  out=  5  lat= 0.9s  ans=90
  42023053NOPV_PCO_06132023_(21-227138).pdf                in= 1573  out=  5  lat= 0.7s  ans=60
  42023057NOPV_PCO_11162023_(21-209415).pdf                in= 2408  out=  5  lat= 0.8s  ans=90
  42024014NOPV_PCO_01302024_(21-217155).pdf                in= 1924  out=  5  lat= 0.6s  ans=90
  42024015NOPV_PCP PCO_03252024_(22-232769).pdf            in= 4038  out=  5  lat= 1.0s  ans=90
  42024020NOPV_PCP PCO_11192024_(21-207841).pdf            in= 2907  out=  5  lat= 0.7s  ans=30
  42024022NOPV_PCO_03202024_(23-264818).pdf                in= 2281  out=  5  lat= 0.7s  ans=60
  42024024NOPV_PCO_05022024_(23-264209).pdf                in= 3169  out=  5  lat= 0.7s  ans=180
  42024027NOPV_PCO_05312024_(23-266081).pdf                in= 3455  out=  5  lat= 0.8s  ans=60
  42024034NOPV_PCO_08272024_(24-299840).pdf                in= 2820  out=  5  lat= 1.2s  ans=30
  42024036NOPV_PCO_10222024_(23-264819).pdf                in= 4812  out=  5  lat= 0.7s  ans=120
  42024037NOPV_PCP PCO_10042024_(23-267490).pdf            in= 5444  out=  5  lat= 1.0s  ans=120
  42024042NOPV_PCO_08292024_(23-267234).pdf                in= 2063  out=  5  lat= 1.2s  ans=60
  42024045NOPV_PCO_10212024_(23-266145).pdf                in= 2740  out=  5  lat= 0.7s  ans=30
  42024046NOPV_PCO_08292024_(23-267231).pdf                in= 3169  out=  5  lat= 1.7s  ans=240
  42024047NOPV_PCO_10222024_(23-267237).pdf                in= 1987  out=  5  lat= 0.7s  ans=180
  42024048NOPV_PCO_10222024_(23-264726).pdf                in= 2881  out=  5  lat= 0.8s  ans=60
  42024052NOPV_PCO_10302024_(24-297498).pdf                in= 2338  out=  5  lat= 0.7s  ans=60
  42025002NOPV_PCO_05152025_(24-296561).pdf                in= 2835  out=  5  lat= 0.7s  ans=60
  42025007NOPV_PCO_10012025_(24-301886).pdf                in= 2637  out=  5  lat= 1.1s  ans=270
  42025012NOPV_PCP PCO_12312025_(23-292329).pdf            in=13011  out=  5  lat= 1.3s  ans=90
  42025021NOPV_PCO_01082025_(23-266712).pdf                in= 2438  out=  5  lat= 0.7s  ans=90
  42025029NOPV_PCO_05082025_(24-296566).pdf                in= 2279  out=  5  lat= 0.7s  ans=60
  42025031NOPV_PCO_12222025_(24-296702).pdf                in= 3355  out=  5  lat= 0.7s  ans=90
  42025034NOPV_PCO_12222025_(24-296704).pdf                in= 3056  out=  5  lat= 0.7s  ans=60
  42025035NOPV_PCP PCO_12232025_(24-305809).pdf            in= 2923  out=  5  lat= 0.7s  ans=60
  42025039NOPV_PCO_07032025_(24-298760).pdf                in= 2346  out=  5  lat= 0.7s  ans=45
  42025040NOPV_PCO_08282025_(24-308458).pdf                in= 2676  out=  5  lat= 0.9s  ans=45
  42025043NOPV_PCO_11252025_(24-296703).pdf                in= 3468  out=  5  lat= 1.2s  ans=180
  42025047NOPV_PCO_08202025_(24-296558).pdf                in= 2235  out=  5  lat= 0.8s  ans=90
  42025049NOPV_PCO_07102025_(24-296979).pdf                in= 2175  out=  5  lat= 0.9s  ans=60
  42025056NOPV_PCP PCO_08292025_(24-296556).pdf            in= 4574  out=  5  lat= 1.0s  ans=60
  42025060NOPV_PCO_11042025_(24-296536).pdf                in= 2440  out=  5  lat= 1.0s  ans=90
  42026004NOPV_PCO_02112026_(25-329817).pdf                in= 2000  out=  5  lat= 0.7s  ans=30
  42026012NOPV_PCP PCO_02122026_(23-266706).pdf            in= 2817  out=  5  lat= 1.0s  ans=90
  42026013NOPV_PCP PCO_02182026_(23-266740).pdf            in= 4104  out=  5  lat= 0.7s  ans=60
  42026023NOPV_PCO_02122026_(25-329815).pdf                in= 2515  out=  5  lat= 0.8s  ans=120
  52021031NOPV_PCP PCO_08112021_(21-208158).pdf            in= 5381  out=  5  lat= 0.7s  ans=90
  52021037NOPV_PCO_09172021_(21-201448).pdf                in= 2411  out=  5  lat= 0.9s  ans=180
  52021051NOPV_PCO_10152021_(20-173120).pdf                in= 2116  out=  5  lat= 0.6s  ans=180
  52021057NOPV_PCO_12202021_(21-199974).pdf                in= 1923  out=  5  lat= 0.9s  ans=180
  52022002NOPV_PCO_03302022_(21-199723).pdf                in= 3237  out=  5  lat= 0.7s  ans=45
  52022006NOPV_PCO_09072022_(21-213178).pdf                in= 3701  out=  5  lat= 0.9s  ans=365
  52022008NOPV_PCO_07182022_(20-191036).pdf                in= 4415  out=  5  lat= 0.9s  ans=270
  52022019NOPV_PCO_03072022_(21-201443).pdf                in= 2277  out=  5  lat= 0.7s  ans=30
  52022021NOPV_PCO_06152022_(21-201441).pdf                in= 2427  out=  5  lat= 0.9s  ans=180
  52022023NOPV_PCO_04272022_(21-218958).pdf                in= 3420  out=  5  lat= 0.7s  ans=90
  52022024NOPV_PCO_04272022_(21-218959).pdf                in= 2770  out=  5  lat= 0.8s  ans=180
  52022028NOPV_PCO_09072022_(21-201439).pdf                in= 3298  out=  5  lat= 0.8s  ans=60
  52022037NOPV_PCP PCO_04272022_(22-236002).pdf            in= 2881  out=  5  lat= 0.9s  ans=90
  52022038NOPV_PCO_04122022_(21-219857).pdf                in= 2188  out=  5  lat= 0.9s  ans=90
  52022041NOPV_PCO_05092022_(21-219864).pdf                in= 2866  out=  5  lat= 0.9s  ans=365
  52022042NOPV_PCO_05132022_(21-214526).pdf                in= 2130  out=  5  lat= 0.7s  ans=90
  52022050NOPV_PCO_12192022_(22-232643).pdf                in= 2909  out=  5  lat= 0.9s  ans=90
  52022052NOPV_PCO_12012022_(22-232653).pdf                in= 2004  out=  5  lat= 0.6s  ans=90
  52023003NOPV_PCP PCO_04112023_(22-236099).pdf            in= 2305  out=  5  lat= 0.9s  ans=60
  52023009NOPV_PCP PCO_03012023_(21-217219).pdf            in= 5167  out=  5  lat= 0.7s  ans=270
  52023011NOPV_PCP PCO_04062023_(21-225379).pdf            in=13845  out=  5  lat= 0.7s  ans=90
  52023012NOPV_PCO_03012023_(22-251101).pdf                in= 4283  out=  5  lat= 0.9s  ans=365
  52023016NOPV_PCO_03242023_(21-207466).pdf                in= 3685  out=  5  lat= 0.7s  ans=365
  52023019NOPV_PCP PCO_12272023_(22-236528).pdf            in= 8236  out=  5  lat= 1.2s  ans=270
  52023021NOPV_PCO_02062023_(22-239515).pdf                in= 2180  out=  5  lat= 0.8s  ans=180
  52023025NOPV_PCP PCO_04062023_(21-200502).pdf            in= 3558  out=  5  lat= 0.9s  ans=360
  52023027NOPV_PCO_01192023_(22-232634).pdf                in= 2125  out=  5  lat= 0.8s  ans=90
  52023029NOPV_PCP PCO_06222023_(22-251181).pdf            in= 7947  out=  5  lat= 0.9s  ans=30
  52023030NOPV_PCO_04172023_(21-200923).pdf                in= 1534  out=  5  lat= 0.6s  ans=90
  52023031NOPV_PCP PCO_10112023_(22-232626).pdf            in= 5724  out=  5  lat= 0.7s  ans=180
  52023033NOPV_PCO_07192023_(22-239213).pdf                in= 2852  out=  5  lat= 0.7s  ans=120
  52023035NOPV_PCO_10252023_(22-239214).pdf                in= 2753  out=  5  lat= 0.7s  ans=60
  52023037NOPV_PCP PCO_09182023_(22-232625).pdf            in= 4695  out=  5  lat= 0.6s  ans=90
  52023039NOPV_PCO_11022023_(22-254201).pdf                in= 5126  out=  5  lat= 0.8s  ans=270
  52023040NOPV_PCO_07262023_(23-264043).pdf                in= 2012  out=  5  lat= 0.8s  ans=90
  52023042NOPV_PCO_12262023_(22-232644).pdf                in= 2943  out=  5  lat= 0.7s  ans=120
  52023043NOPV_PCO_10252023_(22-239216).pdf                in= 3443  out=  5  lat= 1.4s  ans=60
  52023046NOPV_PCP PCO_12272023_(22-257275).pdf            in=12838  out=  5  lat= 0.8s  ans=365
  52023048NOPV_PCO_11022023_(22-239215).pdf                in= 2751  out=  5  lat= 0.9s  ans=60
  52023052NOPV_PCO_10272023_(22-246104).pdf                in= 1890  out=  5  lat= 0.7s  ans=60
  52023054NOPV_PCO_08212023_(23-264167).pdf                in= 3620  out=  5  lat= 1.2s  ans=180
  52024001NOPV_PCO_12122024_(24-297227).pdf                in= 2891  out=  5  lat= 0.8s  ans=0
  52024002NOPV_PCP PCO_01292024_22-258385.pdf              in= 4080  out=  5  lat= 0.7s  ans=90
  52024003NOPV_PCP PCO_05222024_(22-232568).pdf            in= 4093  out=  5  lat= 0.8s  ans=90
  52024009NOPV_PCO_ 03042024_(22-239217).pdf               in= 2159  out=  5  lat= 0.9s  ans=60
  52024010NOPV_PCO_01102024_(23-264168).pdf                in= 2808  out=  5  lat= 0.8s  ans=180
  52024011NOPV_PCO_02232024_(23-264348).pdf                in= 3943  out=  5  lat= 0.7s  ans=90
  52024015NOPV_PCO_04152024_(23-264582).pdf                in= 6326  out=  5  lat= 1.4s  ans=365
  52024016NOPV_PCO_05232024_(23-264378).pdf                in= 6444  out=  5  lat= 1.1s  ans=180
  52024023NOPV_PCP PCO_08232024_(23-264166).pdf            in= 3558  out=  5  lat= 0.7s  ans=60
  52024026NOPV_PCO_12102024_(23-265653).pdf                in= 6362  out=  5  lat= 0.8s  ans=180
  52024039NOPV_PCO_12062024_(24-297378).pdf                in= 1979  out=  5  lat= 0.7s  ans=90
  52024040NOPV_PCO_11182024_(24-297214).pdf                in= 2984  out=  5  lat= 0.8s  ans=60
  52024041NOPV_PCO_12182024_(24-295915).pdf                in= 3217  out=  5  lat= 0.9s  ans=180
  52025006NOPV_PCP PCO_07302025_(24-296481).pdf            in= 2613  out=  5  lat= 0.8s  ans=90
  52025010NOPV_PCO_04252025_(24-298502).pdf                in= 6846  out=  5  lat= 0.7s  ans=365
  52025011NOPV_PCO_05022025_(24-305759).pdf                in= 2893  out=  5  lat= 0.7s  ans=90
  52025014NOPV_PCO_05022025_(24-297328).pdf                in= 3088  out=  5  lat= 0.6s  ans=90
  52025023NOPV_PCP PCO_10022025_(25-329886).pdf            in= 5558  out=  5  lat= 1.1s  ans=0
  52025026NOPV_PCO_07292025_(24-297246).pdf                in= 2295  out=  5  lat= 0.8s  ans=60
  52025028NOPV_PCP PCO_11172025_(24-298503).pdf            in= 3634  out=  5  lat= 0.6s  ans=90
  52025033NOPV_PCO_11212025_(24-297332).pdf                in= 3359  out=  5  lat= 0.8s  ans=365
  52025039NOPV_PCO_12082025_(24-296470).pdf                in= 3976  out=  5  lat= 1.5s  ans=90
  52026002NOPV_PCO_01222026_(25-331927).pdf                in= 5938  out=  5  lat= 0.8s  ans=90

=== Who signed this Notice on behalf of PHMSA (Regional Director or Director of the  ===
  SKIP (too short): 12021057NOPV_PCO_10072021_(20-172138).pdf
  SKIP (too short): 12021065NOPV_NOPV_PCO_12102021_(20-172057).pdf
  12022023NOPV_PCO_03312022_(20-194651).pdf                in= 3179  out=  7  lat= 0.9s  ans="Robert Burrough"
  SKIP (too short): 12023022NOPV_PCO_04132023_(22-234207).pdf
  SKIP (too short): 12023028NOPV_PCO_05252023_(22-232998).pdf
  12023047NOPV_PCO_12042023_(22-233293).pdf                in= 4210  out=  7  lat= 0.9s  ans="Robert Burrough"
  SKIP (too short): 12023050NOPV_PCO_09052023_(22-233356).pdf
  SKIP (too short): 12024001NOPV_PCO_03212024_(22-233343).pdf
  SKIP (too short): 12024003NOPV_PCP PCO_03282024_(23-266431).pdf
  SKIP (too short): 12024004NOPV_PCO_02152024_(22-233363).pdf
  12024018NOPV_PCO_08262024_(23-263980).pdf                in= 2271  out=  7  lat= 0.9s  ans="Robert Burrough"
  12024039NOPV_PCO_11062024_(23-276594).pdf                in= 6294  out=  7  lat= 0.8s  ans="Robert Burrough"
  12024051NOPV_PCO_07052024_(24-297439).pdf                in= 2352  out=  7  lat= 1.0s  ans="Robert Burrough"
  12025001NOPV_PCO_05302025_(23-265078).pdf                in= 5650  out=  7  lat= 0.9s  ans="Robert Burrough"
  12025006NOPV_PCO_05082025_(23-272518).pdf                in= 2239  out=  7  lat= 0.7s  ans="Robert Burrough"
  12026002NOPV_PCO_01232026_(24-295891).pdf                in= 2184  out=  7  lat= 0.6s  ans="Robert Burrough"
  12026003NOPV_PCO_02132026_(24-309719).pdf                in= 4129  out=  7  lat= 0.8s  ans="Robert Burrough"
  12026012NOPV_PCO_02062026_(25-329693).pdf                in= 2776  out=  7  lat= 0.8s  ans="Robert Burrough"
  12026015NOPV_PCO_02122026_(24-296051).pdf                in= 4151  out=  7  lat= 0.9s  ans="Robert Burrough"
  12026022NOPV_PCO_02242026_(25-330072).pdf                in= 2340  out=  7  lat= 0.6s  ans="Robert Burrough"
  12026032NOPV_PCO_02132026_ (25-330095).pdf               in= 2264  out=  7  lat= 0.9s  ans="Robert Burrough"
  22023002NOPV_PCO_07282023_(21-202409).pdf                in= 2175  out=  9  lat= 0.7s  ans="James A. Urisko"
  22023011NOPV_PCO_07282023_(21-202560).pdf                in= 5846  out=  9  lat= 1.7s  ans="James A. Urisko"
  22023013NOPV_PCP PCO_11162023_(21-224433).pdf            in= 9094  out=  9  lat= 1.0s  ans="James A. Urisko"
  22024001NOPV_PCP PCO_06272024_(24-304023).pdf            in= 4827  out=  9  lat= 0.9s  ans="James A. Urisko"
  22024011NOPV_PCP PCO (AMENDED)_07092024_(22-235530).pdf  in= 5090  out=  9  lat= 1.1s  ans="James A. Urisko"
  32021028NOPV_PCP PCO_11022021_(20-172212).pdf            in= 2594  out= 10  lat= 0.8s  ans="Gregory A. Ochs"
  32021043NOPV_PCP PCO_12072021_(20-179274).pdf            in= 7612  out= 10  lat= 1.1s  ans="Gregory A. Ochs"
  32021045NOPV_PCP PCO_11052021_(20-172259).pdf            in= 2643  out= 10  lat= 0.8s  ans="Gregory A. Ochs"
  32021046NOPV_PCP PCO_11232021_(20-172259).pdf            in= 5943  out= 10  lat= 1.0s  ans="Gregory A. Ochs"
  32021051NOPV_PCP PCO_11102021_(21-200403).pdf            in= 5682  out= 10  lat= 0.8s  ans="Gregory A. Ochs"
  32021059NOPV_PCP PCO_12302021_(21-200404).pdf            in= 5310  out= 10  lat= 1.0s  ans="Gregory A. Ochs"
  32021070NOPV_PCP PCO_12302021_(21-199716).pdf            in= 3156  out= 20  lat= 1.4s  ans="Gregory A. Ochs, Director, Central Region, Office of P
  32021073NOPV_PCP PCO_12222021_(20-173072).pdf            in= 3056  out= 10  lat= 1.0s  ans="Gregory A. Ochs"
  32021080NOPV_PCP PCO_12222021_(21-199715).pdf            in= 3401  out= 10  lat= 0.9s  ans="Gregory A. Ochs"
  32021082NOPV_PCO_12012021_(20-172259).pdf                in= 2133  out= 10  lat= 0.7s  ans="Gregory A. Ochs"
  32021087NOPV_PCP PCO_12132021_(21-210505).pdf            in= 2349  out= 10  lat= 1.0s  ans="Gregory A. Ochs"
  32021088NOPV_PCO_11302021_(21-210503).pdf                in= 1792  out= 10  lat= 0.9s  ans="Gregory A. Ochs"
  32021089NOPV_PCP PCO_11302021_(21-210502).pdf            in= 2602  out= 10  lat= 0.8s  ans="Gregory A. Ochs"
  32022001NOPV_PCP PCO_08082022_(21-208610).pdf            in= 2026  out= 10  lat= 0.7s  ans="Gregory A. Ochs"
  32022006NOPV_PCP PCO_04182022_(21-200783).pdf            in= 3676  out= 10  lat= 0.9s  ans="Gregory A. Ochs"
  32022016NOPV_PCO_01072022_(20-187013).pdf                in= 2197  out= 10  lat= 0.7s  ans="Gregory A. Ochs"
  32022017NOPV_PCP PCO_01112022_(21-210504).pdf            in= 4546  out= 10  lat= 0.8s  ans="Gregory A. Ochs"
  32022018NOPV_PCP PCO_01192022_(21-210993).pdf            in= 4979  out= 10  lat= 0.9s  ans="Gregory A. Ochs"
  32022024NOPV_PCO_03252022_(20-179518).pdf                in= 1702  out= 10  lat= 0.7s  ans="Gregory A. Ochs"
  32022025NOPV_PCP PCO_10142022_(20-182827).pdf            in= 2318  out= 10  lat= 0.7s  ans="Gregory A. Ochs"
  32022026NOPV_PCP PCO_05052022_(20-173062).pdf            in= 7730  out= 10  lat= 0.8s  ans="Gregory A. Ochs"
  32022033NOPV_PCP PCO_03172022_(21-203212).pdf            in= 2819  out= 10  lat= 1.0s  ans="Gregory A. Ochs"
  32022037NOPV_PCP PCO_03012022_(21-201004).pdf            in= 2998  out= 10  lat= 1.3s  ans="Gregory A. Ochs"
  32022040NOPV_PCO_02172022_(20-179276).pdf                in= 2907  out= 10  lat= 1.0s  ans="Gregory A. Ochs"
  32022045NOPV_PCP PCO_04282022_(21-201001).pdf            in= 3033  out= 10  lat= 0.7s  ans="Gregory A. Ochs"
  32022047NOPV_PCP PCO_05122022_(21-201425).pdf            in= 4629  out= 10  lat= 0.8s  ans="Gregory A. Ochs"
  32022052NOPV_PCP PCO_11102022_(21-207738).pdf            in= 4314  out= 10  lat= 1.7s  ans="Gregory A. Ochs"
  32022053NOPV_PCP PCO_08222022_(21-210151).pdf            in= 4067  out= 10  lat= 0.8s  ans="Gregory A. Ochs"
  32022055NOPV_PCO_11082022_(21-209703).pdf                in= 1801  out= 10  lat= 0.7s  ans="Gregory A. Ochs"
  32022056NOPV_PCP PCO_11082022_(21-209703).pdf            in= 3403  out= 10  lat= 1.0s  ans="Gregory A. Ochs"
  32022058NOPV_PCP PCO (AMENDED)_09142022_(22-242811).pdf  in= 4852  out= 10  lat= 1.2s  ans="Gregory A. Ochs"
  32022061NOPV_PCP PCO_12222022_(21-201318).pdf            in= 3633  out= 10  lat= 0.8s  ans="Gregory A. Ochs"
  32022062NOPV_PCO_09142022_(21-202559).pdf                in= 2090  out= 10  lat= 0.7s  ans="Gregory A. Ochs"
  32022069NOPV_PCO_11292022_(22-233904).pdf                in=  473  out= 15  lat= 1.0s  ans="Gregory A. Ochs, Director, Central Region"
  32023002NOPV_PCP PCO_01182023_(21-202836).pdf            in= 2626  out= 10  lat= 1.0s  ans="Gregory A. Ochs"
  32023005NOPV_PCP PCO_01252023_(22-261675).pdf            in= 3965  out= 10  lat= 0.7s  ans="Gregory A. Ochs"
  32023006NOPV_PCP PCO_05042023_(22-235672).pdf            in= 2371  out= 10  lat= 0.7s  ans="Gregory A. Ochs"
  32023008NOPV_PCP PCO_06022023_(21-207275).pdf            in= 3719  out= 10  lat= 0.7s  ans="Gregory A. Ochs"
  32023011NOPV_PCP PCO_09122023_(22-233376).pdf            in= 2308  out= 13  lat= 0.8s  ans="Gregory Ochs, Director, Central Region"
  32023014NOPV_PCP PCO_07272023_(22-250434).pdf            in= 4469  out= 10  lat= 1.1s  ans="Gregory A. Ochs"
  32023016NOPV_PCP PCO_09082023_(22-238055).pdf            in= 5160  out= 10  lat= 0.9s  ans="Gregory A. Ochs"
  32023020NOPV_PCP PCO_08112023_(22-237273).pdf            in= 3492  out= 10  lat= 0.8s  ans="Gregory A. Ochs"
  32023021NOPV_PCP PCO_09182023_(22-245404).pdf            in= 4113  out= 10  lat= 1.0s  ans="Gregory A. Ochs"
  32023022NOPV_PCP PCO_08242023_(22-234357).pdf            in= 4094  out= 10  lat= 1.1s  ans="Gregory A. Ochs"
  32023026NOPV_PCP PCO_09082023_(22-240208).pdf            in= 6060  out= 10  lat= 0.9s  ans="Gregory A. Ochs"
  32023033NOPV_PCO_11272023_(22-234926).pdf                in= 2118  out= 10  lat= 0.9s  ans="Gregory A. Ochs"
  32024001NOPV_PCO_12192024_(24-297350).pdf                in= 1471  out=  8  lat= 0.8s  ans="Gregory Ochs"
  32024004NOPV_PCP PCO_03012024_(22-240209).pdf            in= 7056  out= 10  lat= 0.9s  ans="Gregory A. Ochs"
  32024007NOPV_PCO_01182024_(22-234928).pdf                in= 2616  out= 10  lat= 0.9s  ans="Gregory A. Ochs"
  32024008NOPV_PCP PCO_10252024_(22-237074).pdf            in= 5285  out= 10  lat= 1.0s  ans="Gregory A. Ochs"
  32024011NOPV_PCO_02062024_(23-264235).pdf                in= 2478  out= 10  lat= 0.8s  ans="Gregory A. Ochs"
  32024012NOPV_PCP PCO_02062024_(23-264235).pdf            in= 3509  out= 10  lat= 0.8s  ans="Gregory A. Ochs"
  32024016NOPV_PCO_02132024_(23-264316).pdf                in= 1388  out= 10  lat= 0.6s  ans="Gregory A. Ochs"
  32024019NOPV_PCO_03042024_(22-233359).pdf                in= 1302  out= 10  lat= 0.8s  ans="Gregory A. Ochs"
  32024020NOPV_PCP PCO_06132024_(21-199489).pdf            in= 7675  out= 10  lat= 0.8s  ans="Gregory A. Ochs"
  32024022NOPV_PCP PCO_05082024_(23-268060).pdf            in= 3992  out= 10  lat= 0.8s  ans="Gregory A. Ochs"
  32024028NOPV_PCO_12302024_(22-235481).pdf                in= 2809  out= 10  lat= 0.9s  ans="Gregory A. Ochs"
  32024030NOPV_PCO_06032024_(23-264637).pdf                in= 2489  out= 10  lat= 0.9s  ans="Gregory A. Ochs"
  32024035NOPV_PCO_04152024_(23-270170).pdf                in= 2186  out= 10  lat= 0.8s  ans="Gregory A. Ochs"
  32024036NOPV_PCP PCO_06282024_(23-264742).pdf            in= 3298  out=  6  lat= 0.8s  ans="NOT FOUND"
  32024038NOPV_PCP PCO_05312024_(22-233382).pdf            in= 3693  out= 10  lat= 0.7s  ans="Gregory A. Ochs"
  32024040NOPV_PCP PCO_09062024_(23-264452).pdf            in= 5194  out= 10  lat= 0.8s  ans="Gregory A. Ochs"
  32024042NOPV_PCO_06032024_(23-264638).pdf                in= 2086  out= 10  lat= 0.8s  ans="Gregory A. Ochs"
  32024044NOPV_PCP PCO_04182024_(23-265891).pdf            in= 3101  out= 10  lat= 0.8s  ans="Gregory A. Ochs"
  32024045NOPV_PCP PCO_05102024_(23-264643).pdf            in= 4120  out= 10  lat= 0.8s  ans="Gregory A. Ochs"
  32024049NOPV_PCP PCO_07022024_(23-264476).pdf            in= 3093  out= 10  lat= 0.9s  ans="Gregory A. Ochs"
  32024050NOPV_PCP PCO_08282024_(23-264059).pdf            in= 3240  out= 10  lat= 0.8s  ans="Gregory A. Ochs"
  32024052NOPV_PCP PCO_07032024_(24-305436).pdf            in= 3086  out= 10  lat= 0.8s  ans="Gregory A. Ochs"
  32024053NOPV_PCO_12122024_(22-233381).pdf                in= 2309  out= 10  lat= 0.8s  ans="Gregory A. Ochs"
  32024054NOPV_PCO_08232024_(23-264382).pdf                in= 2121  out= 10  lat= 0.8s  ans="Gregory A. Ochs"
  32024056NOPV_PCP PCO_10252024_(23-264602).pdf            in= 4498  out= 10  lat= 0.9s  ans="Gregory A. Ochs"
  32024058NOPV_PCO_12042024_(23-264827).pdf                in= 2171  out= 10  lat= 0.8s  ans="Gregory A. Ochs"
  32024062NOPV_PCP PCO_11212024_(23-266139).pdf            in= 1898  out= 10  lat= 0.9s  ans="Gregory A. Ochs"
  32024066NOPV_PCP PCO_08222024_(23-282184).pdf            in= 2788  out= 10  lat= 0.9s  ans="Gregory A. Ochs"
  32024069NOPV_PCP PCO_11142024_(23-264601).pdf            in= 2776  out= 10  lat= 0.7s  ans="Gregory A. Ochs"
  32024071NOPV_PCP PCO_11142024_(23-264063).pdf            in= 2676  out= 10  lat= 0.9s  ans="Gregory A. Ochs"
  32025003NOPV_PCP PCO_01162025_(23-264381).pdf            in= 4013  out= 10  lat= 1.1s  ans="Gregory A. Ochs"
  32025004NOPV_PCO_05052025_(23-264480).pdf                in= 3479  out= 10  lat= 0.9s  ans="Gregory A. Ochs"
  32025006NOPV_PCP PCO_08182025_(23-264820).pdf            in= 4042  out=  6  lat= 1.1s  ans="David Barrett"
  32025007NOPV_PCP PCO_06252025_(23-264832).pdf            in= 6329  out=  6  lat= 1.0s  ans="David Barrett"
  32025008NOPV_PCP PCO_06162025_(23-264835).pdf            in= 3705  out=  6  lat= 1.1s  ans="David Barrett"
  32025022NOPV_PCO_07182025_(24-297198).pdf                in= 5624  out=  6  lat= 0.8s  ans="David Barrett"
  32025024NOPV_PCO_11062025_(24-297583).pdf                in= 4765  out=  6  lat= 1.0s  ans="David Barrett"
  32025027NOPV_PCO_07012025_(24-299195).pdf                in= 2544  out=  6  lat= 0.7s  ans="David Barrett"
  32025029NOPV_PCO_08152025_(24-297350).pdf                in= 3464  out=  6  lat= 0.8s  ans="David Barrett"
  32026004NOPV_PCO_02032026_(25-330822).pdf                in= 3017  out=  6  lat= 0.7s  ans="David Barrett"
  42021001NOPV_PCO_10042021_(20-172501).pdf                in= 3625  out= 13  lat= 1.1s  ans="Mary L. McDaniel, P.E."
  42021008NOPV_PCO_11152021_(20-172587).pdf                in= 2751  out= 12  lat= 0.9s  ans="Mary L. McDaniel P.E."
  42021010NOPV_PCO_10272021_(20-172682).pdf                in= 3090  out= 13  lat= 1.0s  ans="Mary L. McDaniel, P.E."
  42021011NOPV_PCO_11022021_(20-172601).pdf                in= 4142  out= 13  lat= 0.8s  ans="Mary L. McDaniel, P.E."
  42021022NOPV_PCO_09232021_(20-186120).pdf                in= 2085  out= 13  lat= 1.0s  ans="Mary L. McDaniel, P.E."
  42021027NOPV_PCO_08182021_(20-172515).pdf                in= 2997  out= 13  lat= 0.9s  ans="Mary L. McDaniel, P.E."
  42021033NOPV_PCO_09232021_(21-220612).pdf                in= 1651  out= 13  lat= 0.7s  ans="Mary L. McDaniel, P.E."
  42021034NOPV_PCP PCO_12212021_(20-183709).pdf            in= 3581  out= 13  lat= 0.8s  ans="Mary L. McDaniel, P.E."
  42021039NOPV_PCO_11232021_(20-178576).pdf                in= 2555  out= 13  lat= 0.7s  ans="Mary L. McDaniel, P.E."
  42021047NOPV_PCO_10212021_(21-202129).pdf                in= 2666  out= 13  lat= 1.0s  ans="Mary L. McDaniel, P.E."
  42021057NOPV_PCO_11012021_(21-200343).pdf                in= 2817  out= 13  lat= 0.8s  ans="Mary L. McDaniel, P.E."
  42022001NOPV_PCO_08042022_(21-210603).pdf                in= 1729  out= 13  lat= 0.8s  ans="Mary L. McDaniel, P.E."
  42022007NOPV_PCP PCO_02112022_(21-230161).pdf            in= 3866  out= 13  lat= 0.9s  ans="Mary L. McDaniel, P.E."
  42022009NOPV_PCP PCO_01212022_(21-199753).pdf            in= 3443  out= 13  lat= 1.0s  ans="Mary L. McDaniel, P.E."
  42022015NOPV_PCO_02232021_(21-500287).pdf                in= 2423  out= 13  lat= 0.8s  ans="Mary L. McDaniel, P.E."
  42022018NOPV_PCO_02142022_(21-207285).pdf                in= 2743  out= 13  lat= 1.1s  ans="Mary L. McDaniel, P.E."
  42022025NOPV_PCO_02102022_(21-209144).pdf                in= 2634  out= 13  lat= 0.8s  ans="Mary L. McDaniel, P.E."
  42022026NOPV_PCO_01262022_(21-209158).pdf                in= 3977  out= 13  lat= 0.9s  ans="Mary L. McDaniel, P.E."
  42022028NOPV_PCO_04082022_(21-199241).pdf                in= 2466  out= 13  lat= 0.9s  ans="Mary L. McDaniel, P.E."
  42022039NOPV_PCP PCO_06172022_(21-203269).pdf            in= 2623  out= 13  lat= 0.9s  ans="Mary L. McDaniel, P.E."
  42022041NOPV_PCO_08052022_(21-199244).pdf                in= 3396  out= 13  lat= 0.7s  ans="Mary L. McDaniel, P.E."
  42022046NOPV_PCO_08052022_(22-250946).pdf                in= 2767  out= 13  lat= 0.9s  ans="Mary L. McDaniel, P.E."
  42022047NOPV_PCO_08032022_(21-199242).pdf                in= 3456  out= 13  lat= 0.9s  ans="Mary L. McDaniel, P.E."
  42022061NOPV_PCO_10312022_(22-233712).pdf                in= 3173  out=  9  lat= 0.8s  ans="Bryan Lethcoe"
  42022062NOPV_PCO_12142022_(22-234365).pdf                in= 4723  out=  9  lat= 0.9s  ans="Bryan Lethcoe"
  42023006NOPV_PCP PCO_05082023_(21-231718).pdf            in= 2717  out=  9  lat= 0.9s  ans="Bryan Lethcoe"
  42023009NOPV_PCO_01132023_(22-232746).pdf                in= 1826  out=  9  lat= 1.0s  ans="Bryan Lethcoe"
  42023010NOPV_PCP PCO_06022023_(22-232749).pdf            in= 3192  out=  9  lat= 0.7s  ans="Bryan Lethcoe"
  42023016NOPV_PCO_01312023_(21-199998).pdf                in= 2355  out=  9  lat= 1.2s  ans="Bryan Lethcoe"
  42023017NOPV_PCO_01312023_(21-199998).pdf                in= 2977  out=  9  lat= 0.9s  ans="Bryan Lethcoe"
  42023031NOPV_PCO_04202023_(22-242818).pdf                in= 2413  out=  9  lat= 0.9s  ans="Bryan Lethcoe"
  42023033NOPV_PCO_04212023_(22-249322).pdf                in= 3897  out=  9  lat= 1.2s  ans="Bryan Lethcoe"
  42023039NOPV_PCO_05112023_(22-234780).pdf                in= 1932  out=  9  lat= 1.3s  ans="Bryan Lethcoe"
  42023042NOPV_PCO_05232023_(22-235632).pdf                in= 2025  out=  9  lat= 0.9s  ans="Bryan Lethcoe"
  42023044NOPV_PCO_05042023_(22-234487).pdf                in= 2726  out=  9  lat= 1.1s  ans="Bryan Lethcoe"
  42023045NOPV_PCO_05112023_(22-232770).pdf                in= 2310  out=  9  lat= 0.9s  ans="Bryan Lethcoe"
  42023047NOPV_PCO_10182023_(22-241127).pdf                in= 2574  out=  9  lat= 0.8s  ans="Bryan Lethcoe"
  42023052NOPV_PCO_10162023_(22-235649).pdf                in= 3524  out=  9  lat= 0.9s  ans="Bryan Lethcoe"
  42023053NOPV_PCO_06132023_(21-227138).pdf                in= 1558  out=  9  lat= 0.7s  ans="Bryan Lethcoe"
  42023057NOPV_PCO_11162023_(21-209415).pdf                in= 2393  out=  9  lat= 0.6s  ans="Bryan Lethcoe"
  42024014NOPV_PCO_01302024_(21-217155).pdf                in= 1909  out=  9  lat= 0.8s  ans="Bryan Lethcoe"
  42024015NOPV_PCP PCO_03252024_(22-232769).pdf            in= 4023  out=  9  lat= 0.9s  ans="Bryan Lethcoe"
  42024020NOPV_PCP PCO_11192024_(21-207841).pdf            in= 2892  out=  9  lat= 1.0s  ans="Bryan Lethcoe"
  42024022NOPV_PCO_03202024_(23-264818).pdf                in= 2266  out=  9  lat= 0.8s  ans="Bryan Lethcoe"
  42024024NOPV_PCO_05022024_(23-264209).pdf                in= 3154  out=  9  lat= 1.0s  ans="Bryan Lethcoe"
  42024027NOPV_PCO_05312024_(23-266081).pdf                in= 3440  out=  9  lat= 0.9s  ans="Bryan Lethcoe"
  42024034NOPV_PCO_08272024_(24-299840).pdf                in= 2805  out=  9  lat= 0.7s  ans="Bryan Lethcoe"
  42024036NOPV_PCO_10222024_(23-264819).pdf                in= 4797  out=  9  lat= 0.8s  ans="Bryan Lethcoe"
  42024037NOPV_PCP PCO_10042024_(23-267490).pdf            in= 5429  out=  9  lat= 1.4s  ans="Bryan Lethcoe"
  42024042NOPV_PCO_08292024_(23-267234).pdf                in= 2048  out=  9  lat= 0.8s  ans="Bryan Lethcoe"
  42024045NOPV_PCO_10212024_(23-266145).pdf                in= 2725  out=  9  lat= 1.7s  ans="Bryan Lethcoe"
  42024046NOPV_PCO_08292024_(23-267231).pdf                in= 3154  out=  9  lat= 0.7s  ans="Bryan Lethcoe"
  42024047NOPV_PCO_10222024_(23-267237).pdf                in= 1972  out=  6  lat= 0.8s  ans="NOT FOUND"
  42024048NOPV_PCO_10222024_(23-264726).pdf                in= 2866  out=  9  lat= 1.3s  ans="Bryan Lethcoe"
  42024052NOPV_PCO_10302024_(24-297498).pdf                in= 2323  out=  9  lat= 0.8s  ans="Bryan Lethcoe"
  42025002NOPV_PCO_05152025_(24-296561).pdf                in= 2820  out=  9  lat= 1.5s  ans="Bryan Lethcoe"
  42025007NOPV_PCO_10012025_(24-301886).pdf                in= 2622  out=  9  lat= 0.6s  ans="Bryan Lethcoe"
  42025012NOPV_PCP PCO_12312025_(23-292329).pdf            in=12996  out=  9  lat= 1.0s  ans="Bryan Lethcoe"
  42025021NOPV_PCO_01082025_(23-266712).pdf                in= 2423  out=  9  lat= 0.7s  ans="Bryan Lethcoe"
  42025029NOPV_PCO_05082025_(24-296566).pdf                in= 2264  out=  9  lat= 0.8s  ans="Bryan Lethcoe"
  42025031NOPV_PCO_12222025_(24-296702).pdf                in= 3340  out=  9  lat= 0.9s  ans="Bryan Lethcoe"
  42025034NOPV_PCO_12222025_(24-296704).pdf                in= 3041  out=  9  lat= 0.8s  ans="Bryan Lethcoe"
  42025035NOPV_PCP PCO_12232025_(24-305809).pdf            in= 2908  out=  9  lat= 0.9s  ans="Bryan Lethcoe"
  42025039NOPV_PCO_07032025_(24-298760).pdf                in= 2331  out=  9  lat= 1.1s  ans="Bryan Lethcoe"
  42025040NOPV_PCO_08282025_(24-308458).pdf                in= 2661  out=  9  lat= 0.8s  ans="Bryan Lethcoe"
  42025043NOPV_PCO_11252025_(24-296703).pdf                in= 3453  out=  9  lat= 0.8s  ans="Bryan Lethcoe"
  42025047NOPV_PCO_08202025_(24-296558).pdf                in= 2220  out=  9  lat= 1.6s  ans="Bryan Lethcoe"
  42025049NOPV_PCO_07102025_(24-296979).pdf                in= 2160  out=  9  lat= 0.7s  ans="Bryan Lethcoe"
  42025056NOPV_PCP PCO_08292025_(24-296556).pdf            in= 4559  out=  9  lat= 1.1s  ans="Bryan Lethcoe"
  42025060NOPV_PCO_11042025_(24-296536).pdf                in= 2425  out=  9  lat= 2.5s  ans="Bryan Lethcoe"
  42026004NOPV_PCO_02112026_(25-329817).pdf                in= 1985  out=  9  lat= 0.7s  ans="Bryan Lethcoe"
  42026012NOPV_PCP PCO_02122026_(23-266706).pdf            in= 2802  out=  9  lat= 1.0s  ans="Bryan Lethcoe"
  42026013NOPV_PCP PCO_02182026_(23-266740).pdf            in= 4089  out=  9  lat= 1.2s  ans="Bryan Lethcoe"
  42026023NOPV_PCO_02122026_(25-329815).pdf                in= 2500  out=  9  lat= 0.7s  ans="Bryan Lethcoe"
  52021031NOPV_PCP PCO_08112021_(21-208158).pdf            in= 5366  out=  7  lat= 1.0s  ans="Dustin Hubbard"
  52021037NOPV_PCO_09172021_(21-201448).pdf                in= 2396  out=  7  lat= 0.9s  ans="Dustin Hubbard"
  52021051NOPV_PCO_10152021_(20-173120).pdf                in= 2101  out=  7  lat= 0.7s  ans="Dustin Hubbard"
  52021057NOPV_PCO_12202021_(21-199974).pdf                in= 1908  out=  7  lat= 0.9s  ans="Dustin Hubbard"
  52022002NOPV_PCO_03302022_(21-199723).pdf                in= 3222  out=  7  lat= 1.1s  ans="Dustin Hubbard"
  52022006NOPV_PCO_09072022_(21-213178).pdf                in= 3686  out=  7  lat= 0.8s  ans="Dustin Hubbard"
  52022008NOPV_PCO_07182022_(20-191036).pdf                in= 4400  out=  7  lat= 0.9s  ans="Dustin Hubbard"
  52022019NOPV_PCO_03072022_(21-201443).pdf                in= 2262  out=  7  lat= 0.8s  ans="Dustin Hubbard"
  52022021NOPV_PCO_06152022_(21-201441).pdf                in= 2412  out=  7  lat= 0.8s  ans="Dustin Hubbard"
  52022023NOPV_PCO_04272022_(21-218958).pdf                in= 3405  out=  7  lat= 0.8s  ans="Dustin Hubbard"
  52022024NOPV_PCO_04272022_(21-218959).pdf                in= 2755  out=  7  lat= 0.6s  ans="Dustin Hubbard"
  52022028NOPV_PCO_09072022_(21-201439).pdf                in= 3283  out=  7  lat= 0.8s  ans="Dustin Hubbard"
  52022037NOPV_PCP PCO_04272022_(22-236002).pdf            in= 2866  out=  7  lat= 0.7s  ans="Dustin Hubbard"
  52022038NOPV_PCO_04122022_(21-219857).pdf                in= 2173  out=  7  lat= 0.9s  ans="Dustin Hubbard"
  52022041NOPV_PCO_05092022_(21-219864).pdf                in= 2851  out=  7  lat= 1.0s  ans="Dustin Hubbard"
  52022042NOPV_PCO_05132022_(21-214526).pdf                in= 2115  out=  7  lat= 0.8s  ans="Dustin Hubbard"
  52022050NOPV_PCO_12192022_(22-232643).pdf                in= 2894  out=  7  lat= 0.7s  ans="Dustin Hubbard"
  52022052NOPV_PCO_12012022_(22-232653).pdf                in= 1989  out=  7  lat= 0.7s  ans="Dustin Hubbard"
  52023003NOPV_PCP PCO_04112023_(22-236099).pdf            in= 2290  out=  7  lat= 0.6s  ans="Dustin Hubbard"
  52023009NOPV_PCP PCO_03012023_(21-217219).pdf            in= 5152  out=  7  lat= 0.9s  ans="Dustin Hubbard"
  52023011NOPV_PCP PCO_04062023_(21-225379).pdf            in=13830  out=  7  lat= 1.3s  ans="Dustin Hubbard"
  52023012NOPV_PCO_03012023_(22-251101).pdf                in= 4268  out=  7  lat= 0.8s  ans="Dustin Hubbard"
  52023016NOPV_PCO_03242023_(21-207466).pdf                in= 3670  out=  7  lat= 0.8s  ans="Dustin Hubbard"
  52023019NOPV_PCP PCO_12272023_(22-236528).pdf            in= 8221  out=  7  lat= 1.0s  ans="Dustin Hubbard"
  52023021NOPV_PCO_02062023_(22-239515).pdf                in= 2165  out=  7  lat= 0.7s  ans="Dustin Hubbard"
  52023025NOPV_PCP PCO_04062023_(21-200502).pdf            in= 3543  out=  7  lat= 0.7s  ans="Dustin Hubbard"
  52023027NOPV_PCO_01192023_(22-232634).pdf                in= 2110  out=  7  lat= 0.7s  ans="Dustin Hubbard"
  52023029NOPV_PCP PCO_06222023_(22-251181).pdf            in= 7932  out=  7  lat= 0.8s  ans="Dustin Hubbard"
  52023030NOPV_PCO_04172023_(21-200923).pdf                in= 1519  out=  7  lat= 1.0s  ans="Dustin Hubbard"
  52023031NOPV_PCP PCO_10112023_(22-232626).pdf            in= 5709  out=  7  lat= 0.8s  ans="Dustin Hubbard"
  52023033NOPV_PCO_07192023_(22-239213).pdf                in= 2837  out=  7  lat= 0.7s  ans="Dustin Hubbard"
  52023035NOPV_PCO_10252023_(22-239214).pdf                in= 2738  out=  7  lat= 0.8s  ans="Dustin Hubbard"
  52023037NOPV_PCP PCO_09182023_(22-232625).pdf            in= 4680  out=  7  lat= 0.9s  ans="Dustin Hubbard"
  52023039NOPV_PCO_11022023_(22-254201).pdf                in= 5111  out=  7  lat= 0.9s  ans="Dustin Hubbard"
  52023040NOPV_PCO_07262023_(23-264043).pdf                in= 1997  out=  7  lat= 0.8s  ans="Dustin Hubbard"
  52023042NOPV_PCO_12262023_(22-232644).pdf                in= 2928  out=  7  lat= 0.8s  ans="Dustin Hubbard"
  52023043NOPV_PCO_10252023_(22-239216).pdf                in= 3428  out=  7  lat= 0.8s  ans="Dustin Hubbard"
  52023046NOPV_PCP PCO_12272023_(22-257275).pdf            in=12823  out=  7  lat= 1.0s  ans="Dustin Hubbard"
  52023048NOPV_PCO_11022023_(22-239215).pdf                in= 2736  out=  7  lat= 0.7s  ans="Dustin Hubbard"
  52023052NOPV_PCO_10272023_(22-246104).pdf                in= 1875  out=  7  lat= 0.7s  ans="Dustin Hubbard"
  52023054NOPV_PCO_08212023_(23-264167).pdf                in= 3605  out=  7  lat= 0.8s  ans="Dustin Hubbard"
  52024001NOPV_PCO_12122024_(24-297227).pdf                in= 2876  out=  7  lat= 0.6s  ans="Dustin Hubbard"
  52024002NOPV_PCP PCO_01292024_22-258385.pdf              in= 4065  out=  7  lat= 0.7s  ans="Dustin Hubbard"
  52024003NOPV_PCP PCO_05222024_(22-232568).pdf            in= 4078  out=  7  lat= 0.8s  ans="Dustin Hubbard"
  52024009NOPV_PCO_ 03042024_(22-239217).pdf               in= 2144  out=  7  lat= 0.6s  ans="Dustin Hubbard"
  52024010NOPV_PCO_01102024_(23-264168).pdf                in= 2793  out=  7  lat= 0.9s  ans="Dustin Hubbard"
  52024011NOPV_PCO_02232024_(23-264348).pdf                in= 3928  out=  7  lat= 1.1s  ans="Dustin Hubbard"
  52024015NOPV_PCO_04152024_(23-264582).pdf                in= 6311  out=  7  lat= 1.0s  ans="Dustin Hubbard"
  52024016NOPV_PCO_05232024_(23-264378).pdf                in= 6429  out=  7  lat= 1.0s  ans="Dustin Hubbard"
  52024023NOPV_PCP PCO_08232024_(23-264166).pdf            in= 3543  out=  7  lat= 0.8s  ans="Dustin Hubbard"
  52024026NOPV_PCO_12102024_(23-265653).pdf                in= 6347  out=  7  lat= 1.0s  ans="Dustin Hubbard"
  52024039NOPV_PCO_12062024_(24-297378).pdf                in= 1964  out=  7  lat= 0.8s  ans="Dustin Hubbard"
  52024040NOPV_PCO_11182024_(24-297214).pdf                in= 2969  out=  7  lat= 1.0s  ans="Dustin Hubbard"
  52024041NOPV_PCO_12182024_(24-295915).pdf                in= 3202  out=  7  lat= 0.8s  ans="Dustin Hubbard"
  52025006NOPV_PCP PCO_07302025_(24-296481).pdf            in= 2598  out=  7  lat= 1.3s  ans="Dustin Hubbard"
  52025010NOPV_PCO_04252025_(24-298502).pdf                in= 6831  out=  7  lat= 0.8s  ans="Dustin Hubbard"
  52025011NOPV_PCO_05022025_(24-305759).pdf                in= 2878  out=  7  lat= 0.7s  ans="Dustin Hubbard"
  52025014NOPV_PCO_05022025_(24-297328).pdf                in= 3073  out=  7  lat= 0.7s  ans="Dustin Hubbard"
  52025023NOPV_PCP PCO_10022025_(25-329886).pdf            in= 5543  out=  7  lat= 1.6s  ans="Dustin Hubbard"
  52025026NOPV_PCO_07292025_(24-297246).pdf                in= 2280  out=  7  lat= 0.7s  ans="Dustin Hubbard"
  52025028NOPV_PCP PCO_11172025_(24-298503).pdf            in= 3619  out=  7  lat= 0.8s  ans="Dustin Hubbard"
  52025033NOPV_PCO_11212025_(24-297332).pdf                in= 3344  out=  7  lat= 0.9s  ans="Dustin Hubbard"
  52025039NOPV_PCO_12082025_(24-296470).pdf                in= 3961  out=  7  lat= 0.8s  ans="Dustin Hubbard"
  52026002NOPV_PCO_01222026_(25-331927).pdf                in= 5923  out=  7  lat= 0.8s  ans="For Dustin Hubbard"

======================================================================
Total calls : 2904
Input tokens: 10,129,208  (~$25.32)
Output tokens:32,476  (~$0.49)
Total latency: 2690s (44.8m)
Labels  : /mnt/data/LSF/data/nopv/all_labels.json
Metadata: /mnt/data/LSF/data/nopv/gen_metadata.json
